programme_id,ref,field,original_url,resolved_url
693,1MD1045Sermon22.01.12,transcript_link,http://printandaudio.org.uk/app/search/resources/type/sermons/from/01-01-2012/to/25-03-2012/time/pm/,http://printandaudio.org.uk/app/search/resources/type/sermons/from/01-01-2012/to/25-03-2012/time/pm/
693,1MD1045Sermon22.01.12,audio_link,http://printandaudio.org.uk/app/search/resources/type/sermons/from/01-01-2012/to/25-03-2012/time/pm/,http://printandaudio.org.uk/app/search/resources/type/sermons/from/01-01-2012/to/25-03-2012/time/pm/
694,1MD1048Sermon29.01.12,transcript_link,http://printandaudio.org.uk/app/search/resources/type/sermons/from/01-01-2012/to/25-03-2012/time/pm/,http://printandaudio.org.uk/app/search/resources/type/sermons/from/01-01-2012/to/25-03-2012/time/pm/
694,1MD1048Sermon29.01.12,audio_link,http://printandaudio.org.uk/app/search/resources/type/sermons/from/01-01-2012/to/25-03-2012/time/pm/,http://printandaudio.org.uk/app/search/resources/type/sermons/from/01-01-2012/to/25-03-2012/time/pm/
700,1MD1052Sermon05.02.12,transcript_link,http://printandaudio.org.uk/app/search/resources/type/sermons/from/01-01-2012/to/25-03-2012/time/pm/,http://printandaudio.org.uk/app/search/resources/type/sermons/from/01-01-2012/to/25-03-2012/time/pm/
700,1MD1052Sermon05.02.12,audio_link,http://printandaudio.org.uk/app/search/resources/type/sermons/from/01-01-2012/to/25-03-2012/time/pm/,http://printandaudio.org.uk/app/search/resources/type/sermons/from/01-01-2012/to/25-03-2012/time/pm/
701,1MD1055Sermon12.02.12,transcript_link,http://printandaudio.org.uk/app/search/resources/type/sermons/from/01-01-2012/to/25-03-2012/time/pm/,http://printandaudio.org.uk/app/search/resources/type/sermons/from/01-01-2012/to/25-03-2012/time/pm/
701,1MD1055Sermon12.02.12,audio_link,http://printandaudio.org.uk/app/search/resources/type/sermons/from/01-01-2012/to/25-03-2012/time/pm/,http://printandaudio.org.uk/app/search/resources/type/sermons/from/01-01-2012/to/25-03-2012/time/pm/
702,1MD1058Sermon19.02.12,transcript_link,http://printandaudio.org.uk/app/search/resources/type/sermons/from/01-01-2012/to/25-03-2012/time/pm/,http://printandaudio.org.uk/app/search/resources/type/sermons/from/01-01-2012/to/25-03-2012/time/pm/
702,1MD1058Sermon19.02.12,audio_link,http://printandaudio.org.uk/app/search/resources/type/sermons/from/01-01-2012/to/25-03-2012/time/pm/,http://printandaudio.org.uk/app/search/resources/type/sermons/from/01-01-2012/to/25-03-2012/time/pm/
705,1MD1061Sermon26.02.12,transcript_link,http://printandaudio.org.uk/app/search/resources/type/sermons/from/01-01-2012/to/25-03-2012/time/pm/,http://printandaudio.org.uk/app/search/resources/type/sermons/from/01-01-2012/to/25-03-2012/time/pm/
705,1MD1061Sermon26.02.12,audio_link,http://printandaudio.org.uk/app/search/resources/type/sermons/from/01-01-2012/to/25-03-2012/time/pm/,http://printandaudio.org.uk/app/search/resources/type/sermons/from/01-01-2012/to/25-03-2012/time/pm/
708,1MD1064Sermon04.03.12,transcript_link,http://printandaudio.org.uk/app/search/resources/type/sermons/from/01-01-2012/to/25-03-2012/time/pm/,http://printandaudio.org.uk/app/search/resources/type/sermons/from/01-01-2012/to/25-03-2012/time/pm/
708,1MD1064Sermon04.03.12,audio_link,http://printandaudio.org.uk/app/search/resources/type/sermons/from/01-01-2012/to/25-03-2012/time/pm/,http://printandaudio.org.uk/app/search/resources/type/sermons/from/01-01-2012/to/25-03-2012/time/pm/
709,1MD1068Sermon11.03.12,transcript_link,http://printandaudio.org.uk/app/search/resources/type/sermons/from/01-01-2012/to/25-03-2012/time/pm/,http://printandaudio.org.uk/app/search/resources/type/sermons/from/01-01-2012/to/25-03-2012/time/pm/
709,1MD1068Sermon11.03.12,audio_link,http://printandaudio.org.uk/app/search/resources/type/sermons/from/01-01-2012/to/25-03-2012/time/pm/,http://printandaudio.org.uk/app/search/resources/type/sermons/from/01-01-2012/to/25-03-2012/time/pm/
714,1MD1071Sermon18.03.12,transcript_link,http://printandaudio.org.uk/app/search/resources/type/sermons/from/01-01-2012/to/25-03-2012/time/pm/,http://printandaudio.org.uk/app/search/resources/type/sermons/from/01-01-2012/to/25-03-2012/time/pm/
714,1MD1071Sermon18.03.12,audio_link,http://printandaudio.org.uk/app/search/resources/type/sermons/from/01-01-2012/to/25-03-2012/time/pm/,http://printandaudio.org.uk/app/search/resources/type/sermons/from/01-01-2012/to/25-03-2012/time/pm/
715,1MD1074Sermon25.03.12,transcript_link,http://printandaudio.org.uk/app/search/resources/type/sermons/from/01-01-2012/to/25-03-2012/time/pm/,http://printandaudio.org.uk/app/search/resources/type/sermons/from/01-01-2012/to/25-03-2012/time/pm/
715,1MD1074Sermon25.03.12,audio_link,http://printandaudio.org.uk/app/search/resources/type/sermons/from/01-01-2012/to/25-03-2012/time/pm/,http://printandaudio.org.uk/app/search/resources/type/sermons/from/01-01-2012/to/25-03-2012/time/pm/
716,1MD1082Sermon08.04.12,transcript_link,http://printandaudio.org.uk/app/search/resources/type/sermons/from/01-04-2012/to/24-06-2012/time/pm/,http://printandaudio.org.uk/app/search/resources/type/sermons/from/01-04-2012/to/24-06-2012/time/pm/
716,1MD1082Sermon08.04.12,audio_link,http://printandaudio.org.uk/app/search/resources/type/sermons/from/01-04-2012/to/24-06-2012/time/pm/,http://printandaudio.org.uk/app/search/resources/type/sermons/from/01-04-2012/to/24-06-2012/time/pm/
719,1MD1079Sermon01.04.12,transcript_link,http://printandaudio.org.uk/app/search/resources/type/sermons/from/01-04-2012/to/24-06-2012/time/pm/,http://printandaudio.org.uk/app/search/resources/type/sermons/from/01-04-2012/to/24-06-2012/time/pm/
719,1MD1079Sermon01.04.12,audio_link,http://printandaudio.org.uk/app/search/resources/type/sermons/from/01-04-2012/to/24-06-2012/time/pm/,http://printandaudio.org.uk/app/search/resources/type/sermons/from/01-04-2012/to/24-06-2012/time/pm/
720,1MD1085Sermon15.04.12,transcript_link,http://printandaudio.org.uk/app/search/resources/type/sermons/from/01-04-2012/to/24-06-2012/time/pm/,http://printandaudio.org.uk/app/search/resources/type/sermons/from/01-04-2012/to/24-06-2012/time/pm/
720,1MD1085Sermon15.04.12,audio_link,http://printandaudio.org.uk/app/search/resources/type/sermons/from/01-04-2012/to/24-06-2012/time/pm/,http://printandaudio.org.uk/app/search/resources/type/sermons/from/01-04-2012/to/24-06-2012/time/pm/
721,1MD1118Sermon22.04.12,transcript_link,http://printandaudio.org.uk/app/search/resources/type/sermons/from/01-04-2012/to/24-06-2012/time/pm/,http://printandaudio.org.uk/app/search/resources/type/sermons/from/01-04-2012/to/24-06-2012/time/pm/
721,1MD1118Sermon22.04.12,audio_link,http://printandaudio.org.uk/app/search/resources/type/sermons/from/01-04-2012/to/24-06-2012/time/pm/,http://printandaudio.org.uk/app/search/resources/type/sermons/from/01-04-2012/to/24-06-2012/time/pm/
724,1MD1121Sermon29.04.12,transcript_link,http://printandaudio.org.uk/app/search/resources/type/sermons/from/01-04-2012/to/24-06-2012/time/pm/,http://printandaudio.org.uk/app/search/resources/type/sermons/from/01-04-2012/to/24-06-2012/time/pm/
724,1MD1121Sermon29.04.12,audio_link,http://printandaudio.org.uk/app/search/resources/type/sermons/from/01-04-2012/to/24-06-2012/time/pm/,http://printandaudio.org.uk/app/search/resources/type/sermons/from/01-04-2012/to/24-06-2012/time/pm/
725,1MD1124Sermon06.05.12,transcript_link,http://printandaudio.org.uk/app/search/resources/type/sermons/from/01-04-2012/to/24-06-2012/time/pm/,http://printandaudio.org.uk/app/search/resources/type/sermons/from/01-04-2012/to/24-06-2012/time/pm/
725,1MD1124Sermon06.05.12,audio_link,http://printandaudio.org.uk/app/search/resources/type/sermons/from/01-04-2012/to/24-06-2012/time/pm/,http://printandaudio.org.uk/app/search/resources/type/sermons/from/01-04-2012/to/24-06-2012/time/pm/
726,1MD1127Sermon13.05.12,transcript_link,http://printandaudio.org.uk/app/search/resources/type/sermons/from/01-04-2012/to/24-06-2012/time/pm/,http://printandaudio.org.uk/app/search/resources/type/sermons/from/01-04-2012/to/24-06-2012/time/pm/
726,1MD1127Sermon13.05.12,audio_link,http://printandaudio.org.uk/app/search/resources/type/sermons/from/01-04-2012/to/24-06-2012/time/pm/,http://printandaudio.org.uk/app/search/resources/type/sermons/from/01-04-2012/to/24-06-2012/time/pm/
730,1MD1130Sermon20.05.12,transcript_link,http://printandaudio.org.uk/app/search/resources/type/sermons/from/01-04-2012/to/24-06-2012/time/pm/,http://printandaudio.org.uk/app/search/resources/type/sermons/from/01-04-2012/to/24-06-2012/time/pm/
730,1MD1130Sermon20.05.12,audio_link,http://printandaudio.org.uk/app/search/resources/type/sermons/from/01-04-2012/to/24-06-2012/time/pm/,http://printandaudio.org.uk/app/search/resources/type/sermons/from/01-04-2012/to/24-06-2012/time/pm/
731,1MD1133Sermon27.05.12,transcript_link,http://printandaudio.org.uk/app/search/resources/type/sermons/from/01-04-2012/to/24-06-2012/time/pm/,http://printandaudio.org.uk/app/search/resources/type/sermons/from/01-04-2012/to/24-06-2012/time/pm/
731,1MD1133Sermon27.05.12,audio_link,http://printandaudio.org.uk/app/search/resources/type/sermons/from/01-04-2012/to/24-06-2012/time/pm/,http://printandaudio.org.uk/app/search/resources/type/sermons/from/01-04-2012/to/24-06-2012/time/pm/
732,1MD1136Sermon03.06.12,transcript_link,http://printandaudio.org.uk/app/search/resources/type/sermons/from/01-04-2012/to/24-06-2012/time/pm/,http://printandaudio.org.uk/app/search/resources/type/sermons/from/01-04-2012/to/24-06-2012/time/pm/
732,1MD1136Sermon03.06.12,audio_link,http://printandaudio.org.uk/app/search/resources/type/sermons/from/01-04-2012/to/24-06-2012/time/pm/,http://printandaudio.org.uk/app/search/resources/type/sermons/from/01-04-2012/to/24-06-2012/time/pm/
733,1MD1139Sermon10.06.12,transcript_link,http://printandaudio.org.uk/app/search/resources/type/sermons/from/01-04-2012/to/24-06-2012/time/pm/,http://printandaudio.org.uk/app/search/resources/type/sermons/from/01-04-2012/to/24-06-2012/time/pm/
733,1MD1139Sermon10.06.12,audio_link,http://printandaudio.org.uk/app/search/resources/type/sermons/from/01-04-2012/to/24-06-2012/time/pm/,http://printandaudio.org.uk/app/search/resources/type/sermons/from/01-04-2012/to/24-06-2012/time/pm/
735,1MD1151Sermon17.06.12,transcript_link,http://printandaudio.org.uk/app/search/resources/type/sermons/from/01-04-2012/to/24-06-2012/time/pm/,http://printandaudio.org.uk/app/search/resources/type/sermons/from/01-04-2012/to/24-06-2012/time/pm/
735,1MD1151Sermon17.06.12,audio_link,http://printandaudio.org.uk/app/search/resources/type/sermons/from/01-04-2012/to/24-06-2012/time/pm/,http://printandaudio.org.uk/app/search/resources/type/sermons/from/01-04-2012/to/24-06-2012/time/pm/
736,1MD1154Sermon24.06.12,transcript_link,http://printandaudio.org.uk/app/search/resources/type/sermons/from/01-04-2012/to/24-06-2012/time/pm/,http://printandaudio.org.uk/app/search/resources/type/sermons/from/01-04-2012/to/24-06-2012/time/pm/
736,1MD1154Sermon24.06.12,audio_link,http://printandaudio.org.uk/app/search/resources/type/sermons/from/01-04-2012/to/24-06-2012/time/pm/,http://printandaudio.org.uk/app/search/resources/type/sermons/from/01-04-2012/to/24-06-2012/time/pm/
737,1MD1157Sermon01.07.12,transcript_link,http://printandaudio.org.uk/app/search/resources/type/sermons/from/01-07-2012/to/30-09-2012/time/pm/,http://printandaudio.org.uk/app/search/resources/type/sermons/from/01-07-2012/to/30-09-2012/time/pm/
737,1MD1157Sermon01.07.12,audio_link,http://printandaudio.org.uk/app/search/resources/type/sermons/from/01-07-2012/to/30-09-2012/time/pm/,http://printandaudio.org.uk/app/search/resources/type/sermons/from/01-07-2012/to/30-09-2012/time/pm/
738,1MD1160Sermon08.07.12,transcript_link,http://printandaudio.org.uk/app/search/resources/type/sermons/from/01-07-2012/to/30-09-2012/time/pm/,http://printandaudio.org.uk/app/search/resources/type/sermons/from/01-07-2012/to/30-09-2012/time/pm/
738,1MD1160Sermon08.07.12,audio_link,http://printandaudio.org.uk/app/search/resources/type/sermons/from/01-07-2012/to/30-09-2012/time/pm/,http://printandaudio.org.uk/app/search/resources/type/sermons/from/01-07-2012/to/30-09-2012/time/pm/
740,1MD1169Sermon15.07.12,transcript_link,http://printandaudio.org.uk/app/search/resources/type/sermons/from/01-07-2012/to/30-09-2012/time/pm/,http://printandaudio.org.uk/app/search/resources/type/sermons/from/01-07-2012/to/30-09-2012/time/pm/
740,1MD1169Sermon15.07.12,audio_link,http://printandaudio.org.uk/app/search/resources/type/sermons/from/01-07-2012/to/30-09-2012/time/pm/,http://printandaudio.org.uk/app/search/resources/type/sermons/from/01-07-2012/to/30-09-2012/time/pm/
745,1MD1187Sermon22.07.12,transcript_link,http://printandaudio.org.uk/app/search/resources/type/sermons/from/01-07-2012/to/30-09-2012/time/pm/,http://printandaudio.org.uk/app/search/resources/type/sermons/from/01-07-2012/to/30-09-2012/time/pm/
745,1MD1187Sermon22.07.12,audio_link,http://printandaudio.org.uk/app/search/resources/type/sermons/from/01-07-2012/to/30-09-2012/time/pm/,http://printandaudio.org.uk/app/search/resources/type/sermons/from/01-07-2012/to/30-09-2012/time/pm/
753,1MD1190Sermon29.07.12,transcript_link,http://printandaudio.org.uk/app/search/resources/type/sermons/from/01-07-2012/to/30-09-2012/time/pm/,http://printandaudio.org.uk/app/search/resources/type/sermons/from/01-07-2012/to/30-09-2012/time/pm/
753,1MD1190Sermon29.07.12,audio_link,http://printandaudio.org.uk/app/search/resources/type/sermons/from/01-07-2012/to/30-09-2012/time/pm/,http://printandaudio.org.uk/app/search/resources/type/sermons/from/01-07-2012/to/30-09-2012/time/pm/
760,1MD196Sermon05.08.12,transcript_link,http://printandaudio.org.uk/app/search/resources/type/sermons/from/01-07-2012/to/30-09-2012/time/pm/,http://printandaudio.org.uk/app/search/resources/type/sermons/from/01-07-2012/to/30-09-2012/time/pm/
760,1MD196Sermon05.08.12,audio_link,http://printandaudio.org.uk/app/search/resources/type/sermons/from/01-07-2012/to/30-09-2012/time/pm/,http://printandaudio.org.uk/app/search/resources/type/sermons/from/01-07-2012/to/30-09-2012/time/pm/
763,1MD1199Sermon12.08.12,transcript_link,http://printandaudio.org.uk/app/search/resources/type/sermons/from/01-07-2012/to/30-09-2012/time/pm/,http://printandaudio.org.uk/app/search/resources/type/sermons/from/01-07-2012/to/30-09-2012/time/pm/
763,1MD1199Sermon12.08.12,audio_link,http://printandaudio.org.uk/app/search/resources/type/sermons/from/01-07-2012/to/30-09-2012/time/pm/,http://printandaudio.org.uk/app/search/resources/type/sermons/from/01-07-2012/to/30-09-2012/time/pm/
769,1MD1202Sermon26.08.12,transcript_link,http://printandaudio.org.uk/app/search/resources/type/sermons/from/01-07-2012/to/30-09-2012/time/pm/,http://printandaudio.org.uk/app/search/resources/type/sermons/from/01-07-2012/to/30-09-2012/time/pm/
769,1MD1202Sermon26.08.12,audio_link,http://printandaudio.org.uk/app/search/resources/type/sermons/from/01-07-2012/to/30-09-2012/time/pm/,http://printandaudio.org.uk/app/search/resources/type/sermons/from/01-07-2012/to/30-09-2012/time/pm/
776,1MD1205flv1000MasterSermon23.09.12,transcript_link,http://printandaudio.org.uk/app/search/resources/type/sermons/from/01-07-2012/to/30-09-2012/time/pm/,http://printandaudio.org.uk/app/search/resources/type/sermons/from/01-07-2012/to/30-09-2012/time/pm/
776,1MD1205flv1000MasterSermon23.09.12,audio_link,http://printandaudio.org.uk/app/search/resources/type/sermons/from/01-07-2012/to/30-09-2012/time/pm/,http://printandaudio.org.uk/app/search/resources/type/sermons/from/01-07-2012/to/30-09-2012/time/pm/
800,1MD1208Sermon30.09.12,transcript_link,http://printandaudio.org.uk/app/search/resources/type/sermons/from/01-07-2012/to/30-09-2012/time/pm/,http://printandaudio.org.uk/app/search/resources/type/sermons/from/01-07-2012/to/30-09-2012/time/pm/
800,1MD1208Sermon30.09.12,audio_link,http://printandaudio.org.uk/app/search/resources/type/sermons/from/01-07-2012/to/30-09-2012/time/pm/,http://printandaudio.org.uk/app/search/resources/type/sermons/from/01-07-2012/to/30-09-2012/time/pm/
806,1MD1211Sermon07.10.12,transcript_link,http://printandaudio.org.uk/app/search/resources/type/sermons/from/07-10-2012/to/30-12-2012/time/pm/,http://printandaudio.org.uk/app/search/resources/type/sermons/from/07-10-2012/to/30-12-2012/time/pm/
806,1MD1211Sermon07.10.12,audio_link,http://printandaudio.org.uk/app/search/resources/type/sermons/from/07-10-2012/to/30-12-2012/time/pm/,http://printandaudio.org.uk/app/search/resources/type/sermons/from/07-10-2012/to/30-12-2012/time/pm/
807,1MD1214Sermon14.10.12,transcript_link,http://printandaudio.org.uk/app/search/resources/type/sermons/from/07-10-2012/to/30-12-2012/time/pm/,http://printandaudio.org.uk/app/search/resources/type/sermons/from/07-10-2012/to/30-12-2012/time/pm/
807,1MD1214Sermon14.10.12,audio_link,http://printandaudio.org.uk/app/search/resources/type/sermons/from/07-10-2012/to/30-12-2012/time/pm/,http://printandaudio.org.uk/app/search/resources/type/sermons/from/07-10-2012/to/30-12-2012/time/pm/
813,1MD1417Sermon28.10.12,transcript_link,http://printandaudio.org.uk/app/search/resources/type/sermons/from/07-10-2012/to/30-12-2012/time/pm/,http://printandaudio.org.uk/app/search/resources/type/sermons/from/07-10-2012/to/30-12-2012/time/pm/
813,1MD1417Sermon28.10.12,audio_link,http://printandaudio.org.uk/app/search/resources/type/sermons/from/07-10-2012/to/30-12-2012/time/pm/,http://printandaudio.org.uk/app/search/resources/type/sermons/from/07-10-2012/to/30-12-2012/time/pm/
819,1MD1421MasterSermon04.11.12,transcript_link,http://printandaudio.org.uk/app/search/resources/type/sermons/from/07-10-2012/to/30-12-2012/time/pm/,http://printandaudio.org.uk/app/search/resources/type/sermons/from/07-10-2012/to/30-12-2012/time/pm/
819,1MD1421MasterSermon04.11.12,audio_link,http://printandaudio.org.uk/app/search/resources/type/sermons/from/07-10-2012/to/30-12-2012/time/pm/,http://printandaudio.org.uk/app/search/resources/type/sermons/from/07-10-2012/to/30-12-2012/time/pm/
820,1MD1422MasterSermon11.11.12,transcript_link,http://printandaudio.org.uk/app/search/resources/type/sermons/from/07-10-2012/to/30-12-2012/time/pm/,http://printandaudio.org.uk/app/search/resources/type/sermons/from/07-10-2012/to/30-12-2012/time/pm/
820,1MD1422MasterSermon11.11.12,audio_link,http://printandaudio.org.uk/app/search/resources/type/sermons/from/07-10-2012/to/30-12-2012/time/pm/,http://printandaudio.org.uk/app/search/resources/type/sermons/from/07-10-2012/to/30-12-2012/time/pm/
825,1MD1425Sermon18.11.12,transcript_link,http://printandaudio.org.uk/app/search/resources/type/sermons/from/07-10-2012/to/30-12-2012/time/pm/,http://printandaudio.org.uk/app/search/resources/type/sermons/from/07-10-2012/to/30-12-2012/time/pm/
825,1MD1425Sermon18.11.12,audio_link,http://printandaudio.org.uk/app/search/resources/type/sermons/from/07-10-2012/to/30-12-2012/time/pm/,http://printandaudio.org.uk/app/search/resources/type/sermons/from/07-10-2012/to/30-12-2012/time/pm/
828,1MD1428Sermon25.11.12,transcript_link,http://printandaudio.org.uk/app/search/resources/type/sermons/from/07-10-2012/to/30-12-2012/time/pm/,http://printandaudio.org.uk/app/search/resources/type/sermons/from/07-10-2012/to/30-12-2012/time/pm/
828,1MD1428Sermon25.11.12,audio_link,http://printandaudio.org.uk/app/search/resources/type/sermons/from/07-10-2012/to/30-12-2012/time/pm/,http://printandaudio.org.uk/app/search/resources/type/sermons/from/07-10-2012/to/30-12-2012/time/pm/
830,"1MD1431flv1000MasterSermon02.12.12,",transcript_link,http://printandaudio.org.uk/app/search/resources/type/sermons/from/07-10-2012/to/30-12-2012/time/pm/,http://printandaudio.org.uk/app/search/resources/type/sermons/from/07-10-2012/to/30-12-2012/time/pm/
830,"1MD1431flv1000MasterSermon02.12.12,",audio_link,http://printandaudio.org.uk/app/search/resources/type/sermons/from/07-10-2012/to/30-12-2012/time/pm/,http://printandaudio.org.uk/app/search/resources/type/sermons/from/07-10-2012/to/30-12-2012/time/pm/
837,1MD1435MasterSermon23.12.12,transcript_link,http://printandaudio.org.uk/app/search/resources/type/sermons/from/07-10-2012/to/30-12-2012/time/pm/,http://printandaudio.org.uk/app/search/resources/type/sermons/from/07-10-2012/to/30-12-2012/time/pm/
837,1MD1435MasterSermon23.12.12,audio_link,http://printandaudio.org.uk/app/search/resources/type/sermons/from/07-10-2012/to/30-12-2012/time/pm/,http://printandaudio.org.uk/app/search/resources/type/sermons/from/07-10-2012/to/30-12-2012/time/pm/
838,1MD1437Sermon30.12.12 ,transcript_link,http://printandaudio.org.uk/app/search/resources/type/sermons/from/07-10-2012/to/30-12-2012/time/pm/,http://printandaudio.org.uk/app/search/resources/type/sermons/from/07-10-2012/to/30-12-2012/time/pm/
838,1MD1437Sermon30.12.12 ,audio_link,http://printandaudio.org.uk/app/search/resources/type/sermons/from/07-10-2012/to/30-12-2012/time/pm/,http://printandaudio.org.uk/app/search/resources/type/sermons/from/07-10-2012/to/30-12-2012/time/pm/
840,1MD1441Sermon06.01.13,transcript_link,http://printandaudio.org.uk/app/search/resources/type/sermons/from/06-01-2013/to/31-03-2013/time/pm/,http://printandaudio.org.uk/app/search/resources/type/sermons/from/06-01-2013/to/31-03-2013/time/pm/
840,1MD1441Sermon06.01.13,audio_link,http://printandaudio.org.uk/app/search/resources/type/sermons/from/06-01-2013/to/31-03-2013/time/pm/,http://printandaudio.org.uk/app/search/resources/type/sermons/from/06-01-2013/to/31-03-2013/time/pm/
843,1MD1444flv1000MasterSermon13.01.13,transcript_link,http://printandaudio.org.uk/app/search/resources/type/sermons/from/06-01-2013/to/31-03-2013/time/pm/,http://printandaudio.org.uk/app/search/resources/type/sermons/from/06-01-2013/to/31-03-2013/time/pm/
843,1MD1444flv1000MasterSermon13.01.13,audio_link,http://printandaudio.org.uk/app/search/resources/type/sermons/from/06-01-2013/to/31-03-2013/time/pm/,http://printandaudio.org.uk/app/search/resources/type/sermons/from/06-01-2013/to/31-03-2013/time/pm/
846,1MD1447Sermon20.01.13,transcript_link,http://printandaudio.org.uk/app/search/resources/type/sermons/from/06-01-2013/to/31-03-2013/time/pm/,http://printandaudio.org.uk/app/search/resources/type/sermons/from/06-01-2013/to/31-03-2013/time/pm/
846,1MD1447Sermon20.01.13,audio_link,http://printandaudio.org.uk/app/search/resources/type/sermons/from/06-01-2013/to/31-03-2013/time/pm/,http://printandaudio.org.uk/app/search/resources/type/sermons/from/06-01-2013/to/31-03-2013/time/pm/
847,1MD1450flv1000MasterSermon27.01.13,transcript_link,http://printandaudio.org.uk/app/search/resources/type/sermons/from/06-01-2013/to/31-03-2013/time/pm/,http://printandaudio.org.uk/app/search/resources/type/sermons/from/06-01-2013/to/31-03-2013/time/pm/
847,1MD1450flv1000MasterSermon27.01.13,audio_link,http://printandaudio.org.uk/app/search/resources/type/sermons/from/06-01-2013/to/31-03-2013/time/pm/,http://printandaudio.org.uk/app/search/resources/type/sermons/from/06-01-2013/to/31-03-2013/time/pm/
850,1MD1467flv1000MasterSermon03.02.13,transcript_link,http://printandaudio.org.uk/app/search/resources/type/sermons/from/06-01-2013/to/31-03-2013/time/pm/,http://printandaudio.org.uk/app/search/resources/type/sermons/from/06-01-2013/to/31-03-2013/time/pm/
850,1MD1467flv1000MasterSermon03.02.13,audio_link,http://printandaudio.org.uk/app/search/resources/type/sermons/from/06-01-2013/to/31-03-2013/time/pm/,http://printandaudio.org.uk/app/search/resources/type/sermons/from/06-01-2013/to/31-03-2013/time/pm/
853,1MD1470Sermon10.02.13,transcript_link,http://printandaudio.org.uk/app/search/resources/type/sermons/from/06-01-2013/to/31-03-2013/time/pm/,http://printandaudio.org.uk/app/search/resources/type/sermons/from/06-01-2013/to/31-03-2013/time/pm/
853,1MD1470Sermon10.02.13,audio_link,http://printandaudio.org.uk/app/search/resources/type/sermons/from/06-01-2013/to/31-03-2013/time/pm/,http://printandaudio.org.uk/app/search/resources/type/sermons/from/06-01-2013/to/31-03-2013/time/pm/
856,1MD1473Sermon17.02.13,transcript_link,http://printandaudio.org.uk/app/search/resources/type/sermons/from/06-01-2013/to/31-03-2013/time/pm/,http://printandaudio.org.uk/app/search/resources/type/sermons/from/06-01-2013/to/31-03-2013/time/pm/
856,1MD1473Sermon17.02.13,audio_link,http://printandaudio.org.uk/app/search/resources/type/sermons/from/06-01-2013/to/31-03-2013/time/pm/,http://printandaudio.org.uk/app/search/resources/type/sermons/from/06-01-2013/to/31-03-2013/time/pm/
859,1MD1476Sermon24.02.13,transcript_link,http://printandaudio.org.uk/app/search/resources/type/sermons/from/06-01-2013/to/31-03-2013/time/pm/,http://printandaudio.org.uk/app/search/resources/type/sermons/from/06-01-2013/to/31-03-2013/time/pm/
859,1MD1476Sermon24.02.13,audio_link,http://printandaudio.org.uk/app/search/resources/type/sermons/from/06-01-2013/to/31-03-2013/time/pm/,http://printandaudio.org.uk/app/search/resources/type/sermons/from/06-01-2013/to/31-03-2013/time/pm/
862,1MD1479flv1000MasterSermon03.03.13,transcript_link,http://printandaudio.org.uk/app/search/resources/type/sermons/from/06-01-2013/to/31-03-2013/time/pm/,http://printandaudio.org.uk/app/search/resources/type/sermons/from/06-01-2013/to/31-03-2013/time/pm/
862,1MD1479flv1000MasterSermon03.03.13,audio_link,http://printandaudio.org.uk/app/search/resources/type/sermons/from/06-01-2013/to/31-03-2013/time/pm/,http://printandaudio.org.uk/app/search/resources/type/sermons/from/06-01-2013/to/31-03-2013/time/pm/
865,1MD1482flv1000MasterSermon10.03.13,transcript_link,http://printandaudio.org.uk/app/search/resources/type/sermons/from/06-01-2013/to/31-03-2013/time/pm/,http://printandaudio.org.uk/app/search/resources/type/sermons/from/06-01-2013/to/31-03-2013/time/pm/
865,1MD1482flv1000MasterSermon10.03.13,audio_link,http://printandaudio.org.uk/app/search/resources/type/sermons/from/06-01-2013/to/31-03-2013/time/pm/,http://printandaudio.org.uk/app/search/resources/type/sermons/from/06-01-2013/to/31-03-2013/time/pm/
868,1MD1485Sermon17.03.13,transcript_link,http://printandaudio.org.uk/app/search/resources/type/sermons/from/06-01-2013/to/31-03-2013/time/pm/,http://printandaudio.org.uk/app/search/resources/type/sermons/from/06-01-2013/to/31-03-2013/time/pm/
868,1MD1485Sermon17.03.13,audio_link,http://printandaudio.org.uk/app/search/resources/type/sermons/from/06-01-2013/to/31-03-2013/time/pm/,http://printandaudio.org.uk/app/search/resources/type/sermons/from/06-01-2013/to/31-03-2013/time/pm/
871,1MD1488Sermon24.03.13,transcript_link,http://printandaudio.org.uk/app/search/resources/type/sermons/from/06-01-2013/to/31-03-2013/time/pm/,http://printandaudio.org.uk/app/search/resources/type/sermons/from/06-01-2013/to/31-03-2013/time/pm/
871,1MD1488Sermon24.03.13,audio_link,http://printandaudio.org.uk/app/search/resources/type/sermons/from/06-01-2013/to/31-03-2013/time/pm/,http://printandaudio.org.uk/app/search/resources/type/sermons/from/06-01-2013/to/31-03-2013/time/pm/
876,MD1491Sermon31.03.13,transcript_link,http://printandaudio.org.uk/app/search/resources/type/sermons/from/06-01-2013/to/31-03-2013/time/pm/,http://printandaudio.org.uk/app/search/resources/type/sermons/from/06-01-2013/to/31-03-2013/time/pm/
876,MD1491Sermon31.03.13,audio_link,http://printandaudio.org.uk/app/search/resources/type/sermons/from/06-01-2013/to/31-03-2013/time/pm/,http://printandaudio.org.uk/app/search/resources/type/sermons/from/06-01-2013/to/31-03-2013/time/pm/
879,1MD1494flv1000MasterSermon14.04.13(2),transcript_link,http://printandaudio.org.uk/app/search/resources/type/sermons/from/14-04-2013/to/30-06-2013/time/pm/,http://printandaudio.org.uk/app/search/resources/type/sermons/from/14-04-2013/to/30-06-2013/time/pm/
879,1MD1494flv1000MasterSermon14.04.13(2),audio_link,http://printandaudio.org.uk/app/search/resources/type/sermons/from/14-04-2013/to/30-06-2013/time/pm/,http://printandaudio.org.uk/app/search/resources/type/sermons/from/14-04-2013/to/30-06-2013/time/pm/
882,1MD1497flv1000MasterSermon21.04.13,transcript_link,http://printandaudio.org.uk/app/search/resources/type/sermons/from/14-04-2013/to/30-06-2013/time/pm/,http://printandaudio.org.uk/app/search/resources/type/sermons/from/14-04-2013/to/30-06-2013/time/pm/
882,1MD1497flv1000MasterSermon21.04.13,audio_link,http://printandaudio.org.uk/app/search/resources/type/sermons/from/14-04-2013/to/30-06-2013/time/pm/,http://printandaudio.org.uk/app/search/resources/type/sermons/from/14-04-2013/to/30-06-2013/time/pm/
885,1MD1500flv1000MasterSermon28.04.13,transcript_link,http://printandaudio.org.uk/app/search/resources/type/sermons/from/14-04-2013/to/30-06-2013/time/pm/,http://printandaudio.org.uk/app/search/resources/type/sermons/from/14-04-2013/to/30-06-2013/time/pm/
885,1MD1500flv1000MasterSermon28.04.13,audio_link,http://printandaudio.org.uk/app/search/resources/type/sermons/from/14-04-2013/to/30-06-2013/time/pm/,http://printandaudio.org.uk/app/search/resources/type/sermons/from/14-04-2013/to/30-06-2013/time/pm/
888,1MD1503flv1000MasterSermon05.05.13,transcript_link,http://printandaudio.org.uk/app/search/resources/type/sermons/from/14-04-2013/to/30-06-2013/time/pm/,http://printandaudio.org.uk/app/search/resources/type/sermons/from/14-04-2013/to/30-06-2013/time/pm/
888,1MD1503flv1000MasterSermon05.05.13,audio_link,http://printandaudio.org.uk/app/search/resources/type/sermons/from/14-04-2013/to/30-06-2013/time/pm/,http://printandaudio.org.uk/app/search/resources/type/sermons/from/14-04-2013/to/30-06-2013/time/pm/
891,1MD1506flv1000MasterSermon12.05.13,transcript_link,http://printandaudio.org.uk/app/search/resources/type/sermons/from/14-04-2013/to/30-06-2013/time/pm/,http://printandaudio.org.uk/app/search/resources/type/sermons/from/14-04-2013/to/30-06-2013/time/pm/
891,1MD1506flv1000MasterSermon12.05.13,audio_link,http://printandaudio.org.uk/app/search/resources/type/sermons/from/14-04-2013/to/30-06-2013/time/pm/,http://printandaudio.org.uk/app/search/resources/type/sermons/from/14-04-2013/to/30-06-2013/time/pm/
894,1MD1509flv1000MasterSermon19.05.13,transcript_link,http://printandaudio.org.uk/app/search/resources/type/sermons/from/14-04-2013/to/30-06-2013/time/pm/,http://printandaudio.org.uk/app/search/resources/type/sermons/from/14-04-2013/to/30-06-2013/time/pm/
894,1MD1509flv1000MasterSermon19.05.13,audio_link,http://printandaudio.org.uk/app/search/resources/type/sermons/from/14-04-2013/to/30-06-2013/time/pm/,http://printandaudio.org.uk/app/search/resources/type/sermons/from/14-04-2013/to/30-06-2013/time/pm/
899,1MD1513flv1000MasterSermon26.05.13,transcript_link,http://printandaudio.org.uk/app/search/resources/type/sermons/from/14-04-2013/to/30-06-2013/time/pm/,http://printandaudio.org.uk/app/search/resources/type/sermons/from/14-04-2013/to/30-06-2013/time/pm/
899,1MD1513flv1000MasterSermon26.05.13,audio_link,http://printandaudio.org.uk/app/search/resources/type/sermons/from/14-04-2013/to/30-06-2013/time/pm/,http://printandaudio.org.uk/app/search/resources/type/sermons/from/14-04-2013/to/30-06-2013/time/pm/
902,1MD1516flv1000MasterSermon02.06.13,transcript_link,http://printandaudio.org.uk/app/search/resources/type/sermons/from/14-04-2013/to/30-06-2013/time/pm/,http://printandaudio.org.uk/app/search/resources/type/sermons/from/14-04-2013/to/30-06-2013/time/pm/
902,1MD1516flv1000MasterSermon02.06.13,audio_link,http://printandaudio.org.uk/app/search/resources/type/sermons/from/14-04-2013/to/30-06-2013/time/pm/,http://printandaudio.org.uk/app/search/resources/type/sermons/from/14-04-2013/to/30-06-2013/time/pm/
903,1MD1519Sermon09.06.13,transcript_link,http://printandaudio.org.uk/app/search/resources/type/sermons/from/14-04-2013/to/30-06-2013/time/pm/,http://printandaudio.org.uk/app/search/resources/type/sermons/from/14-04-2013/to/30-06-2013/time/pm/
903,1MD1519Sermon09.06.13,audio_link,http://printandaudio.org.uk/app/search/resources/type/sermons/from/14-04-2013/to/30-06-2013/time/pm/,http://printandaudio.org.uk/app/search/resources/type/sermons/from/14-04-2013/to/30-06-2013/time/pm/
908,1MD1522flv1000MasterSermon16.06.13,transcript_link,http://printandaudio.org.uk/app/search/resources/type/sermons/from/14-04-2013/to/30-06-2013/time/pm/,http://printandaudio.org.uk/app/search/resources/type/sermons/from/14-04-2013/to/30-06-2013/time/pm/
908,1MD1522flv1000MasterSermon16.06.13,audio_link,http://printandaudio.org.uk/app/search/resources/type/sermons/from/14-04-2013/to/30-06-2013/time/pm/,http://printandaudio.org.uk/app/search/resources/type/sermons/from/14-04-2013/to/30-06-2013/time/pm/
909,1MD1525flv1000MasterSermon23.06.13,transcript_link,http://printandaudio.org.uk/app/search/resources/type/sermons/from/14-04-2013/to/30-06-2013/time/pm/,http://printandaudio.org.uk/app/search/resources/type/sermons/from/14-04-2013/to/30-06-2013/time/pm/
909,1MD1525flv1000MasterSermon23.06.13,audio_link,http://printandaudio.org.uk/app/search/resources/type/sermons/from/14-04-2013/to/30-06-2013/time/pm/,http://printandaudio.org.uk/app/search/resources/type/sermons/from/14-04-2013/to/30-06-2013/time/pm/
912,1MD1528Sermon30.06.13,transcript_link,http://printandaudio.org.uk/app/search/resources/type/sermons/from/14-04-2013/to/30-06-2013/time/pm/,http://printandaudio.org.uk/app/search/resources/type/sermons/from/14-04-2013/to/30-06-2013/time/pm/
912,1MD1528Sermon30.06.13,audio_link,http://printandaudio.org.uk/app/search/resources/type/sermons/from/14-04-2013/to/30-06-2013/time/pm/,http://printandaudio.org.uk/app/search/resources/type/sermons/from/14-04-2013/to/30-06-2013/time/pm/
915,1MD1531MasterSermon07.07.13,transcript_link,http://printandaudio.org.uk/app/search/resources/type/sermons/from/07-07-2013/to/29-09-2013/time/pm/,http://printandaudio.org.uk/app/search/resources/type/sermons/from/07-07-2013/to/29-09-2013/time/pm/
915,1MD1531MasterSermon07.07.13,audio_link,http://printandaudio.org.uk/app/search/resources/type/sermons/from/07-07-2013/to/29-09-2013/time/pm/,http://printandaudio.org.uk/app/search/resources/type/sermons/from/07-07-2013/to/29-09-2013/time/pm/
919,1MD1534MasterSermon14.07.13,transcript_link,http://printandaudio.org.uk/app/search/resources/type/sermons/from/07-07-2013/to/29-09-2013/time/pm/,http://printandaudio.org.uk/app/search/resources/type/sermons/from/07-07-2013/to/29-09-2013/time/pm/
919,1MD1534MasterSermon14.07.13,audio_link,http://printandaudio.org.uk/app/search/resources/type/sermons/from/07-07-2013/to/29-09-2013/time/pm/,http://printandaudio.org.uk/app/search/resources/type/sermons/from/07-07-2013/to/29-09-2013/time/pm/
929,1MD1555MasterSermon21.07.13,transcript_link,http://printandaudio.org.uk/app/search/resources/type/sermons/from/07-07-2013/to/29-09-2013/time/pm/,http://printandaudio.org.uk/app/search/resources/type/sermons/from/07-07-2013/to/29-09-2013/time/pm/
929,1MD1555MasterSermon21.07.13,audio_link,http://printandaudio.org.uk/app/search/resources/type/sermons/from/07-07-2013/to/29-09-2013/time/pm/,http://printandaudio.org.uk/app/search/resources/type/sermons/from/07-07-2013/to/29-09-2013/time/pm/
932,1MD1556MasterSermon28.07.13,transcript_link,http://printandaudio.org.uk/app/search/resources/type/sermons/from/07-07-2013/to/29-09-2013/time/pm/,http://printandaudio.org.uk/app/search/resources/type/sermons/from/07-07-2013/to/29-09-2013/time/pm/
932,1MD1556MasterSermon28.07.13,audio_link,http://printandaudio.org.uk/app/search/resources/type/sermons/from/07-07-2013/to/29-09-2013/time/pm/,http://printandaudio.org.uk/app/search/resources/type/sermons/from/07-07-2013/to/29-09-2013/time/pm/
939,1MD1561Sermon04.08.13,transcript_link,http://printandaudio.org.uk/app/search/resources/type/sermons/from/07-07-2013/to/29-09-2013/time/pm/,http://printandaudio.org.uk/app/search/resources/type/sermons/from/07-07-2013/to/29-09-2013/time/pm/
939,1MD1561Sermon04.08.13,audio_link,http://printandaudio.org.uk/app/search/resources/type/sermons/from/07-07-2013/to/29-09-2013/time/pm/,http://printandaudio.org.uk/app/search/resources/type/sermons/from/07-07-2013/to/29-09-2013/time/pm/
945,1MD1564Sermon11.08.13,transcript_link,http://printandaudio.org.uk/app/search/resources/type/sermons/from/07-07-2013/to/29-09-2013/time/pm/,http://printandaudio.org.uk/app/search/resources/type/sermons/from/07-07-2013/to/29-09-2013/time/pm/
945,1MD1564Sermon11.08.13,audio_link,http://printandaudio.org.uk/app/search/resources/type/sermons/from/07-07-2013/to/29-09-2013/time/pm/,http://printandaudio.org.uk/app/search/resources/type/sermons/from/07-07-2013/to/29-09-2013/time/pm/
948,1MD1567Sermon18.08.13,transcript_link,http://printandaudio.org.uk/app/search/resources/type/sermons/from/07-07-2013/to/29-09-2013/time/pm/,http://printandaudio.org.uk/app/search/resources/type/sermons/from/07-07-2013/to/29-09-2013/time/pm/
948,1MD1567Sermon18.08.13,audio_link,http://printandaudio.org.uk/app/search/resources/type/sermons/from/07-07-2013/to/29-09-2013/time/pm/,http://printandaudio.org.uk/app/search/resources/type/sermons/from/07-07-2013/to/29-09-2013/time/pm/
952,1MD1570Sermon25.08.13,transcript_link,http://printandaudio.org.uk/app/search/resources/type/sermons/from/07-07-2013/to/29-09-2013/time/pm/,http://printandaudio.org.uk/app/search/resources/type/sermons/from/07-07-2013/to/29-09-2013/time/pm/
952,1MD1570Sermon25.08.13,audio_link,http://printandaudio.org.uk/app/search/resources/type/sermons/from/07-07-2013/to/29-09-2013/time/pm/,http://printandaudio.org.uk/app/search/resources/type/sermons/from/07-07-2013/to/29-09-2013/time/pm/
955,1MD1573Sermon01.09.13,transcript_link,http://printandaudio.org.uk/app/search/resources/type/sermons/from/07-07-2013/to/29-09-2013/time/pm/,http://printandaudio.org.uk/app/search/resources/type/sermons/from/07-07-2013/to/29-09-2013/time/pm/
955,1MD1573Sermon01.09.13,audio_link,http://printandaudio.org.uk/app/search/resources/type/sermons/from/07-07-2013/to/29-09-2013/time/pm/,http://printandaudio.org.uk/app/search/resources/type/sermons/from/07-07-2013/to/29-09-2013/time/pm/
961,1MD1576Sermon08.09.13,transcript_link,http://printandaudio.org.uk/app/search/resources/type/sermons/from/07-07-2013/to/29-09-2013/time/pm/,http://printandaudio.org.uk/app/search/resources/type/sermons/from/07-07-2013/to/29-09-2013/time/pm/
961,1MD1576Sermon08.09.13,audio_link,http://printandaudio.org.uk/app/search/resources/type/sermons/from/07-07-2013/to/29-09-2013/time/pm/,http://printandaudio.org.uk/app/search/resources/type/sermons/from/07-07-2013/to/29-09-2013/time/pm/
964,1MD1579Sermon15.09.13,transcript_link,http://printandaudio.org.uk/app/search/resources/type/sermons/from/07-07-2013/to/29-09-2013/time/pm/,http://printandaudio.org.uk/app/search/resources/type/sermons/from/07-07-2013/to/29-09-2013/time/pm/
964,1MD1579Sermon15.09.13,audio_link,http://printandaudio.org.uk/app/search/resources/type/sermons/from/07-07-2013/to/29-09-2013/time/pm/,http://printandaudio.org.uk/app/search/resources/type/sermons/from/07-07-2013/to/29-09-2013/time/pm/
967,1MD1581Sermon22.09.13,transcript_link,http://printandaudio.org.uk/app/search/resources/type/sermons/from/07-07-2013/to/29-09-2013/time/pm/,http://printandaudio.org.uk/app/search/resources/type/sermons/from/07-07-2013/to/29-09-2013/time/pm/
967,1MD1581Sermon22.09.13,audio_link,http://printandaudio.org.uk/app/search/resources/type/sermons/from/07-07-2013/to/29-09-2013/time/pm/,http://printandaudio.org.uk/app/search/resources/type/sermons/from/07-07-2013/to/29-09-2013/time/pm/
968,1MD1582Sermon29.09.13,transcript_link,http://printandaudio.org.uk/app/search/resources/type/sermons/from/07-07-2013/to/29-09-2013/time/pm/,http://printandaudio.org.uk/app/search/resources/type/sermons/from/07-07-2013/to/29-09-2013/time/pm/
968,1MD1582Sermon29.09.13,audio_link,http://printandaudio.org.uk/app/search/resources/type/sermons/from/07-07-2013/to/29-09-2013/time/pm/,http://printandaudio.org.uk/app/search/resources/type/sermons/from/07-07-2013/to/29-09-2013/time/pm/
971,1MD1585Sermon06.10.13,transcript_link,http://printandaudio.org.uk/app/search/resources/type/sermons/from/06-10-2013/to/29-12-2013/time/pm/,http://printandaudio.org.uk/app/search/resources/type/sermons/from/06-10-2013/to/29-12-2013/time/pm/
971,1MD1585Sermon06.10.13,audio_link,http://printandaudio.org.uk/app/search/resources/type/sermons/from/06-10-2013/to/29-12-2013/time/pm/,http://printandaudio.org.uk/app/search/resources/type/sermons/from/06-10-2013/to/29-12-2013/time/pm/
974,1MD1587mp41000MasterSermon13.10.13,transcript_link,http://printandaudio.org.uk/app/search/resources/type/sermons/from/06-10-2013/to/29-12-2013/time/pm/,http://printandaudio.org.uk/app/search/resources/type/sermons/from/06-10-2013/to/29-12-2013/time/pm/
974,1MD1587mp41000MasterSermon13.10.13,audio_link,http://printandaudio.org.uk/app/search/resources/type/sermons/from/06-10-2013/to/29-12-2013/time/pm/,http://printandaudio.org.uk/app/search/resources/type/sermons/from/06-10-2013/to/29-12-2013/time/pm/
977,1MD1591Sermon20.10.13,transcript_link,http://printandaudio.org.uk/app/search/resources/type/sermons/from/06-10-2013/to/29-12-2013/time/pm/,http://printandaudio.org.uk/app/search/resources/type/sermons/from/06-10-2013/to/29-12-2013/time/pm/
977,1MD1591Sermon20.10.13,audio_link,http://printandaudio.org.uk/app/search/resources/type/sermons/from/06-10-2013/to/29-12-2013/time/pm/,http://printandaudio.org.uk/app/search/resources/type/sermons/from/06-10-2013/to/29-12-2013/time/pm/
980,1MD1593mp41000MasterSermon27.10.13,transcript_link,http://printandaudio.org.uk/app/search/resources/type/sermons/from/06-10-2013/to/29-12-2013/time/pm/,http://printandaudio.org.uk/app/search/resources/type/sermons/from/06-10-2013/to/29-12-2013/time/pm/
980,1MD1593mp41000MasterSermon27.10.13,audio_link,http://printandaudio.org.uk/app/search/resources/type/sermons/from/06-10-2013/to/29-12-2013/time/pm/,http://printandaudio.org.uk/app/search/resources/type/sermons/from/06-10-2013/to/29-12-2013/time/pm/
993,1MD1613mp41000MasterSermon03.11.13,transcript_link,http://printandaudio.org.uk/app/search/resources/type/sermons/from/06-10-2013/to/29-12-2013/time/pm/,http://printandaudio.org.uk/app/search/resources/type/sermons/from/06-10-2013/to/29-12-2013/time/pm/
993,1MD1613mp41000MasterSermon03.11.13,audio_link,http://printandaudio.org.uk/app/search/resources/type/sermons/from/06-10-2013/to/29-12-2013/time/pm/,http://printandaudio.org.uk/app/search/resources/type/sermons/from/06-10-2013/to/29-12-2013/time/pm/
997,1MD1615mp41000MasterSermon10.11.13,transcript_link,http://printandaudio.org.uk/app/search/resources/type/sermons/from/06-10-2013/to/29-12-2013/time/pm/,http://printandaudio.org.uk/app/search/resources/type/sermons/from/06-10-2013/to/29-12-2013/time/pm/
997,1MD1615mp41000MasterSermon10.11.13,audio_link,http://printandaudio.org.uk/app/search/resources/type/sermons/from/06-10-2013/to/29-12-2013/time/pm/,http://printandaudio.org.uk/app/search/resources/type/sermons/from/06-10-2013/to/29-12-2013/time/pm/
998,1MD1621mp41000MasterSermon17.11.13,transcript_link,http://printandaudio.org.uk/app/search/resources/type/sermons/from/06-10-2013/to/29-12-2013/time/pm/,http://printandaudio.org.uk/app/search/resources/type/sermons/from/06-10-2013/to/29-12-2013/time/pm/
998,1MD1621mp41000MasterSermon17.11.13,audio_link,http://printandaudio.org.uk/app/search/resources/type/sermons/from/06-10-2013/to/29-12-2013/time/pm/,http://printandaudio.org.uk/app/search/resources/type/sermons/from/06-10-2013/to/29-12-2013/time/pm/
1009,1MD1656mp41000MasterGSermon011213,transcript_link,http://printandaudio.org.uk/app/search/resources/type/sermons/from/06-10-2013/to/29-12-2013/time/pm/,http://printandaudio.org.uk/app/search/resources/type/sermons/from/06-10-2013/to/29-12-2013/time/pm/
1009,1MD1656mp41000MasterGSermon011213,audio_link,http://printandaudio.org.uk/app/search/resources/type/sermons/from/06-10-2013/to/29-12-2013/time/pm/,http://printandaudio.org.uk/app/search/resources/type/sermons/from/06-10-2013/to/29-12-2013/time/pm/
1020,1MD1669Sermon29.12.13,transcript_link,http://printandaudio.org.uk/app/search/resources/type/sermons/from/06-10-2013/to/29-12-2013/time/pm/,http://printandaudio.org.uk/app/search/resources/type/sermons/from/06-10-2013/to/29-12-2013/time/pm/
1020,1MD1669Sermon29.12.13,audio_link,http://printandaudio.org.uk/app/search/resources/type/sermons/from/06-10-2013/to/29-12-2013/time/pm/,http://printandaudio.org.uk/app/search/resources/type/sermons/from/06-10-2013/to/29-12-2013/time/pm/
1021,1MD1668Sermon22.12.13,transcript_link,http://printandaudio.org.uk/app/search/resources/type/sermons/from/06-10-2013/to/29-12-2013/time/pm/,http://printandaudio.org.uk/app/search/resources/type/sermons/from/06-10-2013/to/29-12-2013/time/pm/
1021,1MD1668Sermon22.12.13,audio_link,http://printandaudio.org.uk/app/search/resources/type/sermons/from/06-10-2013/to/29-12-2013/time/pm/,http://printandaudio.org.uk/app/search/resources/type/sermons/from/06-10-2013/to/29-12-2013/time/pm/
1024,1MD1674Sermon12.01.14,transcript_link,http://printandaudio.org.uk/app/search/resources/type/sermons/from/12-01-2014/to/30-03-2014/time/pm/,http://printandaudio.org.uk/app/search/resources/type/sermons/from/12-01-2014/to/30-03-2014/time/pm/
1024,1MD1674Sermon12.01.14,audio_link,http://printandaudio.org.uk/app/search/resources/type/sermons/from/12-01-2014/to/30-03-2014/time/pm/,http://printandaudio.org.uk/app/search/resources/type/sermons/from/12-01-2014/to/30-03-2014/time/pm/
1030,1MD1777Sermon19.01.14,transcript_link,http://printandaudio.org.uk/app/search/resources/type/sermons/from/12-01-2014/to/30-03-2014/time/pm/,http://printandaudio.org.uk/app/search/resources/type/sermons/from/12-01-2014/to/30-03-2014/time/pm/
1030,1MD1777Sermon19.01.14,audio_link,http://printandaudio.org.uk/app/search/resources/type/sermons/from/12-01-2014/to/30-03-2014/time/pm/,http://printandaudio.org.uk/app/search/resources/type/sermons/from/12-01-2014/to/30-03-2014/time/pm/
1033,1MD1781Sermon26.01.14,transcript_link,http://printandaudio.org.uk/app/search/resources/type/sermons/from/12-01-2014/to/30-03-2014/time/pm/,http://printandaudio.org.uk/app/search/resources/type/sermons/from/12-01-2014/to/30-03-2014/time/pm/
1033,1MD1781Sermon26.01.14,audio_link,http://printandaudio.org.uk/app/search/resources/type/sermons/from/12-01-2014/to/30-03-2014/time/pm/,http://printandaudio.org.uk/app/search/resources/type/sermons/from/12-01-2014/to/30-03-2014/time/pm/
1045,1MD1799Sermon02.02.14,transcript_link,http://printandaudio.org.uk/app/search/resources/type/sermons/from/12-01-2014/to/30-03-2014/time/pm/,http://printandaudio.org.uk/app/search/resources/type/sermons/from/12-01-2014/to/30-03-2014/time/pm/
1045,1MD1799Sermon02.02.14,audio_link,http://printandaudio.org.uk/app/search/resources/type/sermons/from/12-01-2014/to/30-03-2014/time/pm/,http://printandaudio.org.uk/app/search/resources/type/sermons/from/12-01-2014/to/30-03-2014/time/pm/
1046,1MD1802Sermon09.02.14,transcript_link,http://printandaudio.org.uk/app/search/resources/type/sermons/from/12-01-2014/to/30-03-2014/time/pm/,http://printandaudio.org.uk/app/search/resources/type/sermons/from/12-01-2014/to/30-03-2014/time/pm/
1046,1MD1802Sermon09.02.14,audio_link,http://printandaudio.org.uk/app/search/resources/type/sermons/from/12-01-2014/to/30-03-2014/time/pm/,http://printandaudio.org.uk/app/search/resources/type/sermons/from/12-01-2014/to/30-03-2014/time/pm/
1057,1MD1827Sermon16.02.14,transcript_link,http://printandaudio.org.uk/app/search/resources/type/sermons/from/12-01-2014/to/30-03-2014/time/pm/,http://printandaudio.org.uk/app/search/resources/type/sermons/from/12-01-2014/to/30-03-2014/time/pm/
1057,1MD1827Sermon16.02.14,audio_link,http://printandaudio.org.uk/app/search/resources/type/sermons/from/12-01-2014/to/30-03-2014/time/pm/,http://printandaudio.org.uk/app/search/resources/type/sermons/from/12-01-2014/to/30-03-2014/time/pm/
1066,1MD1831Sermon23.02.14 ,transcript_link,http://printandaudio.org.uk/app/search/resources/type/sermons/from/12-01-2014/to/30-03-2014/time/pm/,http://printandaudio.org.uk/app/search/resources/type/sermons/from/12-01-2014/to/30-03-2014/time/pm/
1066,1MD1831Sermon23.02.14 ,audio_link,http://printandaudio.org.uk/app/search/resources/type/sermons/from/12-01-2014/to/30-03-2014/time/pm/,http://printandaudio.org.uk/app/search/resources/type/sermons/from/12-01-2014/to/30-03-2014/time/pm/
1071,1MD1851Sermon09.03.14,transcript_link,http://printandaudio.org.uk/app/search/resources/type/sermons/from/12-01-2014/to/30-03-2014/time/pm/,http://printandaudio.org.uk/app/search/resources/type/sermons/from/12-01-2014/to/30-03-2014/time/pm/
1071,1MD1851Sermon09.03.14,audio_link,http://printandaudio.org.uk/app/search/resources/type/sermons/from/12-01-2014/to/30-03-2014/time/pm/,http://printandaudio.org.uk/app/search/resources/type/sermons/from/12-01-2014/to/30-03-2014/time/pm/
1074,1MD1854Sermon16.03.14,transcript_link,http://printandaudio.org.uk/app/search/resources/type/sermons/from/12-01-2014/to/30-03-2014/time/pm/,http://printandaudio.org.uk/app/search/resources/type/sermons/from/12-01-2014/to/30-03-2014/time/pm/
1074,1MD1854Sermon16.03.14,audio_link,http://printandaudio.org.uk/app/search/resources/type/sermons/from/12-01-2014/to/30-03-2014/time/pm/,http://printandaudio.org.uk/app/search/resources/type/sermons/from/12-01-2014/to/30-03-2014/time/pm/
1078,1MD1862Sermon23.03.14,transcript_link,http://printandaudio.org.uk/app/search/resources/type/sermons/from/12-01-2014/to/30-03-2014/time/pm/,http://printandaudio.org.uk/app/search/resources/type/sermons/from/12-01-2014/to/30-03-2014/time/pm/
1078,1MD1862Sermon23.03.14,audio_link,http://printandaudio.org.uk/app/search/resources/type/sermons/from/12-01-2014/to/30-03-2014/time/pm/,http://printandaudio.org.uk/app/search/resources/type/sermons/from/12-01-2014/to/30-03-2014/time/pm/
1080,1MD1865Sermon30.03.14,transcript_link,http://printandaudio.org.uk/app/search/resources/type/sermons/from/12-01-2014/to/30-03-2014/time/pm/,http://printandaudio.org.uk/app/search/resources/type/sermons/from/12-01-2014/to/30-03-2014/time/pm/
1080,1MD1865Sermon30.03.14,audio_link,http://printandaudio.org.uk/app/search/resources/type/sermons/from/12-01-2014/to/30-03-2014/time/pm/,http://printandaudio.org.uk/app/search/resources/type/sermons/from/12-01-2014/to/30-03-2014/time/pm/
1093,1MD1670Sermon06.04.14,transcript_link,http://printandaudio.org.uk/app/search/resources/type/sermons/from/06-04-2014/to/29-06-2014/time/pm/,http://printandaudio.org.uk/app/search/resources/type/sermons/from/06-04-2014/to/29-06-2014/time/pm/
1093,1MD1670Sermon06.04.14,audio_link,http://printandaudio.org.uk/app/search/resources/type/sermons/from/06-04-2014/to/29-06-2014/time/pm/,http://printandaudio.org.uk/app/search/resources/type/sermons/from/06-04-2014/to/29-06-2014/time/pm/
1094,1MD1873Sermon13.04.14,transcript_link,http://printandaudio.org.uk/app/search/resources/type/sermons/from/06-04-2014/to/29-06-2014/time/pm/,http://printandaudio.org.uk/app/search/resources/type/sermons/from/06-04-2014/to/29-06-2014/time/pm/
1094,1MD1873Sermon13.04.14,audio_link,http://printandaudio.org.uk/app/search/resources/type/sermons/from/06-04-2014/to/29-06-2014/time/pm/,http://printandaudio.org.uk/app/search/resources/type/sermons/from/06-04-2014/to/29-06-2014/time/pm/
1100,1MD1884Sermon27.04.14,transcript_link,http://printandaudio.org.uk/app/search/resources/type/sermons/from/06-04-2014/to/29-06-2014/time/pm/,http://printandaudio.org.uk/app/search/resources/type/sermons/from/06-04-2014/to/29-06-2014/time/pm/
1100,1MD1884Sermon27.04.14,audio_link,http://printandaudio.org.uk/app/search/resources/type/sermons/from/06-04-2014/to/29-06-2014/time/pm/,http://printandaudio.org.uk/app/search/resources/type/sermons/from/06-04-2014/to/29-06-2014/time/pm/
1101,1MD1881Sermon20.04.14,transcript_link,http://printandaudio.org.uk/app/search/resources/type/sermons/from/06-04-2014/to/29-06-2014/time/pm/,http://printandaudio.org.uk/app/search/resources/type/sermons/from/06-04-2014/to/29-06-2014/time/pm/
1101,1MD1881Sermon20.04.14,audio_link,http://printandaudio.org.uk/app/search/resources/type/sermons/from/06-04-2014/to/29-06-2014/time/pm/,http://printandaudio.org.uk/app/search/resources/type/sermons/from/06-04-2014/to/29-06-2014/time/pm/
1109,1MD1889Sermon04.05.14,transcript_link,http://printandaudio.org.uk/app/search/resources/type/sermons/from/06-04-2014/to/29-06-2014/time/pm/,http://printandaudio.org.uk/app/search/resources/type/sermons/from/06-04-2014/to/29-06-2014/time/pm/
1109,1MD1889Sermon04.05.14,audio_link,http://printandaudio.org.uk/app/search/resources/type/sermons/from/06-04-2014/to/29-06-2014/time/pm/,http://printandaudio.org.uk/app/search/resources/type/sermons/from/06-04-2014/to/29-06-2014/time/pm/
1112,1MD1905Sermon11.05.14,transcript_link,http://printandaudio.org.uk/app/search/resources/type/sermons/from/06-04-2014/to/29-06-2014/time/pm/,http://printandaudio.org.uk/app/search/resources/type/sermons/from/06-04-2014/to/29-06-2014/time/pm/
1112,1MD1905Sermon11.05.14,audio_link,http://printandaudio.org.uk/app/search/resources/type/sermons/from/06-04-2014/to/29-06-2014/time/pm/,http://printandaudio.org.uk/app/search/resources/type/sermons/from/06-04-2014/to/29-06-2014/time/pm/
1118,1MD1912Sermon18.05.14,transcript_link,http://printandaudio.org.uk/app/search/resources/type/sermons/from/06-04-2014/to/29-06-2014/time/pm/,http://printandaudio.org.uk/app/search/resources/type/sermons/from/06-04-2014/to/29-06-2014/time/pm/
1118,1MD1912Sermon18.05.14,audio_link,http://printandaudio.org.uk/app/search/resources/type/sermons/from/06-04-2014/to/29-06-2014/time/pm/,http://printandaudio.org.uk/app/search/resources/type/sermons/from/06-04-2014/to/29-06-2014/time/pm/
1126,1MD1942Sermon06.07.14,transcript_link,http://printandaudio.org.uk/app/search/resources/type/sermons/from/06-07-2014/to/28-09-2014/time/pm/,http://printandaudio.org.uk/app/search/resources/type/sermons/from/06-07-2014/to/28-09-2014/time/pm/
1126,1MD1942Sermon06.07.14,audio_link,http://printandaudio.org.uk/app/search/resources/type/sermons/from/06-07-2014/to/28-09-2014/time/pm/,http://printandaudio.org.uk/app/search/resources/type/sermons/from/06-07-2014/to/28-09-2014/time/pm/
1131,1MD1917Sermon25.05.14,transcript_link,http://printandaudio.org.uk/app/search/resources/type/sermons/from/06-04-2014/to/29-06-2014/time/pm/,http://printandaudio.org.uk/app/search/resources/type/sermons/from/06-04-2014/to/29-06-2014/time/pm/
1131,1MD1917Sermon25.05.14,audio_link,http://printandaudio.org.uk/app/search/resources/type/sermons/from/06-04-2014/to/29-06-2014/time/pm/,http://printandaudio.org.uk/app/search/resources/type/sermons/from/06-04-2014/to/29-06-2014/time/pm/
1132,1MD1921Sermon02.06.14,transcript_link,http://printandaudio.org.uk/app/search/resources/type/sermons/from/06-04-2014/to/29-06-2014/time/pm/,http://printandaudio.org.uk/app/search/resources/type/sermons/from/06-04-2014/to/29-06-2014/time/pm/
1132,1MD1921Sermon02.06.14,audio_link,http://printandaudio.org.uk/app/search/resources/type/sermons/from/06-04-2014/to/29-06-2014/time/pm/,http://printandaudio.org.uk/app/search/resources/type/sermons/from/06-04-2014/to/29-06-2014/time/pm/
1136,1MD1925Sermon08.06.14,transcript_link,http://printandaudio.org.uk/app/search/resources/type/sermons/from/06-04-2014/to/29-06-2014/time/pm/,http://printandaudio.org.uk/app/search/resources/type/sermons/from/06-04-2014/to/29-06-2014/time/pm/
1136,1MD1925Sermon08.06.14,audio_link,http://printandaudio.org.uk/app/search/resources/type/sermons/from/06-04-2014/to/29-06-2014/time/pm/,http://printandaudio.org.uk/app/search/resources/type/sermons/from/06-04-2014/to/29-06-2014/time/pm/
1140,1MD1929Sermon15.06.14,transcript_link,http://printandaudio.org.uk/app/search/resources/type/sermons/from/06-04-2014/to/29-06-2014/time/pm/,http://printandaudio.org.uk/app/search/resources/type/sermons/from/06-04-2014/to/29-06-2014/time/pm/
1140,1MD1929Sermon15.06.14,audio_link,http://printandaudio.org.uk/app/search/resources/type/sermons/from/06-04-2014/to/29-06-2014/time/pm/,http://printandaudio.org.uk/app/search/resources/type/sermons/from/06-04-2014/to/29-06-2014/time/pm/
1145,1MD1932Sermon22.06.14,transcript_link,http://printandaudio.org.uk/app/search/resources/type/sermons/from/06-04-2014/to/29-06-2014/time/pm/,http://printandaudio.org.uk/app/search/resources/type/sermons/from/06-04-2014/to/29-06-2014/time/pm/
1145,1MD1932Sermon22.06.14,audio_link,http://printandaudio.org.uk/app/search/resources/type/sermons/from/06-04-2014/to/29-06-2014/time/pm/,http://printandaudio.org.uk/app/search/resources/type/sermons/from/06-04-2014/to/29-06-2014/time/pm/
1146,1MD1938Sermon29.06.14,transcript_link,http://printandaudio.org.uk/app/search/resources/type/sermons/from/06-04-2014/to/29-06-2014/time/pm/,http://printandaudio.org.uk/app/search/resources/type/sermons/from/06-04-2014/to/29-06-2014/time/pm/
1146,1MD1938Sermon29.06.14,audio_link,http://printandaudio.org.uk/app/search/resources/type/sermons/from/06-04-2014/to/29-06-2014/time/pm/,http://printandaudio.org.uk/app/search/resources/type/sermons/from/06-04-2014/to/29-06-2014/time/pm/
1183,1MD1988Sermon20.07.14,transcript_link,http://printandaudio.org.uk/app/search/resources/type/sermons/from/06-07-2014/to/28-09-2014/time/pm/,http://printandaudio.org.uk/app/search/resources/type/sermons/from/06-07-2014/to/28-09-2014/time/pm/
1183,1MD1988Sermon20.07.14,audio_link,http://printandaudio.org.uk/app/search/resources/type/sermons/from/06-07-2014/to/28-09-2014/time/pm/,http://printandaudio.org.uk/app/search/resources/type/sermons/from/06-07-2014/to/28-09-2014/time/pm/
1191,1MD1992Sermon27.07.14,transcript_link,http://printandaudio.org.uk/app/search/resources/type/sermons/from/06-07-2014/to/28-09-2014/time/pm/,http://printandaudio.org.uk/app/search/resources/type/sermons/from/06-07-2014/to/28-09-2014/time/pm/
1191,1MD1992Sermon27.07.14,audio_link,http://printandaudio.org.uk/app/search/resources/type/sermons/from/06-07-2014/to/28-09-2014/time/pm/,http://printandaudio.org.uk/app/search/resources/type/sermons/from/06-07-2014/to/28-09-2014/time/pm/
1200,1MD1995Sermon03.08.14,transcript_link,http://printandaudio.org.uk/app/search/resources/type/sermons/from/06-07-2014/to/28-09-2014/time/pm/,http://printandaudio.org.uk/app/search/resources/type/sermons/from/06-07-2014/to/28-09-2014/time/pm/
1200,1MD1995Sermon03.08.14,audio_link,http://printandaudio.org.uk/app/search/resources/type/sermons/from/06-07-2014/to/28-09-2014/time/pm/,http://printandaudio.org.uk/app/search/resources/type/sermons/from/06-07-2014/to/28-09-2014/time/pm/
1217,1MD2023Sermon10.08.14,transcript_link,http://printandaudio.org.uk/app/search/resources/type/sermons/from/06-07-2014/to/28-09-2014/time/pm/,http://printandaudio.org.uk/app/search/resources/type/sermons/from/06-07-2014/to/28-09-2014/time/pm/
1217,1MD2023Sermon10.08.14,audio_link,http://printandaudio.org.uk/app/search/resources/type/sermons/from/06-07-2014/to/28-09-2014/time/pm/,http://printandaudio.org.uk/app/search/resources/type/sermons/from/06-07-2014/to/28-09-2014/time/pm/
1227,1MD2027Sermon17.08.14,transcript_link,http://printandaudio.org.uk/app/search/resources/type/sermons/from/06-07-2014/to/28-09-2014/time/pm/,http://printandaudio.org.uk/app/search/resources/type/sermons/from/06-07-2014/to/28-09-2014/time/pm/
1227,1MD2027Sermon17.08.14,audio_link,http://printandaudio.org.uk/app/search/resources/type/sermons/from/06-07-2014/to/28-09-2014/time/pm/,http://printandaudio.org.uk/app/search/resources/type/sermons/from/06-07-2014/to/28-09-2014/time/pm/
1240,1MD2031Sermon24.08.14,transcript_link,http://printandaudio.org.uk/app/search/resources/type/sermons/from/06-07-2014/to/28-09-2014/time/pm/,http://printandaudio.org.uk/app/search/resources/type/sermons/from/06-07-2014/to/28-09-2014/time/pm/
1240,1MD2031Sermon24.08.14,audio_link,http://printandaudio.org.uk/app/search/resources/type/sermons/from/06-07-2014/to/28-09-2014/time/pm/,http://printandaudio.org.uk/app/search/resources/type/sermons/from/06-07-2014/to/28-09-2014/time/pm/
1245,1MD2039Sermon31.08.14,transcript_link,http://printandaudio.org.uk/app/search/resources/type/sermons/from/06-07-2014/to/28-09-2014/time/pm/,http://printandaudio.org.uk/app/search/resources/type/sermons/from/06-07-2014/to/28-09-2014/time/pm/
1245,1MD2039Sermon31.08.14,audio_link,http://printandaudio.org.uk/app/search/resources/type/sermons/from/06-07-2014/to/28-09-2014/time/pm/,http://printandaudio.org.uk/app/search/resources/type/sermons/from/06-07-2014/to/28-09-2014/time/pm/
1254,1MD2102Sermon07.09.14,transcript_link,http://printandaudio.org.uk/app/series/32/resource/1381/title/pleasing-god,http://printandaudio.org.uk/app/series/32/resource/1381/title/pleasing-god
1254,1MD2102Sermon07.09.14,audio_link,http://printandaudio.org.uk/app/series/32/resource/1381/title/pleasing-god,http://printandaudio.org.uk/app/series/32/resource/1381/title/pleasing-god
1258,1MD2105Sermon14.09.14,transcript_link,http://printandaudio.org.uk/app/search/resources/type/sermons/from/06-07-2014/to/28-09-2014/time/pm/,http://printandaudio.org.uk/app/search/resources/type/sermons/from/06-07-2014/to/28-09-2014/time/pm/
1258,1MD2105Sermon14.09.14,audio_link,http://printandaudio.org.uk/app/search/resources/type/sermons/from/06-07-2014/to/28-09-2014/time/pm/,http://printandaudio.org.uk/app/search/resources/type/sermons/from/06-07-2014/to/28-09-2014/time/pm/
1262,1MD2112Sermon21.09.14,transcript_link,http://printandaudio.org.uk/app/search/resources/type/sermons/from/06-07-2014/to/28-09-2014/time/pm/,http://printandaudio.org.uk/app/search/resources/type/sermons/from/06-07-2014/to/28-09-2014/time/pm/
1262,1MD2112Sermon21.09.14,audio_link,http://printandaudio.org.uk/app/search/resources/type/sermons/from/06-07-2014/to/28-09-2014/time/pm/,http://printandaudio.org.uk/app/search/resources/type/sermons/from/06-07-2014/to/28-09-2014/time/pm/
1312,1MD2115Sermon28.09.14,transcript_link,http://printandaudio.org.uk/app/search/resources/type/sermons/from/06-07-2014/to/28-09-2014/time/pm/,http://printandaudio.org.uk/app/search/resources/type/sermons/from/06-07-2014/to/28-09-2014/time/pm/
1312,1MD2115Sermon28.09.14,audio_link,http://printandaudio.org.uk/app/search/resources/type/sermons/from/06-07-2014/to/28-09-2014/time/pm/,http://printandaudio.org.uk/app/search/resources/type/sermons/from/06-07-2014/to/28-09-2014/time/pm/
1347,1MD2177Sermon05.10.14,transcript_link,http://printandaudio.org.uk/app/search/resources/type/sermons/from/05-10-2014/to/21-12-2014/time/pm/,http://printandaudio.org.uk/app/search/resources/type/sermons/from/05-10-2014/to/21-12-2014/time/pm/
1347,1MD2177Sermon05.10.14,audio_link,http://printandaudio.org.uk/app/search/resources/type/sermons/from/05-10-2014/to/21-12-2014/time/pm/,http://printandaudio.org.uk/app/search/resources/type/sermons/from/05-10-2014/to/21-12-2014/time/pm/
1350,1MD2235Sermon12.10.14,audio_link,http://printandaudio.org.uk/app/series/69/resource/2630/title/what-is-success,http://printandaudio.org.uk/app/series/69/resource/2630/title/what-is-success
1354,1MD2241Sermon19.10.14,transcript_link,http://printandaudio.org.uk/app/search/resources/type/sermons/from/05-10-2014/to/21-12-2014/time/pm/,http://printandaudio.org.uk/app/search/resources/type/sermons/from/05-10-2014/to/21-12-2014/time/pm/
1354,1MD2241Sermon19.10.14,audio_link,http://printandaudio.org.uk/app/search/resources/type/sermons/from/05-10-2014/to/21-12-2014/time/pm/,http://printandaudio.org.uk/app/search/resources/type/sermons/from/05-10-2014/to/21-12-2014/time/pm/
1359,1MD2247Sermon26.10.14,transcript_link,http://printandaudio.org.uk/app/series/230/resource/2644/title/preparing-for-jesus-return,http://printandaudio.org.uk/app/series/230/resource/2644/title/preparing-for-jesus-return
1359,1MD2247Sermon26.10.14,audio_link,http://printandaudio.org.uk/app/series/230/resource/2644/title/preparing-for-jesus-return,http://printandaudio.org.uk/app/series/230/resource/2644/title/preparing-for-jesus-return
1363,1MD2252Sermon02.11.14,transcript_link,http://printandaudio.org.uk/app/search/resources/type/sermons/from/05-10-2014/to/21-12-2014/time/pm/,http://printandaudio.org.uk/app/search/resources/type/sermons/from/05-10-2014/to/21-12-2014/time/pm/
1363,1MD2252Sermon02.11.14,audio_link,http://printandaudio.org.uk/app/search/resources/type/sermons/from/05-10-2014/to/21-12-2014/time/pm/,http://printandaudio.org.uk/app/search/resources/type/sermons/from/05-10-2014/to/21-12-2014/time/pm/
1366,1MD2257Sermon09.11.14,transcript_link,http://printandaudio.org.uk/app/search/resources/type/sermons/from/05-10-2014/to/21-12-2014/time/pm/,http://printandaudio.org.uk/app/search/resources/type/sermons/from/05-10-2014/to/21-12-2014/time/pm/
1366,1MD2257Sermon09.11.14,audio_link,http://printandaudio.org.uk/app/search/resources/type/sermons/from/05-10-2014/to/21-12-2014/time/pm/,http://printandaudio.org.uk/app/search/resources/type/sermons/from/05-10-2014/to/21-12-2014/time/pm/
1369,1MD2266Sermon16.11.14,transcript_link,http://printandaudio.org.uk/app/search/resources/type/sermons/from/05-10-2014/to/21-12-2014/time/pm/,http://printandaudio.org.uk/app/search/resources/type/sermons/from/05-10-2014/to/21-12-2014/time/pm/
1369,1MD2266Sermon16.11.14,audio_link,http://printandaudio.org.uk/app/search/resources/type/sermons/from/05-10-2014/to/21-12-2014/time/pm/,http://printandaudio.org.uk/app/search/resources/type/sermons/from/05-10-2014/to/21-12-2014/time/pm/
1371,1MD241Service25.01.09,transcript_link,http://www.printandaudio.org.uk/app/search/resources/q/giving_willingly/resource/456/title/giving-wi,http://www.printandaudio.org.uk/app/search/resources/q/giving_willingly/resource/456/title/giving-wi
1371,1MD241Service25.01.09,audio_link,http://www.printandaudio.org.uk/app/search/resources/q/giving_willingly/resource/456/title/giving-wi,http://www.printandaudio.org.uk/app/search/resources/q/giving_willingly/resource/456/title/giving-wi
1373,1MD268MasterService08.02.09,transcript_link,http://www.printandaudio.org.uk/app/search/resources/type/sermons/from/01-01-2009/to/31-12-2009/sort,http://www.printandaudio.org.uk/app/search/resources/type/sermons/from/01-01-2009/to/31-12-2009/sort
1373,1MD268MasterService08.02.09,audio_link,http://www.printandaudio.org.uk/app/search/resources/type/sermons/from/01-01-2009/to/31-12-2009/sort,http://www.printandaudio.org.uk/app/search/resources/type/sermons/from/01-01-2009/to/31-12-2009/sort
1374,1MD249MasterService15.02.09,transcript_link,http://www.printandaudio.org.uk/app/search/resources/type/sermons/from/01-01-2009/to/31-12-2009/sort,http://www.printandaudio.org.uk/app/search/resources/type/sermons/from/01-01-2009/to/31-12-2009/sort
1374,1MD249MasterService15.02.09,audio_link,http://www.printandaudio.org.uk/app/search/resources/type/sermons/from/01-01-2009/to/31-12-2009/sort,http://www.printandaudio.org.uk/app/search/resources/type/sermons/from/01-01-2009/to/31-12-2009/sort
1375,1MD269MasterService22.02.09,transcript_link,http://www.printandaudio.org.uk/app/search/resources/type/sermons/from/01-01-2009/to/31-12-2009/sort,http://www.printandaudio.org.uk/app/search/resources/type/sermons/from/01-01-2009/to/31-12-2009/sort
1375,1MD269MasterService22.02.09,audio_link,http://www.printandaudio.org.uk/app/search/resources/type/sermons/from/01-01-2009/to/31-12-2009/sort,http://www.printandaudio.org.uk/app/search/resources/type/sermons/from/01-01-2009/to/31-12-2009/sort
1376,1MD270MasterService01.03.09,transcript_link,http://www.printandaudio.org.uk/app/search/resources/type/sermons/from/01-01-2009/to/31-12-2009/sort,http://www.printandaudio.org.uk/app/search/resources/type/sermons/from/01-01-2009/to/31-12-2009/sort
1376,1MD270MasterService01.03.09,audio_link,http://www.printandaudio.org.uk/app/search/resources/type/sermons/from/01-01-2009/to/31-12-2009/sort,http://www.printandaudio.org.uk/app/search/resources/type/sermons/from/01-01-2009/to/31-12-2009/sort
1379,1MD2279Sermon23.11.14,audio_link,http://printandaudio.org.uk/app/search/resources/type/sermons/from/05-10-2014/to/21-12-2014/time/pm/,http://printandaudio.org.uk/app/search/resources/type/sermons/from/05-10-2014/to/21-12-2014/time/pm/
1418,1MD2308Sermon30.11.14,transcript_link,http://printandaudio.org.uk/app/series/230/resource/2669/title/asking-in-jesus-name,http://printandaudio.org.uk/app/series/230/resource/2669/title/asking-in-jesus-name
1418,1MD2308Sermon30.11.14,audio_link,http://printandaudio.org.uk/app/search/resources/type/sermons/from/05-10-2014/to/21-12-2014/time/pm/,http://printandaudio.org.uk/app/search/resources/type/sermons/from/05-10-2014/to/21-12-2014/time/pm/
1486,1MD2388Sermon04.01.15,transcript_link,http://printandaudio.org.uk/app/series/232/resource/2678/title/good-grief,http://printandaudio.org.uk/app/series/232/resource/2678/title/good-grief
1486,1MD2388Sermon04.01.15,audio_link,http://printandaudio.org.uk/app/series/232/resource/2678/title/good-grief,http://printandaudio.org.uk/app/series/232/resource/2678/title/good-grief
1487,1MD2386Sermon21.12.14,transcript_link,http://printandaudio.org.uk/app/search/resources/type/sermons/from/05-10-2014/to/21-12-2014/time/pm/,http://printandaudio.org.uk/app/search/resources/type/sermons/from/05-10-2014/to/21-12-2014/time/pm/
1487,1MD2386Sermon21.12.14,audio_link,http://printandaudio.org.uk/app/search/resources/type/sermons/from/05-10-2014/to/21-12-2014/time/pm/,http://printandaudio.org.uk/app/search/resources/type/sermons/from/05-10-2014/to/21-12-2014/time/pm/
1491,1MD2390Sermon11.01.15,transcript_link,http://printandaudio.org.uk/app/series/232/resource/2679/title/david-anointed,http://printandaudio.org.uk/app/series/232/resource/2679/title/david-anointed
1491,1MD2390Sermon11.01.15,audio_link,http://printandaudio.org.uk/app/series/232/resource/2679/title/david-anointed,http://printandaudio.org.uk/app/series/232/resource/2679/title/david-anointed
1494,1MD2397Sermon18.01.15,transcript_link,http://printandaudio.org.uk/app/explore/resources/type/sermons/church/jpc/from/2014-12-09/to/2015-01,http://printandaudio.org.uk/app/explore/resources/type/sermons/church/jpc/from/2014-12-09/to/2015-01
1494,1MD2397Sermon18.01.15,audio_link,http://printandaudio.org.uk/app/explore/resources/type/sermons/church/jpc/from/2014-12-09/to/2015-01,http://printandaudio.org.uk/app/explore/resources/type/sermons/church/jpc/from/2014-12-09/to/2015-01
1497,1MD2402Sermon25.01.15,transcript_link,http://printandaudio.org.uk/app/explore/resources/type/sermons/church/jpc/from/2014-12-16/to/2015-01,http://printandaudio.org.uk/app/explore/resources/type/sermons/church/jpc/from/2014-12-16/to/2015-01
1497,1MD2402Sermon25.01.15,audio_link,http://printandaudio.org.uk/app/explore/resources/type/sermons/church/jpc/from/2014-12-16/to/2015-01,http://printandaudio.org.uk/app/explore/resources/type/sermons/church/jpc/from/2014-12-16/to/2015-01
1512,1MD2410Sermon01.02.15,transcript_link,http://printandaudio.org.uk/app/series/233/resource/2686/title/giving-willingly,http://printandaudio.org.uk/app/series/233/resource/2686/title/giving-willingly
1512,1MD2410Sermon01.02.15,audio_link,http://printandaudio.org.uk/app/series/233/resource/2686/title/giving-willingly,http://printandaudio.org.uk/app/series/233/resource/2686/title/giving-willingly
1521,1MD2417Sermon08.02.15,transcript_link,http://printandaudio.org.uk/app/series/233/resource/2688/title/giving-gratefully,http://printandaudio.org.uk/app/series/233/resource/2688/title/giving-gratefully
1521,1MD2417Sermon08.02.15,audio_link,http://printandaudio.org.uk/app/series/233/resource/2688/title/giving-gratefully,http://printandaudio.org.uk/app/series/233/resource/2688/title/giving-gratefully
1550,1MD2422Sermon15.02.15,transcript_link,http://printandaudio.org.uk/app/search/resources/type/sermons/from/15-02-2015/to/29-03-2015/time/pm/,http://printandaudio.org.uk/app/search/resources/type/sermons/from/15-02-2015/to/29-03-2015/time/pm/
1550,1MD2422Sermon15.02.15,audio_link,http://printandaudio.org.uk/app/search/resources/type/sermons/from/15-02-2015/to/29-03-2015/time/pm/,http://printandaudio.org.uk/app/search/resources/type/sermons/from/15-02-2015/to/29-03-2015/time/pm/
1552,1MD2428mp45000JC2015BR1,transcript_link,http://www.printandaudio.org.uk/app/explore/resources/type/talks/series/257/resource/2743/title/day-,http://www.printandaudio.org.uk/app/explore/resources/type/talks/series/257/resource/2743/title/day-
1552,1MD2428mp45000JC2015BR1,audio_link,http://www.printandaudio.org.uk/app/explore/resources/type/talks/series/257/resource/2743/title/day-,http://www.printandaudio.org.uk/app/explore/resources/type/talks/series/257/resource/2743/title/day-
1553,1MD2429mp45000JC2015Democracy,transcript_link,http://www.printandaudio.org.uk/app/explore/resources/type/talks/series/257/resource/2738/title/sess,http://www.printandaudio.org.uk/app/explore/resources/type/talks/series/257/resource/2738/title/sess
1553,1MD2429mp45000JC2015Democracy,audio_link,http://www.printandaudio.org.uk/app/explore/resources/type/talks/series/257/resource/2738/title/sess,http://www.printandaudio.org.uk/app/explore/resources/type/talks/series/257/resource/2738/title/sess
1554,1MD2430mp45000JC2015Law,transcript_link,http://www.printandaudio.org.uk/app/explore/resources/type/talks/series/257/resource/2739/title/sess,http://www.printandaudio.org.uk/app/explore/resources/type/talks/series/257/resource/2739/title/sess
1554,1MD2430mp45000JC2015Law,audio_link,http://www.printandaudio.org.uk/app/explore/resources/type/talks/series/257/resource/2739/title/sess,http://www.printandaudio.org.uk/app/explore/resources/type/talks/series/257/resource/2739/title/sess
1555,1MD2431mp45000JC2015Liberty,transcript_link,http://www.printandaudio.org.uk/app/explore/resources/type/talks/series/257/resource/2740/title/sess,http://www.printandaudio.org.uk/app/explore/resources/type/talks/series/257/resource/2740/title/sess
1555,1MD2431mp45000JC2015Liberty,audio_link,http://www.printandaudio.org.uk/app/explore/resources/type/talks/series/257/resource/2740/title/sess,http://www.printandaudio.org.uk/app/explore/resources/type/talks/series/257/resource/2740/title/sess
1556,1MD2432mp45000JC2015BR2,transcript_link,http://www.printandaudio.org.uk/app/explore/resources/type/talks/series/257/resource/2742/title/day-,http://www.printandaudio.org.uk/app/explore/resources/type/talks/series/257/resource/2742/title/day-
1556,1MD2432mp45000JC2015BR2,audio_link,http://www.printandaudio.org.uk/app/explore/resources/type/talks/series/257/resource/2742/title/day-,http://www.printandaudio.org.uk/app/explore/resources/type/talks/series/257/resource/2742/title/day-
1557,1MD2433mp45000JC2015Respect,transcript_link,http://www.printandaudio.org.uk/app/explore/resources/type/talks/series/257/resource/2741/title/sess,http://www.printandaudio.org.uk/app/explore/resources/type/talks/series/257/resource/2741/title/sess
1557,1MD2433mp45000JC2015Respect,audio_link,http://www.printandaudio.org.uk/app/explore/resources/type/talks/series/257/resource/2741/title/sess,http://www.printandaudio.org.uk/app/explore/resources/type/talks/series/257/resource/2741/title/sess
1558,1MD2434mp45000JC2015Global,transcript_link,http://www.printandaudio.org.uk/app/explore/resources/type/talks/series/257/resource/2744/title/fina,http://www.printandaudio.org.uk/app/explore/resources/type/talks/series/257/resource/2744/title/fina
1558,1MD2434mp45000JC2015Global,audio_link,http://www.printandaudio.org.uk/app/explore/resources/type/talks/series/257/resource/2744/title/fina,http://www.printandaudio.org.uk/app/explore/resources/type/talks/series/257/resource/2744/title/fina
1560,1MD2437Sermon01.03.15,audio_link,http://printandaudio.org.uk/app/search/resources/type/sermons/from/15-02-2015/to/29-03-2015/time/pm/,http://printandaudio.org.uk/app/search/resources/type/sermons/from/15-02-2015/to/29-03-2015/time/pm/
1565,1MD2445Sermon08.03.15,transcript_link,http://printandaudio.org.uk/app/series/37/resource/2691/title/easter-music-at-the-foot-of-the-cross,http://printandaudio.org.uk/app/series/37/resource/2691/title/easter-music-at-the-foot-of-the-cross
1565,1MD2445Sermon08.03.15,audio_link,http://printandaudio.org.uk/app/series/37/resource/2691/title/easter-music-at-the-foot-of-the-cross,http://printandaudio.org.uk/app/series/37/resource/2691/title/easter-music-at-the-foot-of-the-cross
1576,1MD2453Sermon15.03.15,transcript_link,http://printandaudio.org.uk/app/series/232/resource/2783/title/david-and-the-ark-of-god,http://printandaudio.org.uk/app/series/232/resource/2783/title/david-and-the-ark-of-god
1576,1MD2453Sermon15.03.15,audio_link,http://printandaudio.org.uk/app/series/232/resource/2783/title/david-and-the-ark-of-god,http://printandaudio.org.uk/app/series/232/resource/2783/title/david-and-the-ark-of-god
1586,1MD2458Sermon22.03.15,transcript_link,http://printandaudio.org.uk/app/series/232/resource/2693/title/the-covenant-with-david,http://printandaudio.org.uk/app/series/232/resource/2693/title/the-covenant-with-david
1586,1MD2458Sermon22.03.15,audio_link,http://printandaudio.org.uk/app/series/232/resource/2693/title/the-covenant-with-david,http://printandaudio.org.uk/app/series/232/resource/2693/title/the-covenant-with-david
1588,1MD2462Sermon29.03.15,transcript_link,http://printandaudio.org.uk/app/search/resources/type/sermons/from/15-02-2015/to/29-03-2015/time/pm/,http://printandaudio.org.uk/app/search/resources/type/sermons/from/15-02-2015/to/29-03-2015/time/pm/
1588,1MD2462Sermon29.03.15,audio_link,http://printandaudio.org.uk/app/search/resources/type/sermons/from/15-02-2015/to/29-03-2015/time/pm/,http://printandaudio.org.uk/app/search/resources/type/sermons/from/15-02-2015/to/29-03-2015/time/pm/
1597,1MD2467Sermon05.04.15,transcript_link,http://printandaudio.org.uk/app/series/260/resource/2789/title/easter-day-as-day-was-breaking,http://printandaudio.org.uk/app/series/260/resource/2789/title/easter-day-as-day-was-breaking
1597,1MD2467Sermon05.04.15,audio_link,http://printandaudio.org.uk/app/series/260/resource/2789/title/easter-day-as-day-was-breaking,http://printandaudio.org.uk/app/series/260/resource/2789/title/easter-day-as-day-was-breaking
1600,1MD2471Sermon12.04.15,transcript_link,http://printandaudio.org.uk/app/explore/resources/type/sermons/church/jpc/from/2015-03-03/to/2015-04,http://printandaudio.org.uk/app/explore/resources/type/sermons/church/jpc/from/2015-03-03/to/2015-04
1600,1MD2471Sermon12.04.15,audio_link,http://printandaudio.org.uk/app/explore/resources/type/sermons/church/jpc/from/2015-03-03/to/2015-04,http://printandaudio.org.uk/app/explore/resources/type/sermons/church/jpc/from/2015-03-03/to/2015-04
1604,1MD2474Sermon19.04.15,transcript_link,http://printandaudio.org.uk/app/search/resources/type/sermons/from/19-04-2015/to/28-06-2015/time/pm/,http://printandaudio.org.uk/app/search/resources/type/sermons/from/19-04-2015/to/28-06-2015/time/pm/
1604,1MD2474Sermon19.04.15,audio_link,http://printandaudio.org.uk/app/search/resources/type/sermons/from/19-04-2015/to/28-06-2015/time/pm/,http://printandaudio.org.uk/app/search/resources/type/sermons/from/19-04-2015/to/28-06-2015/time/pm/
1608,1MD2479Sermon26.04.15,audio_link,http://printandaudio.org.uk/app/search/resources/type/sermons/from/19-04-2015/to/28-06-2015/time/pm/,http://printandaudio.org.uk/app/search/resources/type/sermons/from/19-04-2015/to/28-06-2015/time/pm/
1610,1MD2481Sermon03.05.15,transcript_link,http://printandaudio.org.uk/app/series/262/resource/2794/title/smyrna,http://printandaudio.org.uk/app/series/262/resource/2794/title/smyrna
1610,1MD2481Sermon03.05.15,audio_link,http://printandaudio.org.uk/app/series/262/resource/2794/title/smyrna,http://printandaudio.org.uk/app/series/262/resource/2794/title/smyrna
1621,1MD2502Sermon10.05.15,transcript_link,http://printandaudio.org.uk/app/search/resources/type/sermons/from/19-04-2015/to/28-06-2015/time/pm/,http://printandaudio.org.uk/app/search/resources/type/sermons/from/19-04-2015/to/28-06-2015/time/pm/
1621,1MD2502Sermon10.05.15,audio_link,http://printandaudio.org.uk/app/search/resources/type/sermons/from/19-04-2015/to/28-06-2015/time/pm/,http://printandaudio.org.uk/app/search/resources/type/sermons/from/19-04-2015/to/28-06-2015/time/pm/
1623,1MD2507Sermon17.05.15,transcript_link,http://printandaudio.org.uk/app/series/69/resource/2850/title/why-follow-jesus,http://printandaudio.org.uk/app/series/69/resource/2850/title/why-follow-jesus
1623,1MD2507Sermon17.05.15,audio_link,http://printandaudio.org.uk/app/series/69/resource/2850/title/why-follow-jesus,http://printandaudio.org.uk/app/series/69/resource/2850/title/why-follow-jesus
1632,1MD2510Sermon24.05.15,transcript_link,http://printandaudio.org.uk/app/series/262/resource/2796/title/thyatira,http://printandaudio.org.uk/app/series/262/resource/2796/title/thyatira
1632,1MD2510Sermon24.05.15,audio_link,http://printandaudio.org.uk/app/series/262/resource/2796/title/thyatira,http://printandaudio.org.uk/app/series/262/resource/2796/title/thyatira
1636,1MD2513Sermon31.05.15,transcript_link,http://printandaudio.org.uk/app/search/resources/type/sermons/from/19-04-2015/to/28-06-2015/time/pm/,http://printandaudio.org.uk/app/search/resources/type/sermons/from/19-04-2015/to/28-06-2015/time/pm/
1636,1MD2513Sermon31.05.15,audio_link,http://printandaudio.org.uk/app/search/resources/type/sermons/from/19-04-2015/to/28-06-2015/time/pm/,http://printandaudio.org.uk/app/search/resources/type/sermons/from/19-04-2015/to/28-06-2015/time/pm/
1641,1MD787Service09.01.11,transcript_link,http://printandaudio.org.uk/app/search/resources/type/sermons/from/09-01-2011/to/27-03-2011/time/pm/,http://printandaudio.org.uk/app/search/resources/type/sermons/from/09-01-2011/to/27-03-2011/time/pm/
1641,1MD787Service09.01.11,audio_link,http://printandaudio.org.uk/app/search/resources/type/sermons/from/09-01-2011/to/27-03-2011/time/pm/,http://printandaudio.org.uk/app/search/resources/type/sermons/from/09-01-2011/to/27-03-2011/time/pm/
1642,1MD789MasterSevice16.01.11pm,transcript_link,http://printandaudio.org.uk/app/search/resources/type/sermons/from/16-01-2011/to/27-03-2011/church/j,http://printandaudio.org.uk/app/search/resources/type/sermons/from/16-01-2011/to/27-03-2011/church/j
1642,1MD789MasterSevice16.01.11pm,audio_link,http://printandaudio.org.uk/app/search/resources/type/sermons/from/16-01-2011/to/27-03-2011/church/j,http://printandaudio.org.uk/app/search/resources/type/sermons/from/16-01-2011/to/27-03-2011/church/j
1643,1MD789MasterService16.01.11,transcript_link,http://printandaudio.org.uk/app/search/resources/type/sermons/from/16-01-2011/to/27-03-2011/church/j,http://printandaudio.org.uk/app/search/resources/type/sermons/from/16-01-2011/to/27-03-2011/church/j
1643,1MD789MasterService16.01.11,audio_link,http://printandaudio.org.uk/app/search/resources/type/sermons/from/16-01-2011/to/27-03-2011/church/j,http://printandaudio.org.uk/app/search/resources/type/sermons/from/16-01-2011/to/27-03-2011/church/j
1644,1MD800Service23.01.11,transcript_link,http://printandaudio.org.uk/app/search/resources/type/sermons/from/09-01-2011/to/27-03-2011/time/pm/,http://printandaudio.org.uk/app/search/resources/type/sermons/from/09-01-2011/to/27-03-2011/time/pm/
1644,1MD800Service23.01.11,audio_link,http://printandaudio.org.uk/app/search/resources/type/sermons/from/09-01-2011/to/27-03-2011/time/pm/,http://printandaudio.org.uk/app/search/resources/type/sermons/from/09-01-2011/to/27-03-2011/time/pm/
1645,1MD807MasterService30.01.11,transcript_link,http://printandaudio.org.uk/app/search/resources/type/sermons/from/16-01-2011/to/27-03-2011/church/j,http://printandaudio.org.uk/app/search/resources/type/sermons/from/16-01-2011/to/27-03-2011/church/j
1645,1MD807MasterService30.01.11,audio_link,http://printandaudio.org.uk/app/search/resources/type/sermons/from/16-01-2011/to/27-03-2011/church/j,http://printandaudio.org.uk/app/search/resources/type/sermons/from/16-01-2011/to/27-03-2011/church/j
1646,1MD809MasterService06.02.11,transcript_link,http://printandaudio.org.uk/app/search/resources/type/sermons/from/16-01-2011/to/27-03-2011/church/j,http://printandaudio.org.uk/app/search/resources/type/sermons/from/16-01-2011/to/27-03-2011/church/j
1646,1MD809MasterService06.02.11,audio_link,http://printandaudio.org.uk/app/search/resources/type/sermons/from/16-01-2011/to/27-03-2011/church/j,http://printandaudio.org.uk/app/search/resources/type/sermons/from/16-01-2011/to/27-03-2011/church/j
1647,1MD811Service13.02.11,transcript_link,http://printandaudio.org.uk/app/search/resources/type/sermons/from/09-01-2011/to/27-03-2011/time/pm/,http://printandaudio.org.uk/app/search/resources/type/sermons/from/09-01-2011/to/27-03-2011/time/pm/
1647,1MD811Service13.02.11,audio_link,http://printandaudio.org.uk/app/search/resources/type/sermons/from/09-01-2011/to/27-03-2011/time/pm/,http://printandaudio.org.uk/app/search/resources/type/sermons/from/09-01-2011/to/27-03-2011/time/pm/
1648,1MD813Sermon27.02.11,transcript_link,http://printandaudio.org.uk/app/search/resources/type/sermons/from/09-01-2011/to/27-03-2011/time/pm/,http://printandaudio.org.uk/app/search/resources/type/sermons/from/09-01-2011/to/27-03-2011/time/pm/
1648,1MD813Sermon27.02.11,audio_link,http://printandaudio.org.uk/app/search/resources/type/sermons/from/09-01-2011/to/27-03-2011/time/pm/,http://printandaudio.org.uk/app/search/resources/type/sermons/from/09-01-2011/to/27-03-2011/time/pm/
1649,1MD830MasterSermon06.03.11,transcript_link,http://printandaudio.org.uk/app/search/resources/type/sermons/from/16-01-2011/to/27-03-2011/church/j,http://printandaudio.org.uk/app/search/resources/type/sermons/from/16-01-2011/to/27-03-2011/church/j
1649,1MD830MasterSermon06.03.11,audio_link,http://printandaudio.org.uk/app/search/resources/type/sermons/from/16-01-2011/to/27-03-2011/church/j,http://printandaudio.org.uk/app/search/resources/type/sermons/from/16-01-2011/to/27-03-2011/church/j
1650,1MD832Sermon13.03.11,transcript_link,http://printandaudio.org.uk/app/search/resources/type/sermons/from/09-01-2011/to/27-03-2011/time/pm/,http://printandaudio.org.uk/app/search/resources/type/sermons/from/09-01-2011/to/27-03-2011/time/pm/
1650,1MD832Sermon13.03.11,audio_link,http://printandaudio.org.uk/app/search/resources/type/sermons/from/09-01-2011/to/27-03-2011/time/pm/,http://printandaudio.org.uk/app/search/resources/type/sermons/from/09-01-2011/to/27-03-2011/time/pm/
1651,1MD888Sermon20.03.11,transcript_link,http://printandaudio.org.uk/app/search/resources/type/sermons/from/09-01-2011/to/27-03-2011/time/pm/,http://printandaudio.org.uk/app/search/resources/type/sermons/from/09-01-2011/to/27-03-2011/time/pm/
1651,1MD888Sermon20.03.11,audio_link,http://printandaudio.org.uk/app/search/resources/type/sermons/from/09-01-2011/to/27-03-2011/time/pm/,http://printandaudio.org.uk/app/search/resources/type/sermons/from/09-01-2011/to/27-03-2011/time/pm/
1652,1MD891MasterSermon27.03.11,transcript_link,http://printandaudio.org.uk/app/search/resources/type/sermons/from/16-01-2011/to/27-03-2011/church/j,http://printandaudio.org.uk/app/search/resources/type/sermons/from/16-01-2011/to/27-03-2011/church/j
1652,1MD891MasterSermon27.03.11,audio_link,http://printandaudio.org.uk/app/search/resources/type/sermons/from/16-01-2011/to/27-03-2011/church/j,http://printandaudio.org.uk/app/search/resources/type/sermons/from/16-01-2011/to/27-03-2011/church/j
1653,1MD893MasterSermon03.04.11,transcript_link,http://printandaudio.org.uk/app/search/resources/type/sermons/from/03-04-2011/to/26-06-2016/time/pm/,http://printandaudio.org.uk/app/search/resources/type/sermons/from/03-04-2011/to/26-06-2016/time/pm/
1653,1MD893MasterSermon03.04.11,audio_link,http://printandaudio.org.uk/app/search/resources/type/sermons/from/03-04-2011/to/26-06-2016/time/pm/,http://printandaudio.org.uk/app/search/resources/type/sermons/from/03-04-2011/to/26-06-2016/time/pm/
1654,1MD895MasterSermon10.04.11,transcript_link,http://printandaudio.org.uk/app/search/resources/type/sermons/from/03-04-2011/to/26-06-2016/time/pm/,http://printandaudio.org.uk/app/search/resources/type/sermons/from/03-04-2011/to/26-06-2016/time/pm/
1654,1MD895MasterSermon10.04.11,audio_link,http://printandaudio.org.uk/app/search/resources/type/sermons/from/03-04-2011/to/26-06-2016/time/pm/,http://printandaudio.org.uk/app/search/resources/type/sermons/from/03-04-2011/to/26-06-2016/time/pm/
1655,1MD897MasterSermon01.05.11,transcript_link,http://printandaudio.org.uk/app/search/resources/type/sermons/from/03-04-2011/to/26-06-2016/time/pm/,http://printandaudio.org.uk/app/search/resources/type/sermons/from/03-04-2011/to/26-06-2016/time/pm/
1655,1MD897MasterSermon01.05.11,audio_link,http://printandaudio.org.uk/app/search/resources/type/sermons/from/03-04-2011/to/26-06-2016/time/pm/,http://printandaudio.org.uk/app/search/resources/type/sermons/from/03-04-2011/to/26-06-2016/time/pm/
1656,1MD899MasterSermon08.05.11,transcript_link,http://printandaudio.org.uk/app/search/resources/type/sermons/from/03-04-2011/to/26-06-2016/time/pm/,http://printandaudio.org.uk/app/search/resources/type/sermons/from/03-04-2011/to/26-06-2016/time/pm/
1656,1MD899MasterSermon08.05.11,audio_link,http://printandaudio.org.uk/app/search/resources/type/sermons/from/03-04-2011/to/26-06-2016/time/pm/,http://printandaudio.org.uk/app/search/resources/type/sermons/from/03-04-2011/to/26-06-2016/time/pm/
1657,1MD916MasterSermon15.05.11,transcript_link,http://printandaudio.org.uk/app/search/resources/type/sermons/from/03-04-2011/to/26-06-2016/time/pm/,http://printandaudio.org.uk/app/search/resources/type/sermons/from/03-04-2011/to/26-06-2016/time/pm/
1657,1MD916MasterSermon15.05.11,audio_link,http://printandaudio.org.uk/app/search/resources/type/sermons/from/03-04-2011/to/26-06-2016/time/pm/,http://printandaudio.org.uk/app/search/resources/type/sermons/from/03-04-2011/to/26-06-2016/time/pm/
1658,1MD925MasterSermon22.05.11,transcript_link,http://printandaudio.org.uk/app/search/resources/type/sermons/from/03-04-2011/to/26-06-2016/time/pm/,http://printandaudio.org.uk/app/search/resources/type/sermons/from/03-04-2011/to/26-06-2016/time/pm/
1658,1MD925MasterSermon22.05.11,audio_link,http://printandaudio.org.uk/app/search/resources/type/sermons/from/03-04-2011/to/26-06-2016/time/pm/,http://printandaudio.org.uk/app/search/resources/type/sermons/from/03-04-2011/to/26-06-2016/time/pm/
1659,1MD918MasterSermon29.05.11,transcript_link,http://printandaudio.org.uk/app/search/resources/type/sermons/from/29-05-2011/to/19-06-2011/church/j,http://printandaudio.org.uk/app/search/resources/type/sermons/from/29-05-2011/to/19-06-2011/church/j
1659,1MD918MasterSermon29.05.11,audio_link,http://printandaudio.org.uk/app/search/resources/type/sermons/from/29-05-2011/to/19-06-2011/church/j,http://printandaudio.org.uk/app/search/resources/type/sermons/from/29-05-2011/to/19-06-2011/church/j
1660,1MD921MasterSermon05.06.11,transcript_link,http://printandaudio.org.uk/app/search/resources/type/sermons/from/03-04-2011/to/26-06-2016/time/pm/,http://printandaudio.org.uk/app/search/resources/type/sermons/from/03-04-2011/to/26-06-2016/time/pm/
1660,1MD921MasterSermon05.06.11,audio_link,http://printandaudio.org.uk/app/search/resources/type/sermons/from/03-04-2011/to/26-06-2016/time/pm/,http://printandaudio.org.uk/app/search/resources/type/sermons/from/03-04-2011/to/26-06-2016/time/pm/
1661,1MD923MasterSermon12.06.11,transcript_link,http://printandaudio.org.uk/app/search/resources/type/sermons/from/29-05-2011/to/19-06-2011/church/j,http://printandaudio.org.uk/app/search/resources/type/sermons/from/29-05-2011/to/19-06-2011/church/j
1661,1MD923MasterSermon12.06.11,audio_link,http://printandaudio.org.uk/app/search/resources/type/sermons/from/29-05-2011/to/19-06-2011/church/j,http://printandaudio.org.uk/app/search/resources/type/sermons/from/29-05-2011/to/19-06-2011/church/j
1662,1MD931MasterSermon19.06.11,transcript_link,http://printandaudio.org.uk/app/search/resources/type/sermons/from/29-05-2011/to/19-06-2011/church/j,http://printandaudio.org.uk/app/search/resources/type/sermons/from/29-05-2011/to/19-06-2011/church/j
1662,1MD931MasterSermon19.06.11,audio_link,http://printandaudio.org.uk/app/search/resources/type/sermons/from/29-05-2011/to/19-06-2011/church/j,http://printandaudio.org.uk/app/search/resources/type/sermons/from/29-05-2011/to/19-06-2011/church/j
1663,1MD933MasterSermon26.06.11,transcript_link,http://printandaudio.org.uk/app/search/resources/type/sermons/from/03-04-2011/to/26-06-2016/time/pm/,http://printandaudio.org.uk/app/search/resources/type/sermons/from/03-04-2011/to/26-06-2016/time/pm/
1663,1MD933MasterSermon26.06.11,audio_link,http://printandaudio.org.uk/app/search/resources/type/sermons/from/03-04-2011/to/26-06-2016/time/pm/,http://printandaudio.org.uk/app/search/resources/type/sermons/from/03-04-2011/to/26-06-2016/time/pm/
1664,1MD935MasterSermon03.07.11,transcript_link,http://printandaudio.org.uk/app/search/resources/type/sermons/from/03-07-2011/to/25-09-2011/time/pm/,http://printandaudio.org.uk/app/search/resources/type/sermons/from/03-07-2011/to/25-09-2011/time/pm/
1664,1MD935MasterSermon03.07.11,audio_link,http://printandaudio.org.uk/app/search/resources/type/sermons/from/03-07-2011/to/25-09-2011/time/pm/,http://printandaudio.org.uk/app/search/resources/type/sermons/from/03-07-2011/to/25-09-2011/time/pm/
1665,1MD937MasterSermon10.07.11,transcript_link,http://printandaudio.org.uk/app/search/resources/type/sermons/from/03-07-2011/to/25-09-2011/time/pm/,http://printandaudio.org.uk/app/search/resources/type/sermons/from/03-07-2011/to/25-09-2011/time/pm/
1665,1MD937MasterSermon10.07.11,audio_link,http://printandaudio.org.uk/app/search/resources/type/sermons/from/03-07-2011/to/25-09-2011/time/pm/,http://printandaudio.org.uk/app/search/resources/type/sermons/from/03-07-2011/to/25-09-2011/time/pm/
1666,1MD939MasterSermon17.07.11,transcript_link,http://printandaudio.org.uk/app/search/resources/type/sermons/from/03-07-2011/to/25-09-2011/time/pm/,http://printandaudio.org.uk/app/search/resources/type/sermons/from/03-07-2011/to/25-09-2011/time/pm/
1666,1MD939MasterSermon17.07.11,audio_link,http://printandaudio.org.uk/app/search/resources/type/sermons/from/03-07-2011/to/25-09-2011/time/pm/,http://printandaudio.org.uk/app/search/resources/type/sermons/from/03-07-2011/to/25-09-2011/time/pm/
1667,1MD941MasterSermon24.07.11,transcript_link,http://printandaudio.org.uk/app/search/resources/type/sermons/from/03-07-2011/to/25-09-2011/time/pm/,http://printandaudio.org.uk/app/search/resources/type/sermons/from/03-07-2011/to/25-09-2011/time/pm/
1667,1MD941MasterSermon24.07.11,audio_link,http://printandaudio.org.uk/app/search/resources/type/sermons/from/03-07-2011/to/25-09-2011/time/pm/,http://printandaudio.org.uk/app/search/resources/type/sermons/from/03-07-2011/to/25-09-2011/time/pm/
1668,1MD943MasterSermon14.08.11,transcript_link,http://printandaudio.org.uk/app/search/resources/type/sermons/from/03-07-2011/to/25-09-2011/time/pm/,http://printandaudio.org.uk/app/search/resources/type/sermons/from/03-07-2011/to/25-09-2011/time/pm/
1668,1MD943MasterSermon14.08.11,audio_link,http://printandaudio.org.uk/app/search/resources/type/sermons/from/03-07-2011/to/25-09-2011/time/pm/,http://printandaudio.org.uk/app/search/resources/type/sermons/from/03-07-2011/to/25-09-2011/time/pm/
1669,1MD950MasterSermon28.08.11,transcript_link,http://printandaudio.org.uk/app/search/resources/type/sermons/from/03-07-2011/to/25-09-2011/time/pm/,http://printandaudio.org.uk/app/search/resources/type/sermons/from/03-07-2011/to/25-09-2011/time/pm/
1669,1MD950MasterSermon28.08.11,audio_link,http://printandaudio.org.uk/app/search/resources/type/sermons/from/03-07-2011/to/25-09-2011/time/pm/,http://printandaudio.org.uk/app/search/resources/type/sermons/from/03-07-2011/to/25-09-2011/time/pm/
1670,1MD948MasterSermon04.09.11,transcript_link,http://printandaudio.org.uk/app/search/resources/type/sermons/from/03-07-2011/to/25-09-2011/time/pm/,http://printandaudio.org.uk/app/search/resources/type/sermons/from/03-07-2011/to/25-09-2011/time/pm/
1670,1MD948MasterSermon04.09.11,audio_link,http://printandaudio.org.uk/app/search/resources/type/sermons/from/03-07-2011/to/25-09-2011/time/pm/,http://printandaudio.org.uk/app/search/resources/type/sermons/from/03-07-2011/to/25-09-2011/time/pm/
1671,1MD952MasterSermon11.09.11,transcript_link,http://printandaudio.org.uk/app/search/resources/type/sermons/from/03-07-2011/to/25-09-2011/time/pm/,http://printandaudio.org.uk/app/search/resources/type/sermons/from/03-07-2011/to/25-09-2011/time/pm/
1671,1MD952MasterSermon11.09.11,audio_link,http://printandaudio.org.uk/app/search/resources/type/sermons/from/03-07-2011/to/25-09-2011/time/pm/,http://printandaudio.org.uk/app/search/resources/type/sermons/from/03-07-2011/to/25-09-2011/time/pm/
1672,1MD954MasterSermon18.09.11,transcript_link,http://printandaudio.org.uk/app/search/resources/type/sermons/from/03-07-2011/to/25-09-2011/time/pm/,http://printandaudio.org.uk/app/search/resources/type/sermons/from/03-07-2011/to/25-09-2011/time/pm/
1672,1MD954MasterSermon18.09.11,audio_link,http://printandaudio.org.uk/app/search/resources/type/sermons/from/03-07-2011/to/25-09-2011/time/pm/,http://printandaudio.org.uk/app/search/resources/type/sermons/from/03-07-2011/to/25-09-2011/time/pm/
1673,1MD2518Sermon07.06.15,transcript_link,http://printandaudio.org.uk/app/series/262/resource/2856/title/philadelphia,http://printandaudio.org.uk/app/series/262/resource/2856/title/philadelphia
1673,1MD2518Sermon07.06.15,audio_link,http://printandaudio.org.uk/app/explore/resources/type/sermons/church/jpc/items/48/sort/date/directi,http://printandaudio.org.uk/app/explore/resources/type/sermons/church/jpc/items/48/sort/date/directi
1675,1MD615Service03.01.10,transcript_link,http://printandaudio.org.uk/app/search/resources/from/03-01-2010/to/28-03-2010/time/pm/church/jesmon,http://printandaudio.org.uk/app/search/resources/from/03-01-2010/to/28-03-2010/time/pm/church/jesmon
1675,1MD615Service03.01.10,audio_link,http://printandaudio.org.uk/app/search/resources/from/03-01-2010/to/28-03-2010/time/pm/church/jesmon,http://printandaudio.org.uk/app/search/resources/from/03-01-2010/to/28-03-2010/time/pm/church/jesmon
1676,1MD617Service10.01.10,transcript_link,http://printandaudio.org.uk/app/search/resources/from/03-01-2010/to/28-03-2010/time/pm/church/jesmon,http://printandaudio.org.uk/app/search/resources/from/03-01-2010/to/28-03-2010/time/pm/church/jesmon
1676,1MD617Service10.01.10,audio_link,http://printandaudio.org.uk/app/search/resources/from/03-01-2010/to/28-03-2010/time/pm/church/jesmon,http://printandaudio.org.uk/app/search/resources/from/03-01-2010/to/28-03-2010/time/pm/church/jesmon
1677,1MD619Service17.01.10,transcript_link,http://printandaudio.org.uk/app/search/resources/from/03-01-2010/to/28-03-2010/time/pm/church/jesmon,http://printandaudio.org.uk/app/search/resources/from/03-01-2010/to/28-03-2010/time/pm/church/jesmon
1677,1MD619Service17.01.10,audio_link,http://printandaudio.org.uk/app/search/resources/from/03-01-2010/to/28-03-2010/time/pm/church/jesmon,http://printandaudio.org.uk/app/search/resources/from/03-01-2010/to/28-03-2010/time/pm/church/jesmon
1678,1MD621MasterService24.01.10,transcript_link,http://printandaudio.org.uk/app/search/resources/from/03-01-2010/to/28-03-2010/time/pm/church/jesmon,http://printandaudio.org.uk/app/search/resources/from/03-01-2010/to/28-03-2010/time/pm/church/jesmon
1678,1MD621MasterService24.01.10,audio_link,http://printandaudio.org.uk/app/search/resources/from/03-01-2010/to/28-03-2010/time/pm/church/jesmon,http://printandaudio.org.uk/app/search/resources/from/03-01-2010/to/28-03-2010/time/pm/church/jesmon
1680,1MD628Service14.02.10,transcript_link,http://printandaudio.org.uk/app/search/resources/from/03-01-2010/to/28-03-2010/time/pm/church/jesmon,http://printandaudio.org.uk/app/search/resources/from/03-01-2010/to/28-03-2010/time/pm/church/jesmon
1680,1MD628Service14.02.10,audio_link,http://printandaudio.org.uk/app/search/resources/from/03-01-2010/to/28-03-2010/time/pm/church/jesmon,http://printandaudio.org.uk/app/search/resources/from/03-01-2010/to/28-03-2010/time/pm/church/jesmon
1681,1MD630MasterService21.02.10,transcript_link,http://printandaudio.org.uk/app/search/resources/from/03-01-2010/to/28-03-2010/time/pm/church/jesmon,http://printandaudio.org.uk/app/search/resources/from/03-01-2010/to/28-03-2010/time/pm/church/jesmon
1681,1MD630MasterService21.02.10,audio_link,http://printandaudio.org.uk/app/search/resources/from/03-01-2010/to/28-03-2010/time/pm/church/jesmon,http://printandaudio.org.uk/app/search/resources/from/03-01-2010/to/28-03-2010/time/pm/church/jesmon
1682,1MD632Service28.02.10,transcript_link,http://printandaudio.org.uk/app/search/resources/from/03-01-2010/to/28-03-2010/time/pm/church/jesmon,http://printandaudio.org.uk/app/search/resources/from/03-01-2010/to/28-03-2010/time/pm/church/jesmon
1682,1MD632Service28.02.10,audio_link,http://printandaudio.org.uk/app/search/resources/from/03-01-2010/to/28-03-2010/time/pm/church/jesmon,http://printandaudio.org.uk/app/search/resources/from/03-01-2010/to/28-03-2010/time/pm/church/jesmon
1683,1MD637MasterService07.03.10,transcript_link,http://printandaudio.org.uk/app/search/resources/from/03-01-2010/to/28-03-2010/time/pm/church/jesmon,http://printandaudio.org.uk/app/search/resources/from/03-01-2010/to/28-03-2010/time/pm/church/jesmon
1683,1MD637MasterService07.03.10,audio_link,http://printandaudio.org.uk/app/search/resources/from/03-01-2010/to/28-03-2010/time/pm/church/jesmon,http://printandaudio.org.uk/app/search/resources/from/03-01-2010/to/28-03-2010/time/pm/church/jesmon
1684,1MD644Service21.03.10,transcript_link,http://printandaudio.org.uk/app/search/resources/from/03-01-2010/to/28-03-2010/time/pm/church/jesmon,http://printandaudio.org.uk/app/search/resources/from/03-01-2010/to/28-03-2010/time/pm/church/jesmon
1684,1MD644Service21.03.10,audio_link,http://printandaudio.org.uk/app/search/resources/from/03-01-2010/to/28-03-2010/time/pm/church/jesmon,http://printandaudio.org.uk/app/search/resources/from/03-01-2010/to/28-03-2010/time/pm/church/jesmon
1685,1MD646Service28.03.10,transcript_link,http://printandaudio.org.uk/app/search/resources/from/03-01-2010/to/28-03-2010/time/pm/church/jesmon,http://printandaudio.org.uk/app/search/resources/from/03-01-2010/to/28-03-2010/time/pm/church/jesmon
1685,1MD646Service28.03.10,audio_link,http://printandaudio.org.uk/app/search/resources/from/03-01-2010/to/28-03-2010/time/pm/church/jesmon,http://printandaudio.org.uk/app/search/resources/from/03-01-2010/to/28-03-2010/time/pm/church/jesmon
1690,1MD648MasterService04.04.10,transcript_link,http://printandaudio.org.uk/app/search/resources/type/sermons/from/04-04-2010/to/27-06-2010/time/pm/,http://printandaudio.org.uk/app/search/resources/type/sermons/from/04-04-2010/to/27-06-2010/time/pm/
1690,1MD648MasterService04.04.10,audio_link,http://printandaudio.org.uk/app/search/resources/type/sermons/from/04-04-2010/to/27-06-2010/time/pm/,http://printandaudio.org.uk/app/search/resources/type/sermons/from/04-04-2010/to/27-06-2010/time/pm/
1691,1MD650MasterService18.04.10,transcript_link,http://printandaudio.org.uk/app/search/resources/type/sermons/from/04-04-2010/to/27-06-2010/time/pm/,http://printandaudio.org.uk/app/search/resources/type/sermons/from/04-04-2010/to/27-06-2010/time/pm/
1691,1MD650MasterService18.04.10,audio_link,http://printandaudio.org.uk/app/search/resources/type/sermons/from/04-04-2010/to/27-06-2010/time/pm/,http://printandaudio.org.uk/app/search/resources/type/sermons/from/04-04-2010/to/27-06-2010/time/pm/
1692,1MD655MasterService25.04.10,transcript_link,http://printandaudio.org.uk/app/search/resources/type/sermons/from/04-04-2010/to/27-06-2010/time/pm/,http://printandaudio.org.uk/app/search/resources/type/sermons/from/04-04-2010/to/27-06-2010/time/pm/
1692,1MD655MasterService25.04.10,audio_link,http://printandaudio.org.uk/app/search/resources/type/sermons/from/04-04-2010/to/27-06-2010/time/pm/,http://printandaudio.org.uk/app/search/resources/type/sermons/from/04-04-2010/to/27-06-2010/time/pm/
1693,1MD657MasterService02.05.10,transcript_link,http://printandaudio.org.uk/app/search/resources/type/sermons/from/04-04-2010/to/27-06-2010/time/pm/,http://printandaudio.org.uk/app/search/resources/type/sermons/from/04-04-2010/to/27-06-2010/time/pm/
1693,1MD657MasterService02.05.10,audio_link,http://printandaudio.org.uk/app/search/resources/type/sermons/from/04-04-2010/to/27-06-2010/time/pm/,http://printandaudio.org.uk/app/search/resources/type/sermons/from/04-04-2010/to/27-06-2010/time/pm/
1694,1MD661MasterService09.05.10,transcript_link,http://printandaudio.org.uk/app/search/resources/type/sermons/from/04-04-2010/to/27-06-2010/time/pm/,http://printandaudio.org.uk/app/search/resources/type/sermons/from/04-04-2010/to/27-06-2010/time/pm/
1694,1MD661MasterService09.05.10,audio_link,http://printandaudio.org.uk/app/search/resources/type/sermons/from/04-04-2010/to/27-06-2010/time/pm/,http://printandaudio.org.uk/app/search/resources/type/sermons/from/04-04-2010/to/27-06-2010/time/pm/
1695,1MD663MasterService16.05.10,transcript_link,http://printandaudio.org.uk/app/search/resources/type/sermons/from/04-04-2010/to/27-06-2010/time/pm/,http://printandaudio.org.uk/app/search/resources/type/sermons/from/04-04-2010/to/27-06-2010/time/pm/
1695,1MD663MasterService16.05.10,audio_link,http://printandaudio.org.uk/app/search/resources/type/sermons/from/04-04-2010/to/27-06-2010/time/pm/,http://printandaudio.org.uk/app/search/resources/type/sermons/from/04-04-2010/to/27-06-2010/time/pm/
1696,1MD672MasterService23.05.10,transcript_link,http://printandaudio.org.uk/app/search/resources/type/sermons/from/04-04-2010/to/27-06-2010/time/pm/,http://printandaudio.org.uk/app/search/resources/type/sermons/from/04-04-2010/to/27-06-2010/time/pm/
1696,1MD672MasterService23.05.10,audio_link,http://printandaudio.org.uk/app/search/resources/type/sermons/from/04-04-2010/to/27-06-2010/time/pm/,http://printandaudio.org.uk/app/search/resources/type/sermons/from/04-04-2010/to/27-06-2010/time/pm/
1697,1MD674MasterService30.05.10,transcript_link,http://printandaudio.org.uk/app/search/resources/type/sermons/from/04-04-2010/to/27-06-2010/time/pm/,http://printandaudio.org.uk/app/search/resources/type/sermons/from/04-04-2010/to/27-06-2010/time/pm/
1697,1MD674MasterService30.05.10,audio_link,http://printandaudio.org.uk/app/search/resources/type/sermons/from/04-04-2010/to/27-06-2010/time/pm/,http://printandaudio.org.uk/app/search/resources/type/sermons/from/04-04-2010/to/27-06-2010/time/pm/
1698,1MD961MasterSermon07.08.11,transcript_link,http://printandaudio.org.uk/app/search/resources/type/sermons/from/03-07-2011/to/25-09-2011/time/pm/,http://printandaudio.org.uk/app/search/resources/type/sermons/from/03-07-2011/to/25-09-2011/time/pm/
1698,1MD961MasterSermon07.08.11,audio_link,http://printandaudio.org.uk/app/search/resources/type/sermons/from/03-07-2011/to/25-09-2011/time/pm/,http://printandaudio.org.uk/app/search/resources/type/sermons/from/03-07-2011/to/25-09-2011/time/pm/
1699,1MD956MasterSermon25.09.11,transcript_link,http://printandaudio.org.uk/app/search/resources/type/sermons/from/03-07-2011/to/25-09-2011/time/pm/,http://printandaudio.org.uk/app/search/resources/type/sermons/from/03-07-2011/to/25-09-2011/time/pm/
1699,1MD956MasterSermon25.09.11,audio_link,http://printandaudio.org.uk/app/search/resources/type/sermons/from/03-07-2011/to/25-09-2011/time/pm/,http://printandaudio.org.uk/app/search/resources/type/sermons/from/03-07-2011/to/25-09-2011/time/pm/
1700,1MD958Sermon02.10.11,transcript_link,http://printandaudio.org.uk/app/search/resources/type/sermons/from/02-10-2011/to/04-12-2011/time/pm/,http://printandaudio.org.uk/app/search/resources/type/sermons/from/02-10-2011/to/04-12-2011/time/pm/
1700,1MD958Sermon02.10.11,audio_link,http://printandaudio.org.uk/app/search/resources/type/sermons/from/02-10-2011/to/04-12-2011/time/pm/,http://printandaudio.org.uk/app/search/resources/type/sermons/from/02-10-2011/to/04-12-2011/time/pm/
1701,1MD962MasterSermon09.10.11,transcript_link,http://printandaudio.org.uk/app/search/resources/type/sermons/from/02-10-2011/to/04-12-2011/time/pm/,http://printandaudio.org.uk/app/search/resources/type/sermons/from/02-10-2011/to/04-12-2011/time/pm/
1701,1MD962MasterSermon09.10.11,audio_link,http://printandaudio.org.uk/app/search/resources/type/sermons/from/02-10-2011/to/04-12-2011/time/pm/,http://printandaudio.org.uk/app/search/resources/type/sermons/from/02-10-2011/to/04-12-2011/time/pm/
1702,1MD965MasterSermon16.10.11,transcript_link,http://printandaudio.org.uk/app/search/resources/type/sermons/from/02-10-2011/to/04-12-2011/time/pm/,http://printandaudio.org.uk/app/search/resources/type/sermons/from/02-10-2011/to/04-12-2011/time/pm/
1702,1MD965MasterSermon16.10.11,audio_link,http://printandaudio.org.uk/app/search/resources/type/sermons/from/02-10-2011/to/04-12-2011/time/pm/,http://printandaudio.org.uk/app/search/resources/type/sermons/from/02-10-2011/to/04-12-2011/time/pm/
1703,1MD967MasterSermon23.10.11,transcript_link,http://printandaudio.org.uk/app/search/resources/type/sermons/from/02-10-2011/to/04-12-2011/time/pm/,http://printandaudio.org.uk/app/search/resources/type/sermons/from/02-10-2011/to/04-12-2011/time/pm/
1703,1MD967MasterSermon23.10.11,audio_link,http://printandaudio.org.uk/app/search/resources/type/sermons/from/02-10-2011/to/04-12-2011/time/pm/,http://printandaudio.org.uk/app/search/resources/type/sermons/from/02-10-2011/to/04-12-2011/time/pm/
1704,1MD969Sermon30.10.11,transcript_link,http://printandaudio.org.uk/app/search/resources/type/sermons/from/02-10-2011/to/04-12-2011/time/pm/,http://printandaudio.org.uk/app/search/resources/type/sermons/from/02-10-2011/to/04-12-2011/time/pm/
1704,1MD969Sermon30.10.11,audio_link,http://printandaudio.org.uk/app/search/resources/type/sermons/from/02-10-2011/to/04-12-2011/time/pm/,http://printandaudio.org.uk/app/search/resources/type/sermons/from/02-10-2011/to/04-12-2011/time/pm/
1705,1MD1017MasterSermon06.11.11,transcript_link,http://printandaudio.org.uk/app/search/resources/type/sermons/from/02-10-2011/to/04-12-2011/time/pm/,http://printandaudio.org.uk/app/search/resources/type/sermons/from/02-10-2011/to/04-12-2011/time/pm/
1705,1MD1017MasterSermon06.11.11,audio_link,http://printandaudio.org.uk/app/search/resources/type/sermons/from/02-10-2011/to/04-12-2011/time/pm/,http://printandaudio.org.uk/app/search/resources/type/sermons/from/02-10-2011/to/04-12-2011/time/pm/
1706,1MD1020Sermon13.11.11,transcript_link,http://printandaudio.org.uk/app/search/resources/type/sermons/from/02-10-2011/to/04-12-2011/time/pm/,http://printandaudio.org.uk/app/search/resources/type/sermons/from/02-10-2011/to/04-12-2011/time/pm/
1706,1MD1020Sermon13.11.11,audio_link,http://printandaudio.org.uk/app/search/resources/type/sermons/from/02-10-2011/to/04-12-2011/time/pm/,http://printandaudio.org.uk/app/search/resources/type/sermons/from/02-10-2011/to/04-12-2011/time/pm/
1707,1MD1023MasterSermon20.11.11,transcript_link,http://printandaudio.org.uk/app/search/resources/type/sermons/from/02-10-2011/to/04-12-2011/time/pm/,http://printandaudio.org.uk/app/search/resources/type/sermons/from/02-10-2011/to/04-12-2011/time/pm/
1707,1MD1023MasterSermon20.11.11,audio_link,http://printandaudio.org.uk/app/search/resources/type/sermons/from/02-10-2011/to/04-12-2011/time/pm/,http://printandaudio.org.uk/app/search/resources/type/sermons/from/02-10-2011/to/04-12-2011/time/pm/
1708,1MD1026Serrmon27.11.11,transcript_link,http://printandaudio.org.uk/app/search/resources/type/sermons/from/02-10-2011/to/04-12-2011/time/pm/,http://printandaudio.org.uk/app/search/resources/type/sermons/from/02-10-2011/to/04-12-2011/time/pm/
1708,1MD1026Serrmon27.11.11,audio_link,http://printandaudio.org.uk/app/search/resources/type/sermons/from/02-10-2011/to/04-12-2011/time/pm/,http://printandaudio.org.uk/app/search/resources/type/sermons/from/02-10-2011/to/04-12-2011/time/pm/
1709,1MD1029MasterSermon04.12.11,transcript_link,http://printandaudio.org.uk/app/search/resources/type/sermons/from/02-10-2011/to/04-12-2011/time/pm/,http://printandaudio.org.uk/app/search/resources/type/sermons/from/02-10-2011/to/04-12-2011/time/pm/
1709,1MD1029MasterSermon04.12.11,audio_link,http://printandaudio.org.uk/app/search/resources/type/sermons/from/02-10-2011/to/04-12-2011/time/pm/,http://printandaudio.org.uk/app/search/resources/type/sermons/from/02-10-2011/to/04-12-2011/time/pm/
1710,1MD1033Sermon01.01.12,transcript_link,http://printandaudio.org.uk/app/search/resources/type/sermons/from/01-01-2012/to/25-03-2012/time/pm/,http://printandaudio.org.uk/app/search/resources/type/sermons/from/01-01-2012/to/25-03-2012/time/pm/
1710,1MD1033Sermon01.01.12,audio_link,http://printandaudio.org.uk/app/search/resources/type/sermons/from/01-01-2012/to/25-03-2012/time/pm/,http://printandaudio.org.uk/app/search/resources/type/sermons/from/01-01-2012/to/25-03-2012/time/pm/
1711,1MD1036Sermon08.01.12,transcript_link,http://printandaudio.org.uk/app/search/resources/type/sermons/from/01-01-2012/to/25-03-2012/time/pm/,http://printandaudio.org.uk/app/search/resources/type/sermons/from/01-01-2012/to/25-03-2012/time/pm/
1711,1MD1036Sermon08.01.12,audio_link,http://printandaudio.org.uk/app/search/resources/type/sermons/from/01-01-2012/to/25-03-2012/time/pm/,http://printandaudio.org.uk/app/search/resources/type/sermons/from/01-01-2012/to/25-03-2012/time/pm/
1712,1MD1041Sermon15.01.12,transcript_link,http://printandaudio.org.uk/app/search/resources/type/sermons/from/01-01-2012/to/25-03-2012/time/pm/,http://printandaudio.org.uk/app/search/resources/type/sermons/from/01-01-2012/to/25-03-2012/time/pm/
1712,1MD1041Sermon15.01.12,audio_link,http://printandaudio.org.uk/app/search/resources/type/sermons/from/01-01-2012/to/25-03-2012/time/pm/,http://printandaudio.org.uk/app/search/resources/type/sermons/from/01-01-2012/to/25-03-2012/time/pm/
1714,1MD2521Sermon14.06.15,transcript_link,http://printandaudio.org.uk/app/search/resources/type/sermons/from/19-04-2015/to/28-06-2015/time/pm/,http://printandaudio.org.uk/app/search/resources/type/sermons/from/19-04-2015/to/28-06-2015/time/pm/
1714,1MD2521Sermon14.06.15,audio_link,http://printandaudio.org.uk/app/search/resources/type/sermons/from/19-04-2015/to/28-06-2015/time/pm/,http://printandaudio.org.uk/app/search/resources/type/sermons/from/19-04-2015/to/28-06-2015/time/pm/
1719,1MD2557Sermon21.06.15,transcript_link,http://printandaudio.org.uk/app/series/262/resource/2860/title/around-the-throne,http://printandaudio.org.uk/app/series/262/resource/2860/title/around-the-throne
1719,1MD2557Sermon21.06.15,audio_link,http://printandaudio.org.uk/app/series/262/resource/2860/title/around-the-throne,http://printandaudio.org.uk/app/series/262/resource/2860/title/around-the-throne
1723,1MD2532Sermon28.06.15,transcript_link,http://printandaudio.org.uk/app/search/resources/type/sermons/from/19-04-2015/to/28-06-2015/time/pm/,http://printandaudio.org.uk/app/search/resources/type/sermons/from/19-04-2015/to/28-06-2015/time/pm/
1723,1MD2532Sermon28.06.15,audio_link,http://printandaudio.org.uk/app/search/resources/type/sermons/from/19-04-2015/to/28-06-2015/time/pm/,http://printandaudio.org.uk/app/search/resources/type/sermons/from/19-04-2015/to/28-06-2015/time/pm/
1729,1MD2538Sermon05.07.15,transcript_link,http://printandaudio.org.uk/app/search/resources/type/sermons/from/01-07-2015/to/31-12-2015/sort/dat,http://printandaudio.org.uk/app/search/resources/type/sermons/from/01-07-2015/to/31-12-2015/sort/dat
1729,1MD2538Sermon05.07.15,audio_link,http://printandaudio.org.uk/app/search/resources/type/sermons/from/01-07-2015/to/31-12-2015/sort/dat,http://printandaudio.org.uk/app/search/resources/type/sermons/from/01-07-2015/to/31-12-2015/sort/dat
1734,1MD2549Sermon12.07.15,audio_link,http://printandaudio.org.uk/app/search/resources/type/sermons/from/01-07-2015/to/31-12-2015/sort/dat,http://printandaudio.org.uk/app/search/resources/type/sermons/from/01-07-2015/to/31-12-2015/sort/dat
1768,1MD2607Sermon26.07.15,transcript_link,http://printandaudio.org.uk/app/search/resources/type/sermons/from/01-07-2015/to/31-12-2015/sort/dat,http://printandaudio.org.uk/app/search/resources/type/sermons/from/01-07-2015/to/31-12-2015/sort/dat
1768,1MD2607Sermon26.07.15,audio_link,http://printandaudio.org.uk/app/search/resources/type/sermons/from/01-07-2015/to/31-12-2015/sort/dat,http://printandaudio.org.uk/app/search/resources/type/sermons/from/01-07-2015/to/31-12-2015/sort/dat
1770,1MD2613Sermon02.08.15,transcript_link,http://printandaudio.org.uk/app/search/resources/type/sermons/from/01-07-2015/to/31-12-2015/sort/dat,http://printandaudio.org.uk/app/search/resources/type/sermons/from/01-07-2015/to/31-12-2015/sort/dat
1770,1MD2613Sermon02.08.15,audio_link,http://printandaudio.org.uk/app/search/resources/type/sermons/from/01-07-2015/to/31-12-2015/sort/dat,http://printandaudio.org.uk/app/search/resources/type/sermons/from/01-07-2015/to/31-12-2015/sort/dat
1781,1MD2616Sermon09.08.15,transcript_link,http://printandaudio.org.uk/app/search/resources/type/sermons/from/01-07-2015/to/31-12-2015/sort/dat,http://printandaudio.org.uk/app/search/resources/type/sermons/from/01-07-2015/to/31-12-2015/sort/dat
1781,1MD2616Sermon09.08.15,audio_link,http://printandaudio.org.uk/app/search/resources/type/sermons/from/01-07-2015/to/31-12-2015/sort/dat,http://printandaudio.org.uk/app/search/resources/type/sermons/from/01-07-2015/to/31-12-2015/sort/dat
1783,1MD2617Sermon16.08.15,transcript_link,http://printandaudio.org.uk/app/search/resources/type/sermons/from/01-07-2015/to/31-12-2015/sort/dat,http://printandaudio.org.uk/app/search/resources/type/sermons/from/01-07-2015/to/31-12-2015/sort/dat
1783,1MD2617Sermon16.08.15,audio_link,http://printandaudio.org.uk/app/search/resources/type/sermons/from/01-07-2015/to/31-12-2015/sort/dat,http://printandaudio.org.uk/app/search/resources/type/sermons/from/01-07-2015/to/31-12-2015/sort/dat
1792,1MD2624Sermon23.08.15,transcript_link,http://printandaudio.org.uk/app/search/resources/type/sermons/from/01-07-2015/to/31-12-2015/sort/dat,http://printandaudio.org.uk/app/search/resources/type/sermons/from/01-07-2015/to/31-12-2015/sort/dat
1792,1MD2624Sermon23.08.15,audio_link,http://printandaudio.org.uk/app/search/resources/type/sermons/from/01-07-2015/to/31-12-2015/sort/dat,http://printandaudio.org.uk/app/search/resources/type/sermons/from/01-07-2015/to/31-12-2015/sort/dat
1795,1MD2629Sermon13.09.15,transcript_link,http://printandaudio.org.uk/app/search/resources/type/sermons/from/01-07-2015/to/31-12-2015/sort/dat,http://printandaudio.org.uk/app/search/resources/type/sermons/from/01-07-2015/to/31-12-2015/sort/dat
1795,1MD2629Sermon13.09.15,audio_link,http://printandaudio.org.uk/app/search/resources/type/sermons/from/01-07-2015/to/31-12-2015/sort/dat,http://printandaudio.org.uk/app/search/resources/type/sermons/from/01-07-2015/to/31-12-2015/sort/dat
1800,1MD2716Sermon20.09.15,transcript_link,http://printandaudio.org.uk/app/search/resources/type/sermons/from/01-07-2015/to/31-12-2015/sort/dat,http://printandaudio.org.uk/app/search/resources/type/sermons/from/01-07-2015/to/31-12-2015/sort/dat
1800,1MD2716Sermon20.09.15,audio_link,http://printandaudio.org.uk/app/search/resources/type/sermons/from/01-07-2015/to/31-12-2015/sort/dat,http://printandaudio.org.uk/app/search/resources/type/sermons/from/01-07-2015/to/31-12-2015/sort/dat
1823,1MD265MasterService11.01.09,transcript_link,http://www.printandaudio.org.uk/app/search/resources/type/sermons/from/11-01-2009/to/11-01-2009/reso,http://www.printandaudio.org.uk/app/search/resources/type/sermons/from/11-01-2009/to/11-01-2009/reso
1823,1MD265MasterService11.01.09,audio_link,http://www.printandaudio.org.uk/app/search/resources/type/sermons/from/11-01-2009/to/11-01-2009/reso,http://www.printandaudio.org.uk/app/search/resources/type/sermons/from/11-01-2009/to/11-01-2009/reso
1824,1MD266MasterService18.01.09,transcript_link,http://www.printandaudio.org.uk/app/search/resources/series/101/sort/date/direction/asc/resource/457,http://www.printandaudio.org.uk/app/search/resources/series/101/sort/date/direction/asc/resource/457
1824,1MD266MasterService18.01.09,audio_link,http://www.printandaudio.org.uk/app/search/resources/series/101/sort/date/direction/asc/resource/457,http://www.printandaudio.org.uk/app/search/resources/series/101/sort/date/direction/asc/resource/457
1827,1MD267Service01.02.09,transcript_link,http://www.printandaudio.org.uk/app/search/resources/q/giving_willingly/resource/453/title/giving-pr,http://www.printandaudio.org.uk/app/search/resources/q/giving_willingly/resource/453/title/giving-pr
1827,1MD267Service01.02.09,audio_link,http://www.printandaudio.org.uk/app/search/resources/q/giving_willingly/resource/453/title/giving-pr,http://www.printandaudio.org.uk/app/search/resources/q/giving_willingly/resource/453/title/giving-pr
1832,1MD273MasterService05.04.09,transcript_link,http://www.printandaudio.org.uk/app/search/resources/type/sermons/from/01-01-2009/to/31-12-2009/sort,http://www.printandaudio.org.uk/app/search/resources/type/sermons/from/01-01-2009/to/31-12-2009/sort
1832,1MD273MasterService05.04.09,audio_link,http://www.printandaudio.org.uk/app/search/resources/type/sermons/from/01-01-2009/to/31-12-2009/sort,http://www.printandaudio.org.uk/app/search/resources/type/sermons/from/01-01-2009/to/31-12-2009/sort
1833,1MD277MasterService12.04.09,transcript_link,http://www.printandaudio.org.uk/app/search/resources/type/sermons/from/01-01-2009/to/31-12-2009/sort,http://www.printandaudio.org.uk/app/search/resources/type/sermons/from/01-01-2009/to/31-12-2009/sort
1833,1MD277MasterService12.04.09,audio_link,http://www.printandaudio.org.uk/app/search/resources/type/sermons/from/01-01-2009/to/31-12-2009/sort,http://www.printandaudio.org.uk/app/search/resources/type/sermons/from/01-01-2009/to/31-12-2009/sort
1835,1MD2722Sermon27.09.15,transcript_link,http://printandaudio.org.uk/app/search/resources/type/sermons/from/01-07-2015/to/31-12-2015/sort/dat,http://printandaudio.org.uk/app/search/resources/type/sermons/from/01-07-2015/to/31-12-2015/sort/dat
1835,1MD2722Sermon27.09.15,audio_link,http://printandaudio.org.uk/app/search/resources/type/sermons/from/01-07-2015/to/31-12-2015/sort/dat,http://printandaudio.org.uk/app/search/resources/type/sermons/from/01-07-2015/to/31-12-2015/sort/dat
1837,1MD279MasterService19.04.09,transcript_link,http://www.printandaudio.org.uk/app/search/resources/type/sermons/from/01-01-2009/to/31-12-2009/sort,http://www.printandaudio.org.uk/app/search/resources/type/sermons/from/01-01-2009/to/31-12-2009/sort
1837,1MD279MasterService19.04.09,audio_link,http://www.printandaudio.org.uk/app/search/resources/type/sermons/from/01-01-2009/to/31-12-2009/sort,http://www.printandaudio.org.uk/app/search/resources/type/sermons/from/01-01-2009/to/31-12-2009/sort
1838,1MD281MasterService26.04.09,transcript_link,http://www.printandaudio.org.uk/app/search/resources/type/sermons/from/01-01-2009/to/31-12-2009/sort,http://www.printandaudio.org.uk/app/search/resources/type/sermons/from/01-01-2009/to/31-12-2009/sort
1838,1MD281MasterService26.04.09,audio_link,http://www.printandaudio.org.uk/app/search/resources/type/sermons/from/01-01-2009/to/31-12-2009/sort,http://www.printandaudio.org.uk/app/search/resources/type/sermons/from/01-01-2009/to/31-12-2009/sort
1839,1MD283MasterService03.05.09,transcript_link,http://www.printandaudio.org.uk/app/search/resources/type/sermons/from/01-01-2009/to/31-12-2009/sort,http://www.printandaudio.org.uk/app/search/resources/type/sermons/from/01-01-2009/to/31-12-2009/sort
1839,1MD283MasterService03.05.09,audio_link,http://www.printandaudio.org.uk/app/search/resources/type/sermons/from/01-01-2009/to/31-12-2009/sort,http://www.printandaudio.org.uk/app/search/resources/type/sermons/from/01-01-2009/to/31-12-2009/sort
1840,1MD285MasterService10.05.09,transcript_link,http://www.printandaudio.org.uk/app/search/resources/type/sermons/from/01-01-2009/to/31-12-2009/sort,http://www.printandaudio.org.uk/app/search/resources/type/sermons/from/01-01-2009/to/31-12-2009/sort
1840,1MD285MasterService10.05.09,audio_link,http://www.printandaudio.org.uk/app/search/resources/type/sermons/from/01-01-2009/to/31-12-2009/sort,http://www.printandaudio.org.uk/app/search/resources/type/sermons/from/01-01-2009/to/31-12-2009/sort
1841,1MD287MasterService17.05.09,transcript_link,http://www.printandaudio.org.uk/app/search/resources/type/sermons/from/01-01-2009/to/31-12-2009/sort,http://www.printandaudio.org.uk/app/search/resources/type/sermons/from/01-01-2009/to/31-12-2009/sort
1841,1MD287MasterService17.05.09,audio_link,http://www.printandaudio.org.uk/app/search/resources/type/sermons/from/01-01-2009/to/31-12-2009/sort,http://www.printandaudio.org.uk/app/search/resources/type/sermons/from/01-01-2009/to/31-12-2009/sort
1842,1MD289MasterService24.05.09,transcript_link,http://www.printandaudio.org.uk/app/search/resources/type/sermons/from/01-01-2009/to/31-12-2009/sort,http://www.printandaudio.org.uk/app/search/resources/type/sermons/from/01-01-2009/to/31-12-2009/sort
1842,1MD289MasterService24.05.09,audio_link,http://www.printandaudio.org.uk/app/search/resources/type/sermons/from/01-01-2009/to/31-12-2009/sort,http://www.printandaudio.org.uk/app/search/resources/type/sermons/from/01-01-2009/to/31-12-2009/sort
1843,1MD291MasterService31.05.09,transcript_link,http://www.printandaudio.org.uk/app/search/resources/type/sermons/from/01-01-2009/to/31-12-2009/sort,http://www.printandaudio.org.uk/app/search/resources/type/sermons/from/01-01-2009/to/31-12-2009/sort
1843,1MD291MasterService31.05.09,audio_link,http://www.printandaudio.org.uk/app/search/resources/type/sermons/from/01-01-2009/to/31-12-2009/sort,http://www.printandaudio.org.uk/app/search/resources/type/sermons/from/01-01-2009/to/31-12-2009/sort
1844,1MD293MasterService07.06.09,transcript_link,http://www.printandaudio.org.uk/app/search/resources/type/sermons/from/01-01-2009/to/31-12-2009/sort,http://www.printandaudio.org.uk/app/search/resources/type/sermons/from/01-01-2009/to/31-12-2009/sort
1844,1MD293MasterService07.06.09,audio_link,http://www.printandaudio.org.uk/app/search/resources/type/sermons/from/01-01-2009/to/31-12-2009/sort,http://www.printandaudio.org.uk/app/search/resources/type/sermons/from/01-01-2009/to/31-12-2009/sort
1845,1MD296MasterService14.06.09,transcript_link,http://www.printandaudio.org.uk/app/search/resources/type/sermons/from/01-01-2009/to/31-12-2009/sort,http://www.printandaudio.org.uk/app/search/resources/type/sermons/from/01-01-2009/to/31-12-2009/sort
1845,1MD296MasterService14.06.09,audio_link,http://www.printandaudio.org.uk/app/search/resources/type/sermons/from/01-01-2009/to/31-12-2009/sort,http://www.printandaudio.org.uk/app/search/resources/type/sermons/from/01-01-2009/to/31-12-2009/sort
1846,1MD421MasterService21.06.09,transcript_link,http://www.printandaudio.org.uk/app/search/resources/type/sermons/from/01-01-2009/to/31-12-2009/sort,http://www.printandaudio.org.uk/app/search/resources/type/sermons/from/01-01-2009/to/31-12-2009/sort
1846,1MD421MasterService21.06.09,audio_link,http://www.printandaudio.org.uk/app/search/resources/type/sermons/from/01-01-2009/to/31-12-2009/sort,http://www.printandaudio.org.uk/app/search/resources/type/sermons/from/01-01-2009/to/31-12-2009/sort
1847,1MD407MasterService28.06.09,transcript_link,http://www.printandaudio.org.uk/app/search/resources/type/sermons/from/01-01-2009/to/31-12-2009/sort,http://www.printandaudio.org.uk/app/search/resources/type/sermons/from/01-01-2009/to/31-12-2009/sort
1847,1MD407MasterService28.06.09,audio_link,http://www.printandaudio.org.uk/app/search/resources/type/sermons/from/01-01-2009/to/31-12-2009/sort,http://www.printandaudio.org.uk/app/search/resources/type/sermons/from/01-01-2009/to/31-12-2009/sort
1848,1MD419MasterService19.07.09,transcript_link,http://printandaudio.org.uk/app/search/resources/from/19-07-2009/to/20-12-2009/time/pm/church/jesmon,http://printandaudio.org.uk/app/search/resources/from/19-07-2009/to/20-12-2009/time/pm/church/jesmon
1848,1MD419MasterService19.07.09,audio_link,http://printandaudio.org.uk/app/search/resources/from/19-07-2009/to/20-12-2009/time/pm/church/jesmon,http://printandaudio.org.uk/app/search/resources/from/19-07-2009/to/20-12-2009/time/pm/church/jesmon
1849, 1MD531MasterService26.07.09,transcript_link,http://printandaudio.org.uk/app/search/resources/from/19-07-2009/to/20-12-2009/time/pm/church/jesmon,http://printandaudio.org.uk/app/search/resources/from/19-07-2009/to/20-12-2009/time/pm/church/jesmon
1849, 1MD531MasterService26.07.09,audio_link,http://printandaudio.org.uk/app/search/resources/from/19-07-2009/to/20-12-2009/time/pm/church/jesmon,http://printandaudio.org.uk/app/search/resources/from/19-07-2009/to/20-12-2009/time/pm/church/jesmon
1850,1MD533MasterService02.08.09,transcript_link,http://printandaudio.org.uk/app/search/resources/from/19-07-2009/to/20-12-2009/time/pm/church/jesmon,http://printandaudio.org.uk/app/search/resources/from/19-07-2009/to/20-12-2009/time/pm/church/jesmon
1850,1MD533MasterService02.08.09,audio_link,http://printandaudio.org.uk/app/search/resources/from/19-07-2009/to/20-12-2009/time/pm/church/jesmon,http://printandaudio.org.uk/app/search/resources/from/19-07-2009/to/20-12-2009/time/pm/church/jesmon
1851,1MD538MasterService09.08.09,transcript_link,http://printandaudio.org.uk/app/search/resources/from/19-07-2009/to/20-12-2009/time/pm/church/jesmon,http://printandaudio.org.uk/app/search/resources/from/19-07-2009/to/20-12-2009/time/pm/church/jesmon
1851,1MD538MasterService09.08.09,audio_link,http://printandaudio.org.uk/app/search/resources/from/19-07-2009/to/20-12-2009/time/pm/church/jesmon,http://printandaudio.org.uk/app/search/resources/from/19-07-2009/to/20-12-2009/time/pm/church/jesmon
1852,1MD540Sermon16.08.09,transcript_link,http://printandaudio.org.uk/app/search/resources/from/19-07-2009/to/20-12-2009/time/pm/church/jesmon,http://printandaudio.org.uk/app/search/resources/from/19-07-2009/to/20-12-2009/time/pm/church/jesmon
1852,1MD540Sermon16.08.09,audio_link,http://printandaudio.org.uk/app/search/resources/from/19-07-2009/to/20-12-2009/time/pm/church/jesmon,http://printandaudio.org.uk/app/search/resources/from/19-07-2009/to/20-12-2009/time/pm/church/jesmon
1853,1MD542Sermon23.08.09,transcript_link,http://printandaudio.org.uk/app/search/resources/from/19-07-2009/to/20-12-2009/time/pm/church/jesmon,http://printandaudio.org.uk/app/search/resources/from/19-07-2009/to/20-12-2009/time/pm/church/jesmon
1853,1MD542Sermon23.08.09,audio_link,http://printandaudio.org.uk/app/search/resources/from/19-07-2009/to/20-12-2009/time/pm/church/jesmon,http://printandaudio.org.uk/app/search/resources/from/19-07-2009/to/20-12-2009/time/pm/church/jesmon
1854,1MD544Sermon30.08.09,transcript_link,http://printandaudio.org.uk/app/search/resources/from/19-07-2009/to/20-12-2009/time/pm/church/jesmon,http://printandaudio.org.uk/app/search/resources/from/19-07-2009/to/20-12-2009/time/pm/church/jesmon
1854,1MD544Sermon30.08.09,audio_link,http://printandaudio.org.uk/app/search/resources/from/19-07-2009/to/20-12-2009/time/pm/church/jesmon,http://printandaudio.org.uk/app/search/resources/from/19-07-2009/to/20-12-2009/time/pm/church/jesmon
1855,1MD546Sermon06.09.09,transcript_link,http://printandaudio.org.uk/app/search/resources/from/19-07-2009/to/20-12-2009/time/pm/church/jesmon,http://printandaudio.org.uk/app/search/resources/from/19-07-2009/to/20-12-2009/time/pm/church/jesmon
1855,1MD546Sermon06.09.09,audio_link,http://printandaudio.org.uk/app/search/resources/from/19-07-2009/to/20-12-2009/time/pm/church/jesmon,http://printandaudio.org.uk/app/search/resources/from/19-07-2009/to/20-12-2009/time/pm/church/jesmon
1856,1MD548MasterService13.09.09,transcript_link,http://printandaudio.org.uk/app/search/resources/from/19-07-2009/to/20-12-2009/time/pm/church/jesmon,http://printandaudio.org.uk/app/search/resources/from/19-07-2009/to/20-12-2009/time/pm/church/jesmon
1856,1MD548MasterService13.09.09,audio_link,http://printandaudio.org.uk/app/search/resources/from/19-07-2009/to/20-12-2009/time/pm/church/jesmon,http://printandaudio.org.uk/app/search/resources/from/19-07-2009/to/20-12-2009/time/pm/church/jesmon
1857,1MD550MasterService20.09.09,transcript_link,http://printandaudio.org.uk/app/search/resources/from/19-07-2009/to/20-12-2009/time/pm/church/jesmon,http://printandaudio.org.uk/app/search/resources/from/19-07-2009/to/20-12-2009/time/pm/church/jesmon
1857,1MD550MasterService20.09.09,audio_link,http://printandaudio.org.uk/app/search/resources/from/19-07-2009/to/20-12-2009/time/pm/church/jesmon,http://printandaudio.org.uk/app/search/resources/from/19-07-2009/to/20-12-2009/time/pm/church/jesmon
1859,1MD554Service04.10.09,transcript_link,http://printandaudio.org.uk/app/search/resources/from/19-07-2009/to/20-12-2009/time/pm/church/jesmon,http://printandaudio.org.uk/app/search/resources/from/19-07-2009/to/20-12-2009/time/pm/church/jesmon
1859,1MD554Service04.10.09,audio_link,http://printandaudio.org.uk/app/search/resources/from/19-07-2009/to/20-12-2009/time/pm/church/jesmon,http://printandaudio.org.uk/app/search/resources/from/19-07-2009/to/20-12-2009/time/pm/church/jesmon
1860,1MD556MasterService11.10.09,transcript_link,http://printandaudio.org.uk/app/search/resources/from/19-07-2009/to/20-12-2009/time/pm/church/jesmon,http://printandaudio.org.uk/app/search/resources/from/19-07-2009/to/20-12-2009/time/pm/church/jesmon
1860,1MD556MasterService11.10.09,audio_link,http://printandaudio.org.uk/app/search/resources/from/19-07-2009/to/20-12-2009/time/pm/church/jesmon,http://printandaudio.org.uk/app/search/resources/from/19-07-2009/to/20-12-2009/time/pm/church/jesmon
1861,1MD558MasterService18.10.09,transcript_link,http://printandaudio.org.uk/app/search/resources/from/19-07-2009/to/20-12-2009/time/pm/church/jesmon,http://printandaudio.org.uk/app/search/resources/from/19-07-2009/to/20-12-2009/time/pm/church/jesmon
1861,1MD558MasterService18.10.09,audio_link,http://printandaudio.org.uk/app/search/resources/from/19-07-2009/to/20-12-2009/time/pm/church/jesmon,http://printandaudio.org.uk/app/search/resources/from/19-07-2009/to/20-12-2009/time/pm/church/jesmon
1862,1MD583MasterService25.10.09,transcript_link,http://printandaudio.org.uk/app/search/resources/from/19-07-2009/to/20-12-2009/time/pm/church/jesmon,http://printandaudio.org.uk/app/search/resources/from/19-07-2009/to/20-12-2009/time/pm/church/jesmon
1862,1MD583MasterService25.10.09,audio_link,http://printandaudio.org.uk/app/search/resources/from/19-07-2009/to/20-12-2009/time/pm/church/jesmon,http://printandaudio.org.uk/app/search/resources/from/19-07-2009/to/20-12-2009/time/pm/church/jesmon
1863,1MD591MasterService01.11.09,transcript_link,http://printandaudio.org.uk/app/search/resources/from/19-07-2009/to/20-12-2009/time/pm/church/jesmon,http://printandaudio.org.uk/app/search/resources/from/19-07-2009/to/20-12-2009/time/pm/church/jesmon
1863,1MD591MasterService01.11.09,audio_link,http://printandaudio.org.uk/app/search/resources/from/19-07-2009/to/20-12-2009/time/pm/church/jesmon,http://printandaudio.org.uk/app/search/resources/from/19-07-2009/to/20-12-2009/time/pm/church/jesmon
1864,1MD593MasterService08.11.09,transcript_link,http://printandaudio.org.uk/app/search/resources/from/19-07-2009/to/20-12-2009/time/pm/church/jesmon,http://printandaudio.org.uk/app/search/resources/from/19-07-2009/to/20-12-2009/time/pm/church/jesmon
1864,1MD593MasterService08.11.09,audio_link,http://printandaudio.org.uk/app/search/resources/from/19-07-2009/to/20-12-2009/time/pm/church/jesmon,http://printandaudio.org.uk/app/search/resources/from/19-07-2009/to/20-12-2009/time/pm/church/jesmon
1865,1MD595MasterService15.11.09,transcript_link,http://printandaudio.org.uk/app/search/resources/from/19-07-2009/to/20-12-2009/time/pm/church/jesmon,http://printandaudio.org.uk/app/search/resources/from/19-07-2009/to/20-12-2009/time/pm/church/jesmon
1865,1MD595MasterService15.11.09,audio_link,http://printandaudio.org.uk/app/search/resources/from/19-07-2009/to/20-12-2009/time/pm/church/jesmon,http://printandaudio.org.uk/app/search/resources/from/19-07-2009/to/20-12-2009/time/pm/church/jesmon
1866, 1MD603MasterService22.11.09,transcript_link,http://printandaudio.org.uk/app/search/resources/from/19-07-2009/to/20-12-2009/time/pm/church/jesmon,http://printandaudio.org.uk/app/search/resources/from/19-07-2009/to/20-12-2009/time/pm/church/jesmon
1866, 1MD603MasterService22.11.09,audio_link,http://printandaudio.org.uk/app/search/resources/from/19-07-2009/to/20-12-2009/time/pm/church/jesmon,http://printandaudio.org.uk/app/search/resources/from/19-07-2009/to/20-12-2009/time/pm/church/jesmon
1867,1MD611MasterService29.11.09,transcript_link,http://printandaudio.org.uk/app/search/resources/from/19-07-2009/to/20-12-2009/time/pm/church/jesmon,http://printandaudio.org.uk/app/search/resources/from/19-07-2009/to/20-12-2009/time/pm/church/jesmon
1867,1MD611MasterService29.11.09,audio_link,http://printandaudio.org.uk/app/search/resources/from/19-07-2009/to/20-12-2009/time/pm/church/jesmon,http://printandaudio.org.uk/app/search/resources/from/19-07-2009/to/20-12-2009/time/pm/church/jesmon
1868,1MD613MasterService20.12.09,transcript_link,http://printandaudio.org.uk/app/search/resources/from/19-07-2009/to/20-12-2009/time/pm/church/jesmon,http://printandaudio.org.uk/app/search/resources/from/19-07-2009/to/20-12-2009/time/pm/church/jesmon
1868,1MD613MasterService20.12.09,audio_link,http://printandaudio.org.uk/app/search/resources/from/19-07-2009/to/20-12-2009/time/pm/church/jesmon,http://printandaudio.org.uk/app/search/resources/from/19-07-2009/to/20-12-2009/time/pm/church/jesmon
1869,1MD623Service07.02.10,transcript_link,http://printandaudio.org.uk/app/search/resources/from/03-01-2010/to/28-03-2010/time/pm/church/jesmon,http://printandaudio.org.uk/app/search/resources/from/03-01-2010/to/28-03-2010/time/pm/church/jesmon
1869,1MD623Service07.02.10,audio_link,http://printandaudio.org.uk/app/search/resources/from/03-01-2010/to/28-03-2010/time/pm/church/jesmon,http://printandaudio.org.uk/app/search/resources/from/03-01-2010/to/28-03-2010/time/pm/church/jesmon
1870,1MD642Service14.03.10,transcript_link,http://printandaudio.org.uk/app/search/resources/from/03-01-2010/to/28-03-2010/time/pm/church/jesmon,http://printandaudio.org.uk/app/search/resources/from/03-01-2010/to/28-03-2010/time/pm/church/jesmon
1870,1MD642Service14.03.10,audio_link,http://printandaudio.org.uk/app/search/resources/from/03-01-2010/to/28-03-2010/time/pm/church/jesmon,http://printandaudio.org.uk/app/search/resources/from/03-01-2010/to/28-03-2010/time/pm/church/jesmon
1872,1MD676MasterService06.06.10,transcript_link,http://printandaudio.org.uk/app/search/resources/type/sermons/from/04-04-2010/to/27-06-2010/time/pm/,http://printandaudio.org.uk/app/search/resources/type/sermons/from/04-04-2010/to/27-06-2010/time/pm/
1872,1MD676MasterService06.06.10,audio_link,http://printandaudio.org.uk/app/search/resources/type/sermons/from/04-04-2010/to/27-06-2010/time/pm/,http://printandaudio.org.uk/app/search/resources/type/sermons/from/04-04-2010/to/27-06-2010/time/pm/
1873,1MD678MasterService13.06.10,transcript_link,http://printandaudio.org.uk/app/search/resources/type/sermons/from/04-04-2010/to/27-06-2010/time/pm/,http://printandaudio.org.uk/app/search/resources/type/sermons/from/04-04-2010/to/27-06-2010/time/pm/
1873,1MD678MasterService13.06.10,audio_link,http://printandaudio.org.uk/app/search/resources/type/sermons/from/04-04-2010/to/27-06-2010/time/pm/,http://printandaudio.org.uk/app/search/resources/type/sermons/from/04-04-2010/to/27-06-2010/time/pm/
1874,1MD684MasterService20.06.10,transcript_link,http://printandaudio.org.uk/app/search/resources/type/sermons/from/04-04-2010/to/27-06-2010/time/pm/,http://printandaudio.org.uk/app/search/resources/type/sermons/from/04-04-2010/to/27-06-2010/time/pm/
1874,1MD684MasterService20.06.10,audio_link,http://printandaudio.org.uk/app/search/resources/type/sermons/from/04-04-2010/to/27-06-2010/time/pm/,http://printandaudio.org.uk/app/search/resources/type/sermons/from/04-04-2010/to/27-06-2010/time/pm/
1875,1MD686MasterService27.06.10,transcript_link,http://printandaudio.org.uk/app/search/resources/type/sermons/from/04-04-2010/to/27-06-2010/time/pm/,http://printandaudio.org.uk/app/search/resources/type/sermons/from/04-04-2010/to/27-06-2010/time/pm/
1875,1MD686MasterService27.06.10,audio_link,http://printandaudio.org.uk/app/search/resources/type/sermons/from/04-04-2010/to/27-06-2010/time/pm/,http://printandaudio.org.uk/app/search/resources/type/sermons/from/04-04-2010/to/27-06-2010/time/pm/
1876,1MD692MasterService04.07.10,transcript_link,http://printandaudio.org.uk/app/search/resources/type/sermons/from/04-07-2010/to/26-09-2010/time/pm/,http://printandaudio.org.uk/app/search/resources/type/sermons/from/04-07-2010/to/26-09-2010/time/pm/
1876,1MD692MasterService04.07.10,audio_link,http://printandaudio.org.uk/app/search/resources/type/sermons/from/04-07-2010/to/26-09-2010/time/pm/,http://printandaudio.org.uk/app/search/resources/type/sermons/from/04-07-2010/to/26-09-2010/time/pm/
1877,1MD694MasterService11.07.10,transcript_link,http://printandaudio.org.uk/app/search/resources/type/sermons/from/04-07-2010/to/26-09-2010/time/pm/,http://printandaudio.org.uk/app/search/resources/type/sermons/from/04-07-2010/to/26-09-2010/time/pm/
1877,1MD694MasterService11.07.10,audio_link,http://printandaudio.org.uk/app/search/resources/type/sermons/from/04-07-2010/to/26-09-2010/time/pm/,http://printandaudio.org.uk/app/search/resources/type/sermons/from/04-07-2010/to/26-09-2010/time/pm/
1878,1MD700MasterService25.07.10,transcript_link,http://printandaudio.org.uk/app/search/resources/type/sermons/from/04-07-2010/to/26-09-2010/time/pm/,http://printandaudio.org.uk/app/search/resources/type/sermons/from/04-07-2010/to/26-09-2010/time/pm/
1878,1MD700MasterService25.07.10,audio_link,http://printandaudio.org.uk/app/search/resources/type/sermons/from/04-07-2010/to/26-09-2010/time/pm/,http://printandaudio.org.uk/app/search/resources/type/sermons/from/04-07-2010/to/26-09-2010/time/pm/
1879,1MD702MasterService01.08.10,transcript_link,http://printandaudio.org.uk/app/search/resources/type/sermons/from/04-07-2010/to/26-09-2010/time/pm/,http://printandaudio.org.uk/app/search/resources/type/sermons/from/04-07-2010/to/26-09-2010/time/pm/
1879,1MD702MasterService01.08.10,audio_link,http://printandaudio.org.uk/app/search/resources/type/sermons/from/04-07-2010/to/26-09-2010/time/pm/,http://printandaudio.org.uk/app/search/resources/type/sermons/from/04-07-2010/to/26-09-2010/time/pm/
1880,1MD706Sermon22.08.10,transcript_link,http://printandaudio.org.uk/app/search/resources/type/sermons/from/04-07-2010/to/26-09-2010/time/pm/,http://printandaudio.org.uk/app/search/resources/type/sermons/from/04-07-2010/to/26-09-2010/time/pm/
1880,1MD706Sermon22.08.10,audio_link,http://printandaudio.org.uk/app/search/resources/type/sermons/from/04-07-2010/to/26-09-2010/time/pm/,http://printandaudio.org.uk/app/search/resources/type/sermons/from/04-07-2010/to/26-09-2010/time/pm/
1881,1MD708Sermon29.08.10,transcript_link,http://printandaudio.org.uk/app/search/resources/type/sermons/from/04-07-2010/to/26-09-2010/time/pm/,http://printandaudio.org.uk/app/search/resources/type/sermons/from/04-07-2010/to/26-09-2010/time/pm/
1881,1MD708Sermon29.08.10,audio_link,http://printandaudio.org.uk/app/search/resources/type/sermons/from/04-07-2010/to/26-09-2010/time/pm/,http://printandaudio.org.uk/app/search/resources/type/sermons/from/04-07-2010/to/26-09-2010/time/pm/
1882, 1MD710MasterService05.09.10,transcript_link,http://printandaudio.org.uk/app/search/resources/type/sermons/from/04-07-2010/to/26-09-2010/time/pm/,http://printandaudio.org.uk/app/search/resources/type/sermons/from/04-07-2010/to/26-09-2010/time/pm/
1882, 1MD710MasterService05.09.10,audio_link,http://printandaudio.org.uk/app/search/resources/type/sermons/from/04-07-2010/to/26-09-2010/time/pm/,http://printandaudio.org.uk/app/search/resources/type/sermons/from/04-07-2010/to/26-09-2010/time/pm/
1883,1MD712MasterService12.09.10,transcript_link,http://printandaudio.org.uk/app/search/resources/type/sermons/from/04-07-2010/to/26-09-2010/time/pm/,http://printandaudio.org.uk/app/search/resources/type/sermons/from/04-07-2010/to/26-09-2010/time/pm/
1883,1MD712MasterService12.09.10,audio_link,http://printandaudio.org.uk/app/search/resources/type/sermons/from/04-07-2010/to/26-09-2010/time/pm/,http://printandaudio.org.uk/app/search/resources/type/sermons/from/04-07-2010/to/26-09-2010/time/pm/
1885,1MD716MasterService26.09.10,transcript_link,http://printandaudio.org.uk/app/search/resources/type/sermons/from/04-07-2010/to/26-09-2010/time/pm/,http://printandaudio.org.uk/app/search/resources/type/sermons/from/04-07-2010/to/26-09-2010/time/pm/
1885,1MD716MasterService26.09.10,audio_link,http://printandaudio.org.uk/app/search/resources/type/sermons/from/04-07-2010/to/26-09-2010/time/pm/,http://printandaudio.org.uk/app/search/resources/type/sermons/from/04-07-2010/to/26-09-2010/time/pm/
1886,1MD718MasterService03.10.10,transcript_link,http://printandaudio.org.uk/app/search/resources/type/sermons/from/03-10-2010/to/05-12-2010/time/pm/,http://printandaudio.org.uk/app/search/resources/type/sermons/from/03-10-2010/to/05-12-2010/time/pm/
1886,1MD718MasterService03.10.10,audio_link,http://printandaudio.org.uk/app/search/resources/type/sermons/from/03-10-2010/to/05-12-2010/time/pm/,http://printandaudio.org.uk/app/search/resources/type/sermons/from/03-10-2010/to/05-12-2010/time/pm/
1887,1MD720Service10.10.10,transcript_link,http://printandaudio.org.uk/app/search/resources/type/sermons/from/03-10-2010/to/05-12-2010/time/pm/,http://printandaudio.org.uk/app/search/resources/type/sermons/from/03-10-2010/to/05-12-2010/time/pm/
1887,1MD720Service10.10.10,audio_link,http://printandaudio.org.uk/app/search/resources/type/sermons/from/03-10-2010/to/05-12-2010/time/pm/,http://printandaudio.org.uk/app/search/resources/type/sermons/from/03-10-2010/to/05-12-2010/time/pm/
1888,1MD722MasterService17.10.10,transcript_link,http://printandaudio.org.uk/app/search/resources/type/sermons/from/03-10-2010/to/05-12-2010/time/pm/,http://printandaudio.org.uk/app/search/resources/type/sermons/from/03-10-2010/to/05-12-2010/time/pm/
1888,1MD722MasterService17.10.10,audio_link,http://printandaudio.org.uk/app/search/resources/type/sermons/from/03-10-2010/to/05-12-2010/time/pm/,http://printandaudio.org.uk/app/search/resources/type/sermons/from/03-10-2010/to/05-12-2010/time/pm/
1889, 1MD724MasterService24.10.10,transcript_link,http://printandaudio.org.uk/app/search/resources/type/sermons/from/03-10-2010/to/05-12-2010/time/pm/,http://printandaudio.org.uk/app/search/resources/type/sermons/from/03-10-2010/to/05-12-2010/time/pm/
1889, 1MD724MasterService24.10.10,audio_link,http://printandaudio.org.uk/app/search/resources/type/sermons/from/03-10-2010/to/05-12-2010/time/pm/,http://printandaudio.org.uk/app/search/resources/type/sermons/from/03-10-2010/to/05-12-2010/time/pm/
1890,1MD726MasterService31.10.10,transcript_link,http://printandaudio.org.uk/app/search/resources/type/sermons/from/03-10-2010/to/05-12-2010/time/pm/,http://printandaudio.org.uk/app/search/resources/type/sermons/from/03-10-2010/to/05-12-2010/time/pm/
1890,1MD726MasterService31.10.10,audio_link,http://printandaudio.org.uk/app/search/resources/type/sermons/from/03-10-2010/to/05-12-2010/time/pm/,http://printandaudio.org.uk/app/search/resources/type/sermons/from/03-10-2010/to/05-12-2010/time/pm/
1891,1MD728MasterService07.11.10,transcript_link,http://printandaudio.org.uk/app/search/resources/type/sermons/from/03-10-2010/to/05-12-2010/time/pm/,http://printandaudio.org.uk/app/search/resources/type/sermons/from/03-10-2010/to/05-12-2010/time/pm/
1891,1MD728MasterService07.11.10,audio_link,http://printandaudio.org.uk/app/search/resources/type/sermons/from/03-10-2010/to/05-12-2010/time/pm/,http://printandaudio.org.uk/app/search/resources/type/sermons/from/03-10-2010/to/05-12-2010/time/pm/
1892,1MD730MasterService14.11.10,transcript_link,http://printandaudio.org.uk/app/search/resources/type/sermons/from/03-10-2010/to/05-12-2010/time/pm/,http://printandaudio.org.uk/app/search/resources/type/sermons/from/03-10-2010/to/05-12-2010/time/pm/
1892,1MD730MasterService14.11.10,audio_link,http://printandaudio.org.uk/app/search/resources/type/sermons/from/03-10-2010/to/05-12-2010/time/pm/,http://printandaudio.org.uk/app/search/resources/type/sermons/from/03-10-2010/to/05-12-2010/time/pm/
1893,1MD776MasterService21.11.10,transcript_link,http://printandaudio.org.uk/app/search/resources/type/sermons/from/03-10-2010/to/05-12-2010/time/pm/,http://printandaudio.org.uk/app/search/resources/type/sermons/from/03-10-2010/to/05-12-2010/time/pm/
1893,1MD776MasterService21.11.10,audio_link,http://printandaudio.org.uk/app/search/resources/type/sermons/from/03-10-2010/to/05-12-2010/time/pm/,http://printandaudio.org.uk/app/search/resources/type/sermons/from/03-10-2010/to/05-12-2010/time/pm/
1894,1MD778MasterService28.11.10,transcript_link,http://printandaudio.org.uk/app/search/resources/type/sermons/from/03-10-2010/to/05-12-2010/time/pm/,http://printandaudio.org.uk/app/search/resources/type/sermons/from/03-10-2010/to/05-12-2010/time/pm/
1894,1MD778MasterService28.11.10,audio_link,http://printandaudio.org.uk/app/search/resources/type/sermons/from/03-10-2010/to/05-12-2010/time/pm/,http://printandaudio.org.uk/app/search/resources/type/sermons/from/03-10-2010/to/05-12-2010/time/pm/
1895,1MD781MasterService05.12.10,transcript_link,http://printandaudio.org.uk/app/search/resources/type/sermons/from/03-10-2010/to/05-12-2010/time/pm/,http://printandaudio.org.uk/app/search/resources/type/sermons/from/03-10-2010/to/05-12-2010/time/pm/
1895,1MD781MasterService05.12.10,audio_link,http://printandaudio.org.uk/app/search/resources/type/sermons/from/03-10-2010/to/05-12-2010/time/pm/,http://printandaudio.org.uk/app/search/resources/type/sermons/from/03-10-2010/to/05-12-2010/time/pm/
1898,1MD2726Sermon04.10.15,transcript_link,http://printandaudio.org.uk/app/search/resources/type/sermons/from/01-07-2015/to/31-12-2015/sort/dat,http://printandaudio.org.uk/app/search/resources/type/sermons/from/01-07-2015/to/31-12-2015/sort/dat
1898,1MD2726Sermon04.10.15,audio_link,http://printandaudio.org.uk/app/search/resources/type/sermons/from/01-07-2015/to/31-12-2015/sort/dat,http://printandaudio.org.uk/app/search/resources/type/sermons/from/01-07-2015/to/31-12-2015/sort/dat
1902,1MD2731Sermon11.10.15,transcript_link,http://printandaudio.org.uk/app/search/resources/type/sermons/from/01-07-2015/to/31-12-2015/sort/dat,http://printandaudio.org.uk/app/search/resources/type/sermons/from/01-07-2015/to/31-12-2015/sort/dat
1902,1MD2731Sermon11.10.15,audio_link,http://printandaudio.org.uk/app/search/resources/type/sermons/from/01-07-2015/to/31-12-2015/sort/dat,http://printandaudio.org.uk/app/search/resources/type/sermons/from/01-07-2015/to/31-12-2015/sort/dat
1905,1MD2765Sermon18.10.15,transcript_link,http://printandaudio.org.uk/app/search/resources/type/sermons/from/01-07-2015/to/31-12-2015/sort/dat,http://printandaudio.org.uk/app/search/resources/type/sermons/from/01-07-2015/to/31-12-2015/sort/dat
1905,1MD2765Sermon18.10.15,audio_link,http://printandaudio.org.uk/app/search/resources/type/sermons/from/01-07-2015/to/31-12-2015/sort/dat,http://printandaudio.org.uk/app/search/resources/type/sermons/from/01-07-2015/to/31-12-2015/sort/dat
1956,1MD2811Sermon25.10.15,transcript_link,http://printandaudio.org.uk/app/search/resources/type/sermons/from/01-07-2015/to/31-12-2015/sort/dat,http://printandaudio.org.uk/app/search/resources/type/sermons/from/01-07-2015/to/31-12-2015/sort/dat
1956,1MD2811Sermon25.10.15,audio_link,http://printandaudio.org.uk/app/search/resources/type/sermons/from/01-07-2015/to/31-12-2015/sort/dat,http://printandaudio.org.uk/app/search/resources/type/sermons/from/01-07-2015/to/31-12-2015/sort/dat
1996,1MD2888Sermon01.11.15,transcript_link,http://printandaudio.org.uk/app/search/resources/type/sermons/from/01-07-2015/to/31-12-2015/sort/dat,http://printandaudio.org.uk/app/search/resources/type/sermons/from/01-07-2015/to/31-12-2015/sort/dat
1996,1MD2888Sermon01.11.15,audio_link,http://printandaudio.org.uk/app/search/resources/type/sermons/from/01-07-2015/to/31-12-2015/sort/dat,http://printandaudio.org.uk/app/search/resources/type/sermons/from/01-07-2015/to/31-12-2015/sort/dat
2002,1MD2892Sermon08.11.15,transcript_link,http://printandaudio.org.uk/app/search/resources/type/sermons/from/01-07-2015/to/31-12-2015/sort/dat,http://printandaudio.org.uk/app/search/resources/type/sermons/from/01-07-2015/to/31-12-2015/sort/dat
2002,1MD2892Sermon08.11.15,audio_link,http://printandaudio.org.uk/app/search/resources/type/sermons/from/01-07-2015/to/31-12-2015/sort/dat,http://printandaudio.org.uk/app/search/resources/type/sermons/from/01-07-2015/to/31-12-2015/sort/dat
2024,1MD2900Sermon15.11.15,transcript_link,http://printandaudio.org.uk/app/search/resources/type/sermons/from/01-07-2015/to/31-12-2015/sort/dat,http://printandaudio.org.uk/app/search/resources/type/sermons/from/01-07-2015/to/31-12-2015/sort/dat
2024,1MD2900Sermon15.11.15,audio_link,http://printandaudio.org.uk/app/search/resources/type/sermons/from/01-07-2015/to/31-12-2015/sort/dat,http://printandaudio.org.uk/app/search/resources/type/sermons/from/01-07-2015/to/31-12-2015/sort/dat
2027,1MD2409Sermon22.11.15,transcript_link,http://printandaudio.org.uk/app/search/resources/type/sermons/from/01-07-2015/to/31-12-2015/sort/dat,http://printandaudio.org.uk/app/search/resources/type/sermons/from/01-07-2015/to/31-12-2015/sort/dat
2027,1MD2409Sermon22.11.15,audio_link,http://printandaudio.org.uk/app/search/resources/type/sermons/from/01-07-2015/to/31-12-2015/sort/dat,http://printandaudio.org.uk/app/search/resources/type/sermons/from/01-07-2015/to/31-12-2015/sort/dat
2043,1MD2915Sermon29.11.15,audio_link,http://printandaudio.org.uk/app/search/resources/type/sermons/from/01-07-2015/to/31-12-2015/sort/dat,http://printandaudio.org.uk/app/search/resources/type/sermons/from/01-07-2015/to/31-12-2015/sort/dat
2060,1MD2923Sermon06.12.15,transcript_link,http://printandaudio.org.uk/app/search/resources/type/sermons/from/01-07-2015/to/31-12-2015/sort/dat,http://printandaudio.org.uk/app/search/resources/type/sermons/from/01-07-2015/to/31-12-2015/sort/dat
2060,1MD2923Sermon06.12.15,audio_link,http://printandaudio.org.uk/app/search/resources/type/sermons/from/01-07-2015/to/31-12-2015/sort/dat,http://printandaudio.org.uk/app/search/resources/type/sermons/from/01-07-2015/to/31-12-2015/sort/dat
2063,1MD2957Sermon06.12.15,transcript_link,http://printandaudio.org.uk/app/search/resources/type/sermons/from/01-07-2015/to/31-12-2015/sort/dat,http://printandaudio.org.uk/app/search/resources/type/sermons/from/01-07-2015/to/31-12-2015/sort/dat
2063,1MD2957Sermon06.12.15,audio_link,http://printandaudio.org.uk/app/search/resources/type/sermons/from/01-07-2015/to/31-12-2015/sort/dat,http://printandaudio.org.uk/app/search/resources/type/sermons/from/01-07-2015/to/31-12-2015/sort/dat
2080,1MD2961Sermon13.12.15,transcript_link,http://printandaudio.org.uk/app/search/resources/type/sermons/from/01-07-2015/to/31-12-2015/sort/dat,http://printandaudio.org.uk/app/search/resources/type/sermons/from/01-07-2015/to/31-12-2015/sort/dat
2080,1MD2961Sermon13.12.15,audio_link,http://printandaudio.org.uk/app/search/resources/type/sermons/from/01-07-2015/to/31-12-2015/sort/dat,http://printandaudio.org.uk/app/search/resources/type/sermons/from/01-07-2015/to/31-12-2015/sort/dat
2083,1MD2965Sermon03.01.16,transcript_link,http://printandaudio.org.uk/app/search/resources/type/sermons/from/01-01-2016/to/31-12-2016/sort/dat,http://printandaudio.org.uk/app/search/resources/type/sermons/from/01-01-2016/to/31-12-2016/sort/dat
2083,1MD2965Sermon03.01.16,audio_link,http://printandaudio.org.uk/app/search/resources/type/sermons/from/01-01-2016/to/31-12-2016/sort/dat,http://printandaudio.org.uk/app/search/resources/type/sermons/from/01-01-2016/to/31-12-2016/sort/dat
2087,1MD2998Sermon10.01.16,transcript_link,http://printandaudio.org.uk/app/search/resources/type/sermons/from/01-01-2016/to/31-12-2016/sort/dat,http://printandaudio.org.uk/app/search/resources/type/sermons/from/01-01-2016/to/31-12-2016/sort/dat
2087,1MD2998Sermon10.01.16,audio_link,http://printandaudio.org.uk/app/search/resources/type/sermons/from/01-01-2016/to/31-12-2016/sort/dat,http://printandaudio.org.uk/app/search/resources/type/sermons/from/01-01-2016/to/31-12-2016/sort/dat
2092,1MD3002Sermon17.01.16,transcript_link,http://printandaudio.org.uk/app/search/resources/type/sermons/from/01-01-2016/to/31-12-2016/sort/dat,http://printandaudio.org.uk/app/search/resources/type/sermons/from/01-01-2016/to/31-12-2016/sort/dat
2092,1MD3002Sermon17.01.16,audio_link,http://printandaudio.org.uk/app/search/resources/type/sermons/from/01-01-2016/to/31-12-2016/sort/dat,http://printandaudio.org.uk/app/search/resources/type/sermons/from/01-01-2016/to/31-12-2016/sort/dat
2101,1MD3007Sermon24.01.16,transcript_link,http://printandaudio.org.uk/app/search/resources/type/sermons/from/01-01-2016/to/31-12-2016/sort/dat,http://printandaudio.org.uk/app/search/resources/type/sermons/from/01-01-2016/to/31-12-2016/sort/dat
2101,1MD3007Sermon24.01.16,audio_link,http://printandaudio.org.uk/app/search/resources/type/sermons/from/01-01-2016/to/31-12-2016/sort/dat,http://printandaudio.org.uk/app/search/resources/type/sermons/from/01-01-2016/to/31-12-2016/sort/dat
2105,1MD3009Sermon31.01.16,transcript_link,http://printandaudio.org.uk/app/search/resources/type/sermons/from/01-01-2016/to/31-12-2016/sort/dat,http://printandaudio.org.uk/app/search/resources/type/sermons/from/01-01-2016/to/31-12-2016/sort/dat
2105,1MD3009Sermon31.01.16,audio_link,http://printandaudio.org.uk/app/search/resources/type/sermons/from/01-01-2016/to/31-12-2016/sort/dat,http://printandaudio.org.uk/app/search/resources/type/sermons/from/01-01-2016/to/31-12-2016/sort/dat
2109,1MD3012Sermon07.02.16,transcript_link,http://printandaudio.org.uk/app/search/resources/type/sermons/from/01-01-2016/to/31-12-2016/sort/dat,http://printandaudio.org.uk/app/search/resources/type/sermons/from/01-01-2016/to/31-12-2016/sort/dat
2109,1MD3012Sermon07.02.16,audio_link,http://printandaudio.org.uk/app/search/resources/type/sermons/from/01-01-2016/to/31-12-2016/sort/dat,http://printandaudio.org.uk/app/search/resources/type/sermons/from/01-01-2016/to/31-12-2016/sort/dat
2113,1MD3021Sermon14.02.16,transcript_link,http://printandaudio.org.uk/app/search/resources/type/sermons/from/01-01-2016/to/31-12-2016/sort/dat,http://printandaudio.org.uk/app/search/resources/type/sermons/from/01-01-2016/to/31-12-2016/sort/dat
2113,1MD3021Sermon14.02.16,audio_link,http://printandaudio.org.uk/app/search/resources/type/sermons/from/01-01-2016/to/31-12-2016/sort/dat,http://printandaudio.org.uk/app/search/resources/type/sermons/from/01-01-2016/to/31-12-2016/sort/dat
2182,MD2046Sermon06.03.16,transcript_link,http://printandaudio.org.uk/app/search/resources/type/sermons/from/01-01-2016/to/31-12-2016/sort/dat,http://printandaudio.org.uk/app/search/resources/type/sermons/from/01-01-2016/to/31-12-2016/sort/dat
2182,MD2046Sermon06.03.16,audio_link,http://printandaudio.org.uk/app/search/resources/type/sermons/from/01-01-2016/to/31-12-2016/sort/dat,http://printandaudio.org.uk/app/search/resources/type/sermons/from/01-01-2016/to/31-12-2016/sort/dat
2185,MD3032mp4MasterJesCon16Fundamental Issues,transcript_link,http://printandaudio.org.uk/app/search/resources/series/281/resource/3024/title/talk-1-fundamental-i,http://printandaudio.org.uk/app/search/resources/series/281/resource/3024/title/talk-1-fundamental-i
2185,MD3032mp4MasterJesCon16Fundamental Issues,audio_link,http://printandaudio.org.uk/app/search/resources/series/281/resource/3024/title/talk-1-fundamental-i,http://printandaudio.org.uk/app/search/resources/series/281/resource/3024/title/talk-1-fundamental-i
2186,MD3033mp4MasterJesCon16Christian Faith & Scientism,transcript_link,http://printandaudio.org.uk/app/search/resources/series/281/resource/3025/title/talk-2-christian-fai,http://printandaudio.org.uk/app/search/resources/series/281/resource/3025/title/talk-2-christian-fai
2186,MD3033mp4MasterJesCon16Christian Faith & Scientism,audio_link,http://printandaudio.org.uk/app/search/resources/series/281/resource/3025/title/talk-2-christian-fai,http://printandaudio.org.uk/app/search/resources/series/281/resource/3025/title/talk-2-christian-fai
2187,MD3034mp4MasterJesCon16Teaching Christian Sexual Ethics,transcript_link,http://printandaudio.org.uk/app/search/resources/series/281/resource/3026/title/talk-3-teaching-chri,http://printandaudio.org.uk/app/search/resources/series/281/resource/3026/title/talk-3-teaching-chri
2187,MD3034mp4MasterJesCon16Teaching Christian Sexual Ethics,audio_link,http://printandaudio.org.uk/app/search/resources/series/281/resource/3026/title/talk-3-teaching-chri,http://printandaudio.org.uk/app/search/resources/series/281/resource/3026/title/talk-3-teaching-chri
2188,MD3035mp4MasterJesCon16Multi-faithism and the Future,transcript_link,http://printandaudio.org.uk/app/search/resources/series/281/resource/3027/title/talk-4-multi-faithis,http://printandaudio.org.uk/app/search/resources/series/281/resource/3027/title/talk-4-multi-faithis
2188,MD3035mp4MasterJesCon16Multi-faithism and the Future,audio_link,http://printandaudio.org.uk/app/search/resources/series/281/resource/3027/title/talk-4-multi-faithis,http://printandaudio.org.uk/app/search/resources/series/281/resource/3027/title/talk-4-multi-faithis
2189,1MD3035mp4MasterJesCon16Multi-faithism and the Future,audio_link,http://printandaudio.org.uk/app/search/resources/series/281/resource/3028/title/final-talk-education,http://printandaudio.org.uk/app/search/resources/series/281/resource/3028/title/final-talk-education
2191,MD3050Sermon13.03.16,transcript_link,http://printandaudio.org.uk/app/search/resources/type/sermons/from/01-01-2016/to/31-12-2016/sort/dat,http://printandaudio.org.uk/app/search/resources/type/sermons/from/01-01-2016/to/31-12-2016/sort/dat
2191,MD3050Sermon13.03.16,audio_link,http://printandaudio.org.uk/app/search/resources/type/sermons/from/01-01-2016/to/31-12-2016/sort/dat,http://printandaudio.org.uk/app/search/resources/type/sermons/from/01-01-2016/to/31-12-2016/sort/dat
2209,MD3056Sermon20.03.16,transcript_link,http://printandaudio.org.uk/app/search/resources/type/sermons/from/01-01-2016/to/31-12-2016/sort/dat,http://printandaudio.org.uk/app/search/resources/type/sermons/from/01-01-2016/to/31-12-2016/sort/dat
2209,MD3056Sermon20.03.16,audio_link,http://printandaudio.org.uk/app/search/resources/type/sermons/from/01-01-2016/to/31-12-2016/sort/dat,http://printandaudio.org.uk/app/search/resources/type/sermons/from/01-01-2016/to/31-12-2016/sort/dat
2213,MD3061Sermon27.03.16,transcript_link,http://printandaudio.org.uk/app/search/resources/type/sermons/from/01-01-2016/to/31-12-2016/sort/dat,http://printandaudio.org.uk/app/search/resources/type/sermons/from/01-01-2016/to/31-12-2016/sort/dat
2213,MD3061Sermon27.03.16,audio_link,http://printandaudio.org.uk/app/search/resources/type/sermons/from/01-01-2016/to/31-12-2016/sort/dat,http://printandaudio.org.uk/app/search/resources/type/sermons/from/01-01-2016/to/31-12-2016/sort/dat
2230,MD3065Sermon03.04.16,transcript_link,http://printandaudio.org.uk/app/search/resources/type/sermons/from/01-01-2016/to/31-12-2016/sort/dat,http://printandaudio.org.uk/app/search/resources/type/sermons/from/01-01-2016/to/31-12-2016/sort/dat
2230,MD3065Sermon03.04.16,audio_link,http://printandaudio.org.uk/app/search/resources/type/sermons/from/01-01-2016/to/31-12-2016/sort/dat,http://printandaudio.org.uk/app/search/resources/type/sermons/from/01-01-2016/to/31-12-2016/sort/dat
2269,MD3068Sermon10.04.16,transcript_link,http://printandaudio.org.uk/app/search/resources/type/sermons/from/01-01-2016/to/31-12-2016/sort/dat,http://printandaudio.org.uk/app/search/resources/type/sermons/from/01-01-2016/to/31-12-2016/sort/dat
2269,MD3068Sermon10.04.16,audio_link,http://printandaudio.org.uk/app/search/resources/type/sermons/from/01-01-2016/to/31-12-2016/sort/dat,http://printandaudio.org.uk/app/search/resources/type/sermons/from/01-01-2016/to/31-12-2016/sort/dat
2388,MD3072Sermon17.04.16,transcript_link,http://printandaudio.org.uk/app/search/resources/type/sermons/from/01-01-2016/to/31-12-2016/sort/dat,http://printandaudio.org.uk/app/search/resources/type/sermons/from/01-01-2016/to/31-12-2016/sort/dat
2388,MD3072Sermon17.04.16,audio_link,http://printandaudio.org.uk/app/search/resources/type/sermons/from/01-01-2016/to/31-12-2016/sort/dat,http://printandaudio.org.uk/app/search/resources/type/sermons/from/01-01-2016/to/31-12-2016/sort/dat
2392,MD3076Sermon24.04.16,transcript_link,http://printandaudio.org.uk/app/search/resources/type/sermons/from/01-01-2016/to/31-12-2016/sort/dat,http://printandaudio.org.uk/app/search/resources/type/sermons/from/01-01-2016/to/31-12-2016/sort/dat
2392,MD3076Sermon24.04.16,audio_link,http://printandaudio.org.uk/app/search/resources/type/sermons/from/01-01-2016/to/31-12-2016/sort/dat,http://printandaudio.org.uk/app/search/resources/type/sermons/from/01-01-2016/to/31-12-2016/sort/dat
2396,MD3085Sermon01.05.16,transcript_link,http://printandaudio.org.uk/app/search/resources/type/sermons/from/01-01-2016/to/31-12-2016/sort/dat,http://printandaudio.org.uk/app/search/resources/type/sermons/from/01-01-2016/to/31-12-2016/sort/dat
2396,MD3085Sermon01.05.16,audio_link,http://printandaudio.org.uk/app/search/resources/type/sermons/from/01-01-2016/to/31-12-2016/sort/dat,http://printandaudio.org.uk/app/search/resources/type/sermons/from/01-01-2016/to/31-12-2016/sort/dat
2405,MD3095Sermon15.05.16,transcript_link,http://printandaudio.org.uk/app/search/resources/type/sermons/from/01-01-2016/to/31-12-2016/sort/dat,http://printandaudio.org.uk/app/search/resources/type/sermons/from/01-01-2016/to/31-12-2016/sort/dat
2405,MD3095Sermon15.05.16,audio_link,http://printandaudio.org.uk/app/search/resources/type/sermons/from/01-01-2016/to/31-12-2016/sort/dat,http://printandaudio.org.uk/app/search/resources/type/sermons/from/01-01-2016/to/31-12-2016/sort/dat
2421,MD3196Sermon22.05.16,transcript_link,http://printandaudio.org.uk/app/search/resources/type/sermons/from/01-01-2016/to/31-12-2016/sort/dat,http://printandaudio.org.uk/app/search/resources/type/sermons/from/01-01-2016/to/31-12-2016/sort/dat
2421,MD3196Sermon22.05.16,audio_link,http://printandaudio.org.uk/app/search/resources/type/sermons/from/01-01-2016/to/31-12-2016/sort/dat,http://printandaudio.org.uk/app/search/resources/type/sermons/from/01-01-2016/to/31-12-2016/sort/dat
2433,MD3202Sermon29.05.16,transcript_link,http://printandaudio.org.uk/app/search/resources/type/sermons/from/01-01-2016/to/31-12-2016/sort/dat,http://printandaudio.org.uk/app/search/resources/type/sermons/from/01-01-2016/to/31-12-2016/sort/dat
2433,MD3202Sermon29.05.16,audio_link,http://printandaudio.org.uk/app/search/resources/type/sermons/from/01-01-2016/to/31-12-2016/sort/dat,http://printandaudio.org.uk/app/search/resources/type/sermons/from/01-01-2016/to/31-12-2016/sort/dat
2453,MD3205Sermon05.06.16,transcript_link,http://printandaudio.org.uk/app/search/resources/type/sermons/from/01-01-2016/to/31-12-2016/sort/dat,http://printandaudio.org.uk/app/search/resources/type/sermons/from/01-01-2016/to/31-12-2016/sort/dat
2453,MD3205Sermon05.06.16,audio_link,http://printandaudio.org.uk/app/search/resources/type/sermons/from/01-01-2016/to/31-12-2016/sort/dat,http://printandaudio.org.uk/app/search/resources/type/sermons/from/01-01-2016/to/31-12-2016/sort/dat
2458,MD3226Sermon12.06.16,transcript_link,http://printandaudio.org.uk/app/search/resources/type/sermons/from/01-01-2016/to/31-12-2016/sort/dat,http://printandaudio.org.uk/app/search/resources/type/sermons/from/01-01-2016/to/31-12-2016/sort/dat
2458,MD3226Sermon12.06.16,audio_link,http://printandaudio.org.uk/app/search/resources/type/sermons/from/01-01-2016/to/31-12-2016/sort/dat,http://printandaudio.org.uk/app/search/resources/type/sermons/from/01-01-2016/to/31-12-2016/sort/dat
2465,MD3231Sermon19.06.16,transcript_link,http://printandaudio.org.uk/app/search/resources/type/sermons/from/01-01-2016/to/31-12-2016/sort/dat,http://printandaudio.org.uk/app/search/resources/type/sermons/from/01-01-2016/to/31-12-2016/sort/dat
2465,MD3231Sermon19.06.16,audio_link,http://printandaudio.org.uk/app/search/resources/type/sermons/from/01-01-2016/to/31-12-2016/sort/dat,http://printandaudio.org.uk/app/search/resources/type/sermons/from/01-01-2016/to/31-12-2016/sort/dat
2470,MD3258Sermon26.06.16,transcript_link,http://printandaudio.org.uk/app/search/resources/type/sermons/from/01-01-2016/to/31-12-2016/sort/dat,http://printandaudio.org.uk/app/search/resources/type/sermons/from/01-01-2016/to/31-12-2016/sort/dat
2470,MD3258Sermon26.06.16,audio_link,http://printandaudio.org.uk/app/search/resources/type/sermons/from/01-01-2016/to/31-12-2016/sort/dat,http://printandaudio.org.uk/app/search/resources/type/sermons/from/01-01-2016/to/31-12-2016/sort/dat
2474,MD3300Sermon03.07.16,transcript_link,http://printandaudio.org.uk/app/search/resources/type/sermons/from/01-01-2016/to/31-12-2016/sort/dat,http://printandaudio.org.uk/app/search/resources/type/sermons/from/01-01-2016/to/31-12-2016/sort/dat
2474,MD3300Sermon03.07.16,audio_link,http://printandaudio.org.uk/app/search/resources/type/sermons/from/01-01-2016/to/31-12-2016/sort/dat,http://printandaudio.org.uk/app/search/resources/type/sermons/from/01-01-2016/to/31-12-2016/sort/dat
2601,MD3307Sermon10.07.16,transcript_link,http://printandaudio.org.uk/app/search/resources/type/sermons/from/01-01-2016/to/31-12-2016/sort/dat,http://printandaudio.org.uk/app/search/resources/type/sermons/from/01-01-2016/to/31-12-2016/sort/dat
2601,MD3307Sermon10.07.16,audio_link,http://printandaudio.org.uk/app/search/resources/type/sermons/from/01-01-2016/to/31-12-2016/sort/dat,http://printandaudio.org.uk/app/search/resources/type/sermons/from/01-01-2016/to/31-12-2016/sort/dat
2610,MD3313Sermon24.07.16,transcript_link,http://printandaudio.org.uk/app/search/resources/type/sermons/from/01-01-2016/to/31-12-2016/sort/dat,http://printandaudio.org.uk/app/search/resources/type/sermons/from/01-01-2016/to/31-12-2016/sort/dat
2610,MD3313Sermon24.07.16,audio_link,http://printandaudio.org.uk/app/search/resources/type/sermons/from/01-01-2016/to/31-12-2016/sort/dat,http://printandaudio.org.uk/app/search/resources/type/sermons/from/01-01-2016/to/31-12-2016/sort/dat
2617,MD3316Sermon31.07.16,transcript_link,http://printandaudio.org.uk/app/search/resources/type/sermons/from/01-01-2016/to/31-12-2016/sort/dat,http://printandaudio.org.uk/app/search/resources/type/sermons/from/01-01-2016/to/31-12-2016/sort/dat
2617,MD3316Sermon31.07.16,audio_link,http://printandaudio.org.uk/app/search/resources/type/sermons/from/01-01-2016/to/31-12-2016/sort/dat,http://printandaudio.org.uk/app/search/resources/type/sermons/from/01-01-2016/to/31-12-2016/sort/dat
2625,MD3323Sermon14.08.16,transcript_link,http://printandaudio.org.uk/app/search/resources/type/sermons/from/01-01-2016/to/31-12-2016/sort/dat,http://printandaudio.org.uk/app/search/resources/type/sermons/from/01-01-2016/to/31-12-2016/sort/dat
2625,MD3323Sermon14.08.16,audio_link,http://printandaudio.org.uk/app/search/resources/type/sermons/from/01-01-2016/to/31-12-2016/sort/dat,http://printandaudio.org.uk/app/search/resources/type/sermons/from/01-01-2016/to/31-12-2016/sort/dat
2637,MD3335Sermon21.08.16,transcript_link,http://printandaudio.org.uk/app/explore/resources/type/sermons/church/jpc/from/2016-08-16/to/2016-09,http://printandaudio.org.uk/app/explore/resources/type/sermons/church/jpc/from/2016-08-16/to/2016-09
2637,MD3335Sermon21.08.16,audio_link,http://printandaudio.org.uk/app/explore/resources/type/sermons/church/jpc/from/2016-08-16/to/2016-09,http://printandaudio.org.uk/app/explore/resources/type/sermons/church/jpc/from/2016-08-16/to/2016-09
2646,MD3405Sermon04.09.16,transcript_link,http://printandaudio.org.uk/app/explore/resources/type/sermons/church/jpc/from/2016-08-16/to/2016-09,http://printandaudio.org.uk/app/explore/resources/type/sermons/church/jpc/from/2016-08-16/to/2016-09
2646,MD3405Sermon04.09.16,audio_link,http://printandaudio.org.uk/app/explore/resources/type/sermons/church/jpc/from/2016-08-16/to/2016-09,http://printandaudio.org.uk/app/explore/resources/type/sermons/church/jpc/from/2016-08-16/to/2016-09
2671,MD3436Sermon25.09.16,transcript_link,http://printandaudio.org.uk/app/explore/resources/type/sermons/church/jpc/from/2016-08-24/to/2016-10,http://printandaudio.org.uk/app/explore/resources/type/sermons/church/jpc/from/2016-08-24/to/2016-10
2671,MD3436Sermon25.09.16,audio_link,http://printandaudio.org.uk/app/explore/resources/type/sermons/church/jpc/from/2016-08-24/to/2016-10,http://printandaudio.org.uk/app/explore/resources/type/sermons/church/jpc/from/2016-08-24/to/2016-10
2707,MD3464Sermon23.10.16,transcript_link,http://printandaudio.org.uk/app/search/resources/from/09-10-2016/to/23-10-2016/resource/3185/title/o,http://printandaudio.org.uk/app/search/resources/from/09-10-2016/to/23-10-2016/resource/3185/title/o
2707,MD3464Sermon23.10.16,audio_link,http://printandaudio.org.uk/app/search/resources/from/09-10-2016/to/23-10-2016/resource/3185/title/o,http://printandaudio.org.uk/app/search/resources/from/09-10-2016/to/23-10-2016/resource/3185/title/o
2733,MD3467Sermon30.10.16,transcript_link,http://printandaudio.org.uk/app/explore/resources/type/sermons/church/jesmond-parish-church/from/201,http://printandaudio.org.uk/app/explore/resources/type/sermons/church/jesmond-parish-church/from/201
2733,MD3467Sermon30.10.16,audio_link,http://printandaudio.org.uk/app/explore/resources/type/sermons/church/jesmond-parish-church/from/201,http://printandaudio.org.uk/app/explore/resources/type/sermons/church/jesmond-parish-church/from/201
2737,MD3470Sermon06.11.16,transcript_link,http://printandaudio.org.uk/app/search/resources/type/sermons/from/06-11-2016/to/27-11-2016/resource,http://printandaudio.org.uk/app/search/resources/type/sermons/from/06-11-2016/to/27-11-2016/resource
2737,MD3470Sermon06.11.16,audio_link,http://printandaudio.org.uk/app/search/resources/type/sermons/from/06-11-2016/to/27-11-2016/resource,http://printandaudio.org.uk/app/search/resources/type/sermons/from/06-11-2016/to/27-11-2016/resource
2740,MD3486Sermon13.11.16,transcript_link,http://printandaudio.org.uk/app/search/resources/from/06-11-2016/to/27-11-2016/time/pm/resource/3188,http://printandaudio.org.uk/app/search/resources/from/06-11-2016/to/27-11-2016/time/pm/resource/3188
2740,MD3486Sermon13.11.16,audio_link,http://printandaudio.org.uk/app/search/resources/from/06-11-2016/to/27-11-2016/time/pm/resource/3188,http://printandaudio.org.uk/app/search/resources/from/06-11-2016/to/27-11-2016/time/pm/resource/3188
2766,MD3494Sermon27.11.16,transcript_link,http://printandaudio.org.uk/app/search/resources/type/sermons/from/06-11-2016/to/27-11-2016/resource,http://printandaudio.org.uk/app/search/resources/type/sermons/from/06-11-2016/to/27-11-2016/resource
2766,MD3494Sermon27.11.16,audio_link,http://printandaudio.org.uk/app/search/resources/type/sermons/from/06-11-2016/to/27-11-2016/resource,http://printandaudio.org.uk/app/search/resources/type/sermons/from/06-11-2016/to/27-11-2016/resource
2792,MD3496Sermon11.12.16,transcript_link,http://printandaudio.org.uk/app/explore/resources/type/sermons/church/jesmond-parish-church/from/201,http://printandaudio.org.uk/app/explore/resources/type/sermons/church/jesmond-parish-church/from/201
2792,MD3496Sermon11.12.16,audio_link,http://printandaudio.org.uk/app/explore/resources/type/sermons/church/jesmond-parish-church/from/201,http://printandaudio.org.uk/app/explore/resources/type/sermons/church/jesmond-parish-church/from/201
2804,MD3527Sermon18.12.16,transcript_link,http://printandaudio.org.uk/app/explore/resources/type/sermons/church/jesmond-parish-church/from/201,http://printandaudio.org.uk/app/explore/resources/type/sermons/church/jesmond-parish-church/from/201
2804,MD3527Sermon18.12.16,audio_link,http://printandaudio.org.uk/app/explore/resources/type/sermons/church/jesmond-parish-church/from/201,http://printandaudio.org.uk/app/explore/resources/type/sermons/church/jesmond-parish-church/from/201
2811,MD3531Sermon25.12.16,transcript_link,http://printandaudio.org.uk/app/search/resources/from/25-12-2016/to/25-12-2016/time/pm/resource/3218,http://printandaudio.org.uk/app/search/resources/from/25-12-2016/to/25-12-2016/time/pm/resource/3218
2811,MD3531Sermon25.12.16,audio_link,http://printandaudio.org.uk/app/search/resources/from/25-12-2016/to/25-12-2016/time/pm/resource/3218,http://printandaudio.org.uk/app/search/resources/from/25-12-2016/to/25-12-2016/time/pm/resource/3218
2815,MD3533Sermon01.01.17,transcript_link,http://printandaudio.org.uk/app/explore/resources/type/sermons/church/jesmond-parish-church/from/201,http://printandaudio.org.uk/app/explore/resources/type/sermons/church/jesmond-parish-church/from/201
2815,MD3533Sermon01.01.17,audio_link,http://printandaudio.org.uk/app/explore/resources/type/sermons/church/jesmond-parish-church/from/201,http://printandaudio.org.uk/app/explore/resources/type/sermons/church/jesmond-parish-church/from/201
2847,MD3536Sermon08.01.17,transcript_link,http://printandaudio.org.uk/app/explore/resources/type/sermons/church/jesmond-parish-church/from/201,http://printandaudio.org.uk/app/explore/resources/type/sermons/church/jesmond-parish-church/from/201
2847,MD3536Sermon08.01.17,audio_link,http://printandaudio.org.uk/app/explore/resources/type/sermons/church/jesmond-parish-church/from/201,http://printandaudio.org.uk/app/explore/resources/type/sermons/church/jesmond-parish-church/from/201
2852,MD3540Sermon15.01.17,transcript_link,http://printandaudio.org.uk/app/explore/resources/type/sermons/church/jesmond-parish-church/from/201,http://printandaudio.org.uk/app/explore/resources/type/sermons/church/jesmond-parish-church/from/201
2852,MD3540Sermon15.01.17,audio_link,http://printandaudio.org.uk/app/explore/resources/type/sermons/church/jesmond-parish-church/from/201,http://printandaudio.org.uk/app/explore/resources/type/sermons/church/jesmond-parish-church/from/201
2877,MD3552Sermon22.01.17,transcript_link,http://printandaudio.org.uk/app/explore/resources/type/sermons/church/jesmond-parish-church/from/201,http://printandaudio.org.uk/app/explore/resources/type/sermons/church/jesmond-parish-church/from/201
2877,MD3552Sermon22.01.17,audio_link,http://printandaudio.org.uk/app/explore/resources/type/sermons/church/jesmond-parish-church/from/201,http://printandaudio.org.uk/app/explore/resources/type/sermons/church/jesmond-parish-church/from/201
2888,MD3555Sermon29.01.17,transcript_link,http://printandaudio.org.uk/app/explore/resources/type/sermons/church/jesmond-parish-church/from/201,http://printandaudio.org.uk/app/explore/resources/type/sermons/church/jesmond-parish-church/from/201
2888,MD3555Sermon29.01.17,audio_link,http://printandaudio.org.uk/app/explore/resources/type/sermons/church/jesmond-parish-church/from/201,http://printandaudio.org.uk/app/explore/resources/type/sermons/church/jesmond-parish-church/from/201
2892,MD3562Sermon05.02.17,transcript_link,http://printandaudio.org.uk/app/explore/resources/type/sermons/church/jesmond-parish-church/from/201,http://printandaudio.org.uk/app/explore/resources/type/sermons/church/jesmond-parish-church/from/201
2892,MD3562Sermon05.02.17,audio_link,http://printandaudio.org.uk/app/explore/resources/type/sermons/church/jesmond-parish-church/from/201,http://printandaudio.org.uk/app/explore/resources/type/sermons/church/jesmond-parish-church/from/201
2906,MD3577Sermon12.02.17,transcript_link,http://printandaudio.org.uk/app/explore/resources/type/sermons/church/jesmond-parish-church/from/201,http://printandaudio.org.uk/app/explore/resources/type/sermons/church/jesmond-parish-church/from/201
2906,MD3577Sermon12.02.17,audio_link,http://printandaudio.org.uk/app/explore/resources/type/sermons/church/jesmond-parish-church/from/201,http://printandaudio.org.uk/app/explore/resources/type/sermons/church/jesmond-parish-church/from/201
2915,MD3581Sermon19.02.17,transcript_link,http://printandaudio.org.uk/app/explore/resources/type/sermons/church/jesmond-parish-church/from/201,http://printandaudio.org.uk/app/explore/resources/type/sermons/church/jesmond-parish-church/from/201
2915,MD3581Sermon19.02.17,audio_link,http://printandaudio.org.uk/app/explore/resources/type/sermons/church/jesmond-parish-church/from/201,http://printandaudio.org.uk/app/explore/resources/type/sermons/church/jesmond-parish-church/from/201
2916,MD3584JesCon17BR1,transcript_link,http://printandaudio.org.uk/app/search/resources/type/the-jesmond-conference/resource/3286/title/bib,http://printandaudio.org.uk/app/search/resources/type/the-jesmond-conference/resource/3286/title/bib
2916,MD3584JesCon17BR1,audio_link,http://printandaudio.org.uk/app/search/resources/type/the-jesmond-conference/resource/3286/title/bib,http://printandaudio.org.uk/app/search/resources/type/the-jesmond-conference/resource/3286/title/bib
2917,MD3585JesCon17BR2,transcript_link,http://printandaudio.org.uk/app/search/resources/type/the-jesmond-conference/resource/3289/title/bib,http://printandaudio.org.uk/app/search/resources/type/the-jesmond-conference/resource/3289/title/bib
2917,MD3585JesCon17BR2,audio_link,http://printandaudio.org.uk/app/search/resources/type/the-jesmond-conference/resource/3289/title/bib,http://printandaudio.org.uk/app/search/resources/type/the-jesmond-conference/resource/3289/title/bib
2918,MD3586JesCon1701 Need,transcript_link,http://printandaudio.org.uk/app/search/resources/type/the-jesmond-conference/resource/3282/title/tal,http://printandaudio.org.uk/app/search/resources/type/the-jesmond-conference/resource/3282/title/tal
2918,MD3586JesCon1701 Need,audio_link,http://printandaudio.org.uk/app/search/resources/type/the-jesmond-conference/resource/3282/title/tal,http://printandaudio.org.uk/app/search/resources/type/the-jesmond-conference/resource/3282/title/tal
2919,MD3587JesCon1702 Vacuum,transcript_link,http://printandaudio.org.uk/app/search/resources/type/the-jesmond-conference/resource/3283/title/tal,http://printandaudio.org.uk/app/search/resources/type/the-jesmond-conference/resource/3283/title/tal
2919,MD3587JesCon1702 Vacuum,audio_link,http://printandaudio.org.uk/app/search/resources/type/the-jesmond-conference/resource/3283/title/tal,http://printandaudio.org.uk/app/search/resources/type/the-jesmond-conference/resource/3283/title/tal
2920,MD3588JesCon1703 Leadership,transcript_link,http://printandaudio.org.uk/app/search/resources/type/the-jesmond-conference/resource/3284/title/tal,http://printandaudio.org.uk/app/search/resources/type/the-jesmond-conference/resource/3284/title/tal
2920,MD3588JesCon1703 Leadership,audio_link,http://printandaudio.org.uk/app/search/resources/type/the-jesmond-conference/resource/3284/title/tal,http://printandaudio.org.uk/app/search/resources/type/the-jesmond-conference/resource/3284/title/tal
2921,MD3589JesCon1704 Future,transcript_link,http://printandaudio.org.uk/app/search/resources/type/the-jesmond-conference/resource/3285/title/tal,http://printandaudio.org.uk/app/search/resources/type/the-jesmond-conference/resource/3285/title/tal
2921,MD3589JesCon1704 Future,audio_link,http://printandaudio.org.uk/app/search/resources/type/the-jesmond-conference/resource/3285/title/tal,http://printandaudio.org.uk/app/search/resources/type/the-jesmond-conference/resource/3285/title/tal
2922,MD3590JesCon1705 MM,audio_link,http://printandaudio.org.uk/app/search/resources/type/the-jesmond-conference/resource/3288/title/fin,http://printandaudio.org.uk/app/search/resources/type/the-jesmond-conference/resource/3288/title/fin
2935,MD3594Sermon26.02.17,transcript_link,http://printandaudio.org.uk/app/explore/resources/type/sermons/church/jesmond-parish-church/from/201,http://printandaudio.org.uk/app/explore/resources/type/sermons/church/jesmond-parish-church/from/201
2935,MD3594Sermon26.02.17,audio_link,http://printandaudio.org.uk/app/explore/resources/type/sermons/church/jesmond-parish-church/from/201,http://printandaudio.org.uk/app/explore/resources/type/sermons/church/jesmond-parish-church/from/201
2939,MD3598Sermon05.03.17,audio_link,http://printandaudio.org.uk/app/explore/resources/type/sermons/church/jesmond-parish-church/from/201,http://printandaudio.org.uk/app/explore/resources/type/sermons/church/jesmond-parish-church/from/201
2944,MD3601Sermon12.03.17,transcript_link,http://printandaudio.org.uk/app/explore/resources/type/sermons/church/jesmond-parish-church/from/201,http://printandaudio.org.uk/app/explore/resources/type/sermons/church/jesmond-parish-church/from/201
2944,MD3601Sermon12.03.17,audio_link,http://printandaudio.org.uk/app/explore/resources/type/sermons/church/jesmond-parish-church/from/201,http://printandaudio.org.uk/app/explore/resources/type/sermons/church/jesmond-parish-church/from/201
2948,MD3605Sermon19.03.17,transcript_link,http://printandaudio.org.uk/app/explore/resources/type/sermons/church/jesmond-parish-church/from/201,http://printandaudio.org.uk/app/explore/resources/type/sermons/church/jesmond-parish-church/from/201
2948,MD3605Sermon19.03.17,audio_link,http://printandaudio.org.uk/app/explore/resources/type/sermons/church/jesmond-parish-church/from/201,http://printandaudio.org.uk/app/explore/resources/type/sermons/church/jesmond-parish-church/from/201
2952,MD3608Sermon26.03.17,transcript_link,http://printandaudio.org.uk/app/explore/resources/type/sermons/church/jesmond-parish-church/from/201,http://printandaudio.org.uk/app/explore/resources/type/sermons/church/jesmond-parish-church/from/201
2952,MD3608Sermon26.03.17,audio_link,http://printandaudio.org.uk/app/explore/resources/type/sermons/church/jesmond-parish-church/from/201,http://printandaudio.org.uk/app/explore/resources/type/sermons/church/jesmond-parish-church/from/201
2959,MD3611Sermon02.04.17,transcript_link,http://printandaudio.org.uk/app/explore/resources/type/sermons/church/jesmond-parish-church/from/201,http://printandaudio.org.uk/app/explore/resources/type/sermons/church/jesmond-parish-church/from/201
2959,MD3611Sermon02.04.17,audio_link,http://printandaudio.org.uk/app/explore/resources/type/sermons/church/jesmond-parish-church/from/201,http://printandaudio.org.uk/app/explore/resources/type/sermons/church/jesmond-parish-church/from/201
2963,MD3614Sermon09.04.17,transcript_link,http://printandaudio.org.uk/app/explore/resources/type/sermons/church/jesmond-parish-church/from/201,http://printandaudio.org.uk/app/explore/resources/type/sermons/church/jesmond-parish-church/from/201
2963,MD3614Sermon09.04.17,audio_link,http://printandaudio.org.uk/app/explore/resources/type/sermons/church/jesmond-parish-church/from/201,http://printandaudio.org.uk/app/explore/resources/type/sermons/church/jesmond-parish-church/from/201
2966,MD3620Sermon16.04.17,transcript_link,http://printandaudio.org.uk/app/explore/resources/type/sermons/church/jesmond-parish-church/from/201,http://printandaudio.org.uk/app/explore/resources/type/sermons/church/jesmond-parish-church/from/201
2966,MD3620Sermon16.04.17,audio_link,http://printandaudio.org.uk/app/explore/resources/type/sermons/church/jesmond-parish-church/from/201,http://printandaudio.org.uk/app/explore/resources/type/sermons/church/jesmond-parish-church/from/201
2978,MD3671Sermon30.04.17,transcript_link,http://printandaudio.org.uk/app/explore/resources/type/sermons/church/jesmond-parish-church/from/201,http://printandaudio.org.uk/app/explore/resources/type/sermons/church/jesmond-parish-church/from/201
2978,MD3671Sermon30.04.17,audio_link,http://printandaudio.org.uk/app/explore/resources/type/sermons/church/jesmond-parish-church/from/201,http://printandaudio.org.uk/app/explore/resources/type/sermons/church/jesmond-parish-church/from/201
3005,MD3676Sermon07.05.17,transcript_link,http://printandaudio.org.uk/app/explore/resources/type/sermons/church/jesmond-parish-church/from/201,http://printandaudio.org.uk/app/explore/resources/type/sermons/church/jesmond-parish-church/from/201
3005,MD3676Sermon07.05.17,audio_link,http://printandaudio.org.uk/app/explore/resources/type/sermons/church/jesmond-parish-church/from/201,http://printandaudio.org.uk/app/explore/resources/type/sermons/church/jesmond-parish-church/from/201
3009,MD3684Sermon14.05.17,transcript_link,http://printandaudio.org.uk/app/explore/resources/type/sermons/church/jesmond-parish-church/from/201,http://printandaudio.org.uk/app/explore/resources/type/sermons/church/jesmond-parish-church/from/201
3009,MD3684Sermon14.05.17,audio_link,http://printandaudio.org.uk/app/explore/resources/type/sermons/church/jesmond-parish-church/from/201,http://printandaudio.org.uk/app/explore/resources/type/sermons/church/jesmond-parish-church/from/201
3015,MD3690Sermon21.05.17,transcript_link,http://printandaudio.org.uk/app/explore/resources/type/sermons/church/jesmond-parish-church/from/201,http://printandaudio.org.uk/app/explore/resources/type/sermons/church/jesmond-parish-church/from/201
3015,MD3690Sermon21.05.17,audio_link,http://printandaudio.org.uk/app/explore/resources/type/sermons/church/jesmond-parish-church/from/201,http://printandaudio.org.uk/app/explore/resources/type/sermons/church/jesmond-parish-church/from/201
3020,MD3693Sermon28.05.17,transcript_link,http://printandaudio.org.uk/app/explore/resources/type/sermons/church/jesmond-parish-church/from/201,http://printandaudio.org.uk/app/explore/resources/type/sermons/church/jesmond-parish-church/from/201
3020,MD3693Sermon28.05.17,audio_link,http://printandaudio.org.uk/app/explore/resources/type/sermons/church/jesmond-parish-church/from/201,http://printandaudio.org.uk/app/explore/resources/type/sermons/church/jesmond-parish-church/from/201
3043,MD3696Sermon04.06.17,transcript_link,http://printandaudio.org.uk/app/explore/resources/type/sermons/church/jesmond-parish-church/from/201,http://printandaudio.org.uk/app/explore/resources/type/sermons/church/jesmond-parish-church/from/201
3043,MD3696Sermon04.06.17,audio_link,http://printandaudio.org.uk/app/explore/resources/type/sermons/church/jesmond-parish-church/from/201,http://printandaudio.org.uk/app/explore/resources/type/sermons/church/jesmond-parish-church/from/201
3047,MD3756Sermon11.06.17,transcript_link,http://printandaudio.org.uk/app/explore/resources/type/sermons/church/jesmond-parish-church/from/201,http://printandaudio.org.uk/app/explore/resources/type/sermons/church/jesmond-parish-church/from/201
3047,MD3756Sermon11.06.17,audio_link,http://printandaudio.org.uk/app/explore/resources/type/sermons/church/jesmond-parish-church/from/201,http://printandaudio.org.uk/app/explore/resources/type/sermons/church/jesmond-parish-church/from/201
3052,MD3762Sermon18.06.17,transcript_link,http://printandaudio.org.uk/app/explore/resources/type/sermons/church/jesmond-parish-church/from/201,http://printandaudio.org.uk/app/explore/resources/type/sermons/church/jesmond-parish-church/from/201
3052,MD3762Sermon18.06.17,audio_link,http://printandaudio.org.uk/app/explore/resources/type/sermons/church/jesmond-parish-church/from/201,http://printandaudio.org.uk/app/explore/resources/type/sermons/church/jesmond-parish-church/from/201
3076,MD3778Sermon25.06.17,transcript_link,http://printandaudio.org.uk/app/explore/resources/type/sermons/church/jesmond-parish-church/from/201,http://printandaudio.org.uk/app/explore/resources/type/sermons/church/jesmond-parish-church/from/201
3076,MD3778Sermon25.06.17,audio_link,http://printandaudio.org.uk/app/explore/resources/type/sermons/church/jesmond-parish-church/from/201,http://printandaudio.org.uk/app/explore/resources/type/sermons/church/jesmond-parish-church/from/201
3080,MD3809Sermon02.07.17,transcript_link,http://printandaudio.org.uk/app/explore/resources/type/sermons/church/jesmond-parish-church/from/201,http://printandaudio.org.uk/app/explore/resources/type/sermons/church/jesmond-parish-church/from/201
3080,MD3809Sermon02.07.17,audio_link,http://printandaudio.org.uk/app/explore/resources/type/sermons/church/jesmond-parish-church/from/201,http://printandaudio.org.uk/app/explore/resources/type/sermons/church/jesmond-parish-church/from/201
3102,MD3822Sermon09.07.17,transcript_link,http://printandaudio.org.uk/app/explore/resources/type/sermons/church/jesmond-parish-church/from/201,http://printandaudio.org.uk/app/explore/resources/type/sermons/church/jesmond-parish-church/from/201
3102,MD3822Sermon09.07.17,audio_link,http://printandaudio.org.uk/app/explore/resources/type/sermons/church/jesmond-parish-church/from/201,http://printandaudio.org.uk/app/explore/resources/type/sermons/church/jesmond-parish-church/from/201
3136,MD3827Sermon16.07.17,transcript_link,http://printandaudio.org.uk/app/explore/resources/type/sermons/church/jesmond-parish-church/from/201,http://printandaudio.org.uk/app/explore/resources/type/sermons/church/jesmond-parish-church/from/201
3136,MD3827Sermon16.07.17,audio_link,http://printandaudio.org.uk/app/explore/resources/type/sermons/church/jesmond-parish-church/from/201,http://printandaudio.org.uk/app/explore/resources/type/sermons/church/jesmond-parish-church/from/201
3235,MD3830Sermon23.07.17,transcript_link,http://printandaudio.org.uk/app/explore/resources/type/sermons/church/jesmond-parish-church/from/201,http://printandaudio.org.uk/app/explore/resources/type/sermons/church/jesmond-parish-church/from/201
3235,MD3830Sermon23.07.17,audio_link,http://printandaudio.org.uk/app/explore/resources/type/sermons/church/jesmond-parish-church/from/201,http://printandaudio.org.uk/app/explore/resources/type/sermons/church/jesmond-parish-church/from/201
3367,MD3832Sermon30.07.17,transcript_link,http://printandaudio.org.uk/app/explore/resources/type/sermons/church/jesmond-parish-church/from/201,http://printandaudio.org.uk/app/explore/resources/type/sermons/church/jesmond-parish-church/from/201
3367,MD3832Sermon30.07.17,audio_link,http://printandaudio.org.uk/app/explore/resources/type/sermons/church/jesmond-parish-church/from/201,http://printandaudio.org.uk/app/explore/resources/type/sermons/church/jesmond-parish-church/from/201
3573,MD3835Sermon06.08.17,transcript_link,http://printandaudio.org.uk/app/explore/resources/type/sermons/church/jesmond-parish-church/items/48,http://printandaudio.org.uk/app/explore/resources/type/sermons/church/jesmond-parish-church/items/48
3573,MD3835Sermon06.08.17,audio_link,http://printandaudio.org.uk/app/explore/resources/type/sermons/church/jesmond-parish-church/items/48,http://printandaudio.org.uk/app/explore/resources/type/sermons/church/jesmond-parish-church/items/48
3576,MD3838Sermon13.08.17,transcript_link,http://printandaudio.org.uk/app/explore/resources/type/sermons/church/jesmond-parish-church/items/48,http://printandaudio.org.uk/app/explore/resources/type/sermons/church/jesmond-parish-church/items/48
3576,MD3838Sermon13.08.17,audio_link,http://printandaudio.org.uk/app/explore/resources/type/sermons/church/jesmond-parish-church/items/48,http://printandaudio.org.uk/app/explore/resources/type/sermons/church/jesmond-parish-church/items/48
3579,MD3888Sermon20.08.17,transcript_link,http://printandaudio.org.uk/app/explore/resources/type/sermons/church/jesmond-parish-church/items/48,http://printandaudio.org.uk/app/explore/resources/type/sermons/church/jesmond-parish-church/items/48
3579,MD3888Sermon20.08.17,audio_link,http://printandaudio.org.uk/app/explore/resources/type/sermons/church/jesmond-parish-church/items/48,http://printandaudio.org.uk/app/explore/resources/type/sermons/church/jesmond-parish-church/items/48
3584,MD3891Sermon27.08.17,transcript_link,http://printandaudio.org.uk/app/explore/resources/type/sermons/church/jesmond-parish-church/items/48,http://printandaudio.org.uk/app/explore/resources/type/sermons/church/jesmond-parish-church/items/48
3584,MD3891Sermon27.08.17,audio_link,http://printandaudio.org.uk/app/explore/resources/type/sermons/church/jesmond-parish-church/items/48,http://printandaudio.org.uk/app/explore/resources/type/sermons/church/jesmond-parish-church/items/48
3607,MD3895Sermon03.09.17,transcript_link,http://printandaudio.org.uk/app/explore/resources/type/sermons/church/jesmond-parish-church/items/48,http://printandaudio.org.uk/app/explore/resources/type/sermons/church/jesmond-parish-church/items/48
3607,MD3895Sermon03.09.17,audio_link,http://printandaudio.org.uk/app/explore/resources/type/sermons/church/jesmond-parish-church/items/48,http://printandaudio.org.uk/app/explore/resources/type/sermons/church/jesmond-parish-church/items/48
3612,MD3897Sermon10.09.17,transcript_link,http://printandaudio.org.uk/app/explore/resources/type/sermons/church/jesmond-parish-church/items/48,http://printandaudio.org.uk/app/explore/resources/type/sermons/church/jesmond-parish-church/items/48
3612,MD3897Sermon10.09.17,audio_link,http://printandaudio.org.uk/app/explore/resources/type/sermons/church/jesmond-parish-church/items/48,http://printandaudio.org.uk/app/explore/resources/type/sermons/church/jesmond-parish-church/items/48
3618,MD3902Sermon17.09.17,transcript_link,http://printandaudio.org.uk/app/search/resources/from/17-09-2017/to/25-09-2017/resource/3400/title/t,http://printandaudio.org.uk/app/search/resources/from/17-09-2017/to/25-09-2017/resource/3400/title/t
3618,MD3902Sermon17.09.17,audio_link,http://printandaudio.org.uk/app/search/resources/from/17-09-2017/to/25-09-2017/resource/3400/title/t,http://printandaudio.org.uk/app/search/resources/from/17-09-2017/to/25-09-2017/resource/3400/title/t
3623,MD3905Sermon24.09.17,transcript_link,http://printandaudio.org.uk/app/search/resources/from/17-09-2017/to/25-09-2017/resource/3411/title/w,http://printandaudio.org.uk/app/search/resources/from/17-09-2017/to/25-09-2017/resource/3411/title/w
3623,MD3905Sermon24.09.17,audio_link,http://printandaudio.org.uk/app/search/resources/from/17-09-2017/to/25-09-2017/resource/3411/title/w,http://printandaudio.org.uk/app/search/resources/from/17-09-2017/to/25-09-2017/resource/3411/title/w
3637,MD3921Sermon01.10.17,transcript_link,http://printandaudio.org.uk/app/explore/resources/type/sermons/church/jesmond-parish-church/from/201,http://printandaudio.org.uk/app/explore/resources/type/sermons/church/jesmond-parish-church/from/201
3637,MD3921Sermon01.10.17,audio_link,http://printandaudio.org.uk/app/explore/resources/type/sermons/church/jesmond-parish-church/from/201,http://printandaudio.org.uk/app/explore/resources/type/sermons/church/jesmond-parish-church/from/201
3648,MD3930Sermon08.10.17,audio_link,http://printandaudio.org.uk/app/search/resources/from/08-10-2017/to/15-10-2017/resource/3433/title/i,http://printandaudio.org.uk/app/search/resources/from/08-10-2017/to/15-10-2017/resource/3433/title/i
3655,MD3932Sermon08.10.17,audio_link,http://printandaudio.org.uk/app/search/resources/from/08-10-2017/to/15-10-2017/resource/3434/title/h,http://printandaudio.org.uk/app/search/resources/from/08-10-2017/to/15-10-2017/resource/3434/title/h
3658,MD3934Sermon15.10.17,audio_link,http://printandaudio.org.uk/app/search/resources/from/08-10-2017/to/15-10-2017/resource/3435/title/i,http://printandaudio.org.uk/app/search/resources/from/08-10-2017/to/15-10-2017/resource/3435/title/i
3660,MD3936Sermon15.10.17,audio_link,http://printandaudio.org.uk/app/search/resources/from/08-10-2017/to/15-10-2017/resource/3436/title/w,http://printandaudio.org.uk/app/search/resources/from/08-10-2017/to/15-10-2017/resource/3436/title/w
3662,MD4055Sermon22.10.17,transcript_link,http://printandaudio.org.uk/app/explore/resources/type/sermons/church/jesmond-parish-church/from/201,http://printandaudio.org.uk/app/explore/resources/type/sermons/church/jesmond-parish-church/from/201
3662,MD4055Sermon22.10.17,audio_link,http://printandaudio.org.uk/app/explore/resources/type/sermons/church/jesmond-parish-church/from/201,http://printandaudio.org.uk/app/explore/resources/type/sermons/church/jesmond-parish-church/from/201
3679,MD4058Sermon29.10.17,transcript_link,http://printandaudio.org.uk/app/explore/resources/type/sermons/church/jesmond-parish-church/from/201,http://printandaudio.org.uk/app/explore/resources/type/sermons/church/jesmond-parish-church/from/201
3679,MD4058Sermon29.10.17,audio_link,http://printandaudio.org.uk/app/explore/resources/type/sermons/church/jesmond-parish-church/from/201,http://printandaudio.org.uk/app/explore/resources/type/sermons/church/jesmond-parish-church/from/201
3692,MD4061MasterSermon05.11.17,transcript_link,http://printandaudio.org.uk/app/explore/resources/type/sermons/church/jesmond-parish-church/from/201,http://printandaudio.org.uk/app/explore/resources/type/sermons/church/jesmond-parish-church/from/201
3692,MD4061MasterSermon05.11.17,audio_link,http://printandaudio.org.uk/app/explore/resources/type/sermons/church/jesmond-parish-church/from/201,http://printandaudio.org.uk/app/explore/resources/type/sermons/church/jesmond-parish-church/from/201
3696,MD4064Sermon12.11.17,audio_link,http://printandaudio.org.uk/app/explore/resources/type/sermons/church/jesmond-parish-church/from/201,http://printandaudio.org.uk/app/explore/resources/type/sermons/church/jesmond-parish-church/from/201
3701,MD4073Sermon19.11.17,transcript_link,http://printandaudio.org.uk/app/explore/resources/type/sermons/church/jesmond-parish-church/from/201,http://printandaudio.org.uk/app/explore/resources/type/sermons/church/jesmond-parish-church/from/201
3701,MD4073Sermon19.11.17,audio_link,http://printandaudio.org.uk/app/explore/resources/type/sermons/church/jesmond-parish-church/from/201,http://printandaudio.org.uk/app/explore/resources/type/sermons/church/jesmond-parish-church/from/201
3853,MD4081Sermon03.12.17,transcript_link,http://printandaudio.org.uk/app/explore/resources/type/sermons/church/jesmond-parish-church/from/201,http://printandaudio.org.uk/app/explore/resources/type/sermons/church/jesmond-parish-church/from/201
3853,MD4081Sermon03.12.17,audio_link,http://printandaudio.org.uk/app/explore/resources/type/sermons/church/jesmond-parish-church/from/201,http://printandaudio.org.uk/app/explore/resources/type/sermons/church/jesmond-parish-church/from/201
3864,MD4078Sermon03.12.17,transcript_link,http://printandaudio.org.uk/app/explore/resources/type/sermons/church/jesmond-parish-church/from/201,http://printandaudio.org.uk/app/explore/resources/type/sermons/church/jesmond-parish-church/from/201
3864,MD4078Sermon03.12.17,audio_link,http://printandaudio.org.uk/app/explore/resources/type/sermons/church/jesmond-parish-church/from/201,http://printandaudio.org.uk/app/explore/resources/type/sermons/church/jesmond-parish-church/from/201
3916,MD4086Sermon17.12.17,transcript_link,http://printandaudio.org.uk/app/explore/resources/type/sermons/church/jesmond-parish-church/from/201,http://printandaudio.org.uk/app/explore/resources/type/sermons/church/jesmond-parish-church/from/201
3916,MD4086Sermon17.12.17,audio_link,http://printandaudio.org.uk/app/explore/resources/type/sermons/church/jesmond-parish-church/from/201,http://printandaudio.org.uk/app/explore/resources/type/sermons/church/jesmond-parish-church/from/201
3980,MD4106Sermon24.12.17,transcript_link,http://printandaudio.org.uk/app/explore/resources/type/sermons/church/jesmond-parish-church/from/201,http://printandaudio.org.uk/app/explore/resources/type/sermons/church/jesmond-parish-church/from/201
3980,MD4106Sermon24.12.17,audio_link,http://printandaudio.org.uk/app/explore/resources/type/sermons/church/jesmond-parish-church/from/201,http://printandaudio.org.uk/app/explore/resources/type/sermons/church/jesmond-parish-church/from/201
3993,MD4112Sermon07.01.18,transcript_link,https://bit.ly/2ZEZew4,https://www.printandaudio.org.uk/app/explore/resources/type/sermons/church/jesmond-parish-church/series/232/resource/3468/title/davids-song
3993,MD4112Sermon07.01.18,audio_link,https://bit.ly/2ZEZew4,https://www.printandaudio.org.uk/app/explore/resources/type/sermons/church/jesmond-parish-church/series/232/resource/3468/title/davids-song
3994,MD4117Sermon14.01.18,transcript_link,https://bit.ly/2OJbE4S,https://www.printandaudio.org.uk/app/explore/resources/type/sermons/church/jesmond-parish-church/series/232/resource/3476/title/davids-last-words
3994,MD4117Sermon14.01.18,audio_link,https://bit.ly/2OJbE4S,https://www.printandaudio.org.uk/app/explore/resources/type/sermons/church/jesmond-parish-church/series/232/resource/3476/title/davids-last-words
4013,MD4121Sermon21.01.18,transcript_link,https://bit.ly/33iBksn,https://www.printandaudio.org.uk/app/explore/resources/type/sermons/church/jesmond-parish-church/series/232/resource/3474/title/davids-mighty-men
4013,MD4121Sermon21.01.18,audio_link,https://bit.ly/33iBksn,https://www.printandaudio.org.uk/app/explore/resources/type/sermons/church/jesmond-parish-church/series/232/resource/3474/title/davids-mighty-men
4091,MD4129Sermon28.01.18,transcript_link,https://bit.ly/31mW7t1,https://www.printandaudio.org.uk/app/explore/resources/type/sermons/church/jesmond-parish-church/series/311/resource/3486/title/where-to-keep-your-treasure
4091,MD4129Sermon28.01.18,audio_link,https://bit.ly/31mW7t1,https://www.printandaudio.org.uk/app/explore/resources/type/sermons/church/jesmond-parish-church/series/311/resource/3486/title/where-to-keep-your-treasure
4092,MD4132mp4MasterJesCon18BR1,transcript_link,http://bit.ly/2HQqmyD,https://www.printandaudio.org.uk/app/explore/resources/type/the-jesmond-conference/topic/jesmond-conference-18-sexual-chaos-causes-counteraction/resource/3503/title/bible-reading-1-breaking-faith-malachi-210-16
4092,MD4132mp4MasterJesCon18BR1,audio_link,http://bit.ly/2HQqmyD,https://www.printandaudio.org.uk/app/explore/resources/type/the-jesmond-conference/topic/jesmond-conference-18-sexual-chaos-causes-counteraction/resource/3503/title/bible-reading-1-breaking-faith-malachi-210-16
4093,MD4133mp4MasterJesCon1801Reason,transcript_link,http://bit.ly/2ppqOfZ,https://www.printandaudio.org.uk/app/explore/resources/type/the-jesmond-conference/topic/jesmond-conference-18-sexual-chaos-causes-counteraction/resource/3504/title/talk-1-the-reason-for-and-the-cost-of-the-chaos
4093,MD4133mp4MasterJesCon1801Reason,audio_link,http://bit.ly/2ppqOfZ,https://www.printandaudio.org.uk/app/explore/resources/type/the-jesmond-conference/topic/jesmond-conference-18-sexual-chaos-causes-counteraction/resource/3504/title/talk-1-the-reason-for-and-the-cost-of-the-chaos
4095,MD4134mp4MasterJesCon1802Problems and Ideal,transcript_link,http://bit.ly/2u6CwBE,https://www.printandaudio.org.uk/app/explore/resources/type/the-jesmond-conference/topic/jesmond-conference-18-sexual-chaos-causes-counteraction/resource/3505/title/talk-2-marriage-the-problems-and-the-churchs-ideal
4095,MD4134mp4MasterJesCon1802Problems and Ideal,audio_link,http://bit.ly/2u6CwBE,https://www.printandaudio.org.uk/app/explore/resources/type/the-jesmond-conference/topic/jesmond-conference-18-sexual-chaos-causes-counteraction/resource/3505/title/talk-2-marriage-the-problems-and-the-churchs-ideal
4096,MD4135mp4MasterJesCon1803Homosexuality and Trans,transcript_link,http://bit.ly/2pvMNmn,https://www.printandaudio.org.uk/app/explore/resources/type/the-jesmond-conference/topic/jesmond-conference-18-sexual-chaos-causes-counteraction/resource/3506/title/talk-3-homosexuality-and-transgenderism
4096,MD4135mp4MasterJesCon1803Homosexuality and Trans,audio_link,http://bit.ly/2pvMNmn,https://www.printandaudio.org.uk/app/explore/resources/type/the-jesmond-conference/topic/jesmond-conference-18-sexual-chaos-causes-counteraction/resource/3506/title/talk-3-homosexuality-and-transgenderism
4097,MD4136mp4MasterJesCon18BR2,transcript_link,http://bit.ly/2puREDw,https://www.printandaudio.org.uk/app/explore/resources/type/the-jesmond-conference/topic/jesmond-conference-18-sexual-chaos-causes-counteraction/resource/3507/title/bible-reading-2-body-and-spirit-1-corinthians-69-20
4097,MD4136mp4MasterJesCon18BR2,audio_link,http://bit.ly/2puREDw,https://www.printandaudio.org.uk/app/explore/resources/type/the-jesmond-conference/topic/jesmond-conference-18-sexual-chaos-causes-counteraction/resource/3507/title/bible-reading-2-body-and-spirit-1-corinthians-69-20
4098,MD4137mp4MasterJesCon1804Way Ahead,transcript_link,http://bit.ly/2FTEw1z,https://www.printandaudio.org.uk/app/explore/resources/type/the-jesmond-conference/topic/jesmond-conference-18-sexual-chaos-causes-counteraction/resource/3508/title/talk-4-the-way-ahead-for-the-church-and-society
4098,MD4137mp4MasterJesCon1804Way Ahead,audio_link,http://bit.ly/2FTEw1z,https://www.printandaudio.org.uk/app/explore/resources/type/the-jesmond-conference/topic/jesmond-conference-18-sexual-chaos-causes-counteraction/resource/3508/title/talk-4-the-way-ahead-for-the-church-and-society
4151,MD4148Sermon04.02.18,transcript_link,https://bit.ly/2KlKtJb,https://www.printandaudio.org.uk/app/explore/resources/type/sermons/church/jesmond-parish-church/series/311/resource/3488/title/the-woman-who-gave-everything
4151,MD4148Sermon04.02.18,audio_link,https://bit.ly/2KlKtJb,https://www.printandaudio.org.uk/app/explore/resources/type/sermons/church/jesmond-parish-church/series/311/resource/3488/title/the-woman-who-gave-everything
4178,MD4151Sermon11.02.18,transcript_link,https://bit.ly/2KjfltT,https://www.printandaudio.org.uk/app/search/resources/from/02-02-2018/to/31-12-2018/time/pm/church/jesmond-parish-church/resource/3491/title/how-to-live
4178,MD4151Sermon11.02.18,audio_link,https://bit.ly/2KjfltT,https://www.printandaudio.org.uk/app/search/resources/from/02-02-2018/to/31-12-2018/time/pm/church/jesmond-parish-church/resource/3491/title/how-to-live
4184,MD4155Sermon18.02.18,transcript_link,https://bit.ly/2M7HJ4c,https://www.printandaudio.org.uk/app/explore/resources/type/sermons/church/jesmond-parish-church/series/232/resource/3495/title/davids-census
4184,MD4155Sermon18.02.18,audio_link,https://bit.ly/2M7HJ4c,https://www.printandaudio.org.uk/app/explore/resources/type/sermons/church/jesmond-parish-church/series/232/resource/3495/title/davids-census
4191,MD4165Sermon25.02.18,transcript_link,https://bit.ly/31mlFXb,https://www.printandaudio.org.uk/app/explore/resources/type/sermons/church/jesmond-parish-church/series/232/resource/3496/title/davids-old-age
4191,MD4165Sermon25.02.18,audio_link,https://bit.ly/31mlFXb,https://www.printandaudio.org.uk/app/explore/resources/type/sermons/church/jesmond-parish-church/series/232/resource/3496/title/davids-old-age
4220,MD4168Sermon04.03.18,audio_link,https://bit.ly/2Tbx2yo,https://www.printandaudio.org.uk/app/search/resources/from/02-02-2018/to/31-12-2018/time/pm/church/jesmond-parish-church/resource/3501/title/is-god-just-loving-or-both
4267,MD4175Sermon18.03.18,transcript_link,https://bit.ly/2YPwz6f,https://www.printandaudio.org.uk/app/explore/resources/type/sermons/church/jesmond-parish-church/series/232/resource/3511/title/davids-death
4267,MD4175Sermon18.03.18,audio_link,https://bit.ly/2YPwz6f,https://www.printandaudio.org.uk/app/explore/resources/type/sermons/church/jesmond-parish-church/series/232/resource/3511/title/davids-death
4271,MD4178Sermon25.03.18,transcript_link,https://bit.ly/2M4AIBh,https://www.printandaudio.org.uk/app/search/resources/from/01-03-2018/to/31-03-2018/resource/3512/title/following-jesus
4271,MD4178Sermon25.03.18,audio_link,https://bit.ly/2M4AIBh,https://www.printandaudio.org.uk/app/search/resources/from/01-03-2018/to/31-03-2018/resource/3512/title/following-jesus
4304,MD4180Sermon01.04.18,transcript_link,https://bit.ly/2MKg3lt,https://www.printandaudio.org.uk/app/explore/resources/type/sermons/church/jesmond-parish-church/series/36/resource/3516/title/on-the-emmaus-road
4304,MD4180Sermon01.04.18,audio_link,https://bit.ly/2MKg3lt,https://www.printandaudio.org.uk/app/explore/resources/type/sermons/church/jesmond-parish-church/series/36/resource/3516/title/on-the-emmaus-road
4306,MD4183Sermon08.04.18,transcript_link,https://bit.ly/2KmF1py,https://www.printandaudio.org.uk/app/explore/resources/type/sermons/church/jesmond-parish-church/series/36/resource/3518/title/why-are-you-troubled
4306,MD4183Sermon08.04.18,audio_link,https://bit.ly/2KmF1py,https://www.printandaudio.org.uk/app/explore/resources/type/sermons/church/jesmond-parish-church/series/36/resource/3518/title/why-are-you-troubled
4314,MD4187Sermon15.04.18,transcript_link,https://bit.ly/33kCHXJ,https://www.printandaudio.org.uk/app/explore/resources/type/sermons/church/jesmond-parish-church/series/316/resource/3521/title/a-living-hope
4314,MD4187Sermon15.04.18,audio_link,https://bit.ly/33kCHXJ,https://www.printandaudio.org.uk/app/explore/resources/type/sermons/church/jesmond-parish-church/series/316/resource/3521/title/a-living-hope
4324,MD4192Sermon22.04.18,transcript_link,https://bit.ly/2yHPaqc,https://www.printandaudio.org.uk/app/explore/resources/type/sermons/church/jesmond-parish-church/series/316/resource/3523/title/a-time-of-exile
4324,MD4192Sermon22.04.18,audio_link,https://bit.ly/2yHPaqc,https://www.printandaudio.org.uk/app/explore/resources/type/sermons/church/jesmond-parish-church/series/316/resource/3523/title/a-time-of-exile
4407,MD4194Sermon29.04.18,transcript_link,https://bit.ly/2YOBzvL,https://www.printandaudio.org.uk/app/explore/resources/type/sermons/church/jesmond-parish-church/series/316/resource/3527/title/into-the-light
4407,MD4194Sermon29.04.18,audio_link,https://bit.ly/2YOBzvL,https://www.printandaudio.org.uk/app/explore/resources/type/sermons/church/jesmond-parish-church/series/316/resource/3527/title/into-the-light
4571,MD4204Sermon06.05.18,transcript_link,https://bit.ly/2OJlgNa,https://www.printandaudio.org.uk/app/explore/resources/type/sermons/church/jesmond-parish-church/series/316/resource/3531/title/submit-like-jesus
4571,MD4204Sermon06.05.18,audio_link,https://bit.ly/2OJlgNa,https://www.printandaudio.org.uk/app/explore/resources/type/sermons/church/jesmond-parish-church/series/316/resource/3531/title/submit-like-jesus
4594,MD4209Sermon13.05.18,transcript_link,https://bit.ly/2ZQsG20,https://www.printandaudio.org.uk/app/search/resources/from/02-02-2018/to/31-12-2018/time/pm/church/jesmond-parish-church/resource/3533/title/christianity-rules-or-relationship
4594,MD4209Sermon13.05.18,audio_link,https://bit.ly/2ZQsG20,https://www.printandaudio.org.uk/app/search/resources/from/02-02-2018/to/31-12-2018/time/pm/church/jesmond-parish-church/resource/3533/title/christianity-rules-or-relationship
4603,MD4211Sermon20.05.18,transcript_link,https://bit.ly/2KxxnHJ,https://www.printandaudio.org.uk/app/explore/resources/type/sermons/church/jesmond-parish-church/series/316/resource/3535/title/living-for-jesus-in-marriage
4603,MD4211Sermon20.05.18,audio_link,https://bit.ly/2KxxnHJ,https://www.printandaudio.org.uk/app/explore/resources/type/sermons/church/jesmond-parish-church/series/316/resource/3535/title/living-for-jesus-in-marriage
4683,MD4222Sermon27.05.18,transcript_link,https://bit.ly/2KmvKxy,https://www.printandaudio.org.uk/app/explore/resources/type/sermons/church/jesmond-parish-church/series/316/resource/3536/title/the-hope-in-us
4683,MD4222Sermon27.05.18,audio_link,https://bit.ly/2KmvKxy,https://www.printandaudio.org.uk/app/explore/resources/type/sermons/church/jesmond-parish-church/series/316/resource/3536/title/the-hope-in-us
4698,MD4235Sermon03.06.18,transcript_link,https://bit.ly/31q5jNu,https://www.printandaudio.org.uk/app/explore/resources/type/sermons/church/jesmond-parish-church/series/316/resource/3539/title/living-in-the-spirit
4698,MD4235Sermon03.06.18,audio_link,https://bit.ly/31q5jNu,https://www.printandaudio.org.uk/app/explore/resources/type/sermons/church/jesmond-parish-church/series/316/resource/3539/title/living-in-the-spirit
4702,MD4238Sermon10.06.18,transcript_link,https://bit.ly/2MMw0aL,https://www.printandaudio.org.uk/app/search/resources/from/02-02-2018/to/31-12-2018/time/pm/church/jesmond-parish-church/resource/3543/title/how-to-keep-going-as-christians
4702,MD4238Sermon10.06.18,audio_link,https://bit.ly/2MMw0aL,https://www.printandaudio.org.uk/app/search/resources/from/02-02-2018/to/31-12-2018/time/pm/church/jesmond-parish-church/resource/3543/title/how-to-keep-going-as-christians
4709,MD4242Sermon17.06.18,transcript_link,https://bit.ly/2M7Ji24,https://www.printandaudio.org.uk/app/explore/resources/type/sermons/church/jesmond-parish-church/series/316/resource/3544/title/how-to-suffer-well-for-jesus
4709,MD4242Sermon17.06.18,audio_link,https://bit.ly/2M7Ji24,https://www.printandaudio.org.uk/app/explore/resources/type/sermons/church/jesmond-parish-church/series/316/resource/3544/title/how-to-suffer-well-for-jesus
4754,MD4317Sermon24.06.18,transcript_link,https://bit.ly/2OTMhgK,https://www.printandaudio.org.uk/app/explore/resources/type/sermons/church/jesmond-parish-church/series/316/resource/3548/title/a-hostile-world
4754,MD4317Sermon24.06.18,audio_link,https://bit.ly/2OTMhgK,https://www.printandaudio.org.uk/app/explore/resources/type/sermons/church/jesmond-parish-church/series/316/resource/3548/title/a-hostile-world
4758,MD4361Sermon01.07.18,transcript_link,https://bit.ly/2YyEXvy,https://www.printandaudio.org.uk/app/explore/resources/type/sermons/church/jesmond-parish-church/series/318/resource/3553/title/life-in-the-kingdom-of-god-a-guide-for-new-residents
4758,MD4361Sermon01.07.18,audio_link,https://bit.ly/2YyEXvy,https://www.printandaudio.org.uk/app/explore/resources/type/sermons/church/jesmond-parish-church/series/318/resource/3553/title/life-in-the-kingdom-of-god-a-guide-for-new-residents
4769,MD4371Sermon08.07.18,transcript_link,https://bit.ly/2OL65mK,https://www.printandaudio.org.uk/app/explore/resources/type/sermons/church/jesmond-parish-church/series/318/resource/3555/title/salt-and-light
4769,MD4371Sermon08.07.18,audio_link,https://bit.ly/2OL65mK,https://www.printandaudio.org.uk/app/explore/resources/type/sermons/church/jesmond-parish-church/series/318/resource/3555/title/salt-and-light
4777,MD4398Sermon15.07.18,transcript_link,https://bit.ly/2MLCpDq,https://www.printandaudio.org.uk/app/explore/resources/type/sermons/church/jesmond-parish-church/series/318/resource/3561/title/did-jesus-abolish-the-law
4777,MD4398Sermon15.07.18,audio_link,https://bit.ly/2MLCpDq,https://www.printandaudio.org.uk/app/explore/resources/type/sermons/church/jesmond-parish-church/series/318/resource/3561/title/did-jesus-abolish-the-law
4783,MD4401Sermon22.07.18,transcript_link,https://bit.ly/2OJm1Ww,https://www.printandaudio.org.uk/app/explore/resources/type/sermons/church/jesmond-parish-church/series/318/resource/3563/title/dealing-with-your-anger
4783,MD4401Sermon22.07.18,audio_link,https://bit.ly/2OJm1Ww,https://www.printandaudio.org.uk/app/explore/resources/type/sermons/church/jesmond-parish-church/series/318/resource/3563/title/dealing-with-your-anger
4791,MD4404Sermon29.07.18,transcript_link,https://bit.ly/2GTnfrE,https://www.printandaudio.org.uk/app/explore/resources/type/sermons/church/jesmond-parish-church/series/318/resource/3567/title/amputating-our-adultery
4791,MD4404Sermon29.07.18,audio_link,https://bit.ly/2GTnfrE,https://www.printandaudio.org.uk/app/explore/resources/type/sermons/church/jesmond-parish-church/series/318/resource/3567/title/amputating-our-adultery
4819,MD4407Sermon05.08.18,transcript_link,https://bit.ly/31v4yml,https://www.printandaudio.org.uk/app/explore/resources/type/sermons/church/jesmond-parish-church/series/318/resource/3568/title/can-you-be-trusted
4819,MD4407Sermon05.08.18,audio_link,https://bit.ly/31v4yml,https://www.printandaudio.org.uk/app/explore/resources/type/sermons/church/jesmond-parish-church/series/318/resource/3568/title/can-you-be-trusted
4823,MD4410Sermon12.08.18,audio_link,https://bit.ly/2GPACcn,https://www.printandaudio.org.uk/app/explore/resources/type/sermons/church/jesmond-parish-church/series/100/resource/3575/title/two-destinies
4837,MD4412Sermon19.08.18,transcript_link,https://bit.ly/33b5MEK,https://www.printandaudio.org.uk/app/explore/resources/type/sermons/church/jesmond-parish-church/series/100/resource/3574/title/the-judge-of-all
4837,MD4412Sermon19.08.18,audio_link,https://bit.ly/33b5MEK,https://www.printandaudio.org.uk/app/explore/resources/type/sermons/church/jesmond-parish-church/series/100/resource/3574/title/the-judge-of-all
4844,MD4425Sermon26.08.18,transcript_link,https://bit.ly/2ZExA2n,https://www.printandaudio.org.uk/app/explore/resources/type/sermons/church/jesmond-parish-church/series/100/resource/3584/title/a-study-of-true-repentance
4844,MD4425Sermon26.08.18,audio_link,https://bit.ly/2ZExA2n,https://www.printandaudio.org.uk/app/explore/resources/type/sermons/church/jesmond-parish-church/series/100/resource/3584/title/a-study-of-true-repentance
4860,MD4427Sermon02.09.18,transcript_link,https://bit.ly/2OJndsY,https://www.printandaudio.org.uk/app/explore/resources/type/sermons/church/jesmond-parish-church/series/100/resource/3581/title/what-to-do-when-evil-prospers
4860,MD4427Sermon02.09.18,audio_link,https://bit.ly/2OJndsY,https://www.printandaudio.org.uk/app/explore/resources/type/sermons/church/jesmond-parish-church/series/100/resource/3581/title/what-to-do-when-evil-prospers
4866,MD4490Sermon09.09.18,transcript_link,https://bit.ly/2YTTIVj,https://www.printandaudio.org.uk/app/search/resources/from/02-02-2018/to/31-12-2018/time/pm/church/jesmond-parish-church/resource/3583/title/back-to-basics-godly-living
4866,MD4490Sermon09.09.18,audio_link,https://bit.ly/2YTTIVj,https://www.printandaudio.org.uk/app/search/resources/from/02-02-2018/to/31-12-2018/time/pm/church/jesmond-parish-church/resource/3583/title/back-to-basics-godly-living
4882,MD4493Sermon16.09.18,transcript_link,https://bit.ly/31iB7nc,https://www.printandaudio.org.uk/app/explore/resources/type/sermons/church/jesmond-parish-church/series/100/resource/3587/title/fallen-humanity
4882,MD4493Sermon16.09.18,audio_link,https://bit.ly/31iB7nc,https://www.printandaudio.org.uk/app/explore/resources/type/sermons/church/jesmond-parish-church/series/100/resource/3587/title/fallen-humanity
4886,MD4213Sermon23.09.18,transcript_link,https://bit.ly/2KkA5Bo,https://www.printandaudio.org.uk/app/search/resources/from/02-02-2018/to/31-12-2018/time/pm/church/jesmond-parish-church/resource/3589/title/becoming-all-things-for-christ
4886,MD4213Sermon23.09.18,audio_link,https://bit.ly/2KkA5Bo,https://www.printandaudio.org.uk/app/search/resources/from/02-02-2018/to/31-12-2018/time/pm/church/jesmond-parish-church/resource/3589/title/becoming-all-things-for-christ
4911,MD4529Sermon30.09.18,transcript_link,https://bit.ly/2M5nsMP,https://www.printandaudio.org.uk/app/search/resources/from/02-02-2018/to/31-12-2018/time/pm/church/jesmond-parish-church/resource/3600/title/who-are-you-going-to-be
4911,MD4529Sermon30.09.18,audio_link,https://bit.ly/2M5nsMP,https://www.printandaudio.org.uk/app/search/resources/from/02-02-2018/to/31-12-2018/time/pm/church/jesmond-parish-church/resource/3600/title/who-are-you-going-to-be
5032,MD4555Sermon07.10.18,transcript_link,https://bit.ly/33ju13K,https://www.printandaudio.org.uk/app/explore/resources/type/sermons/church/jesmond-parish-church/series/324/resource/3594/title/is-real-change-possible
5032,MD4555Sermon07.10.18,audio_link,https://bit.ly/33ju13K,https://www.printandaudio.org.uk/app/explore/resources/type/sermons/church/jesmond-parish-church/series/324/resource/3594/title/is-real-change-possible
5039,MD4563Sermon14.10.18,audio_link,https://bit.ly/2YID0Ms,https://www.printandaudio.org.uk/app/explore/resources/type/sermons/church/jesmond-parish-church/series/324/resource/3599/title/real-love
5047,MD4590RealLivesSermon14.10.18,audio_link,https://bit.ly/31nT0B1,https://www.printandaudio.org.uk/app/explore/resources/type/sermons/church/jesmond-parish-church/series/324/resource/3598/title/real-love
5052,MD4594Sermon21.10.18,transcript_link,https://bit.ly/2TeguWp,https://www.printandaudio.org.uk/app/explore/resources/type/sermons/church/jesmond-parish-church/series/325/resource/3601/title/whose-love-can-you-trust
5052,MD4594Sermon21.10.18,audio_link,https://bit.ly/2TeguWp,https://www.printandaudio.org.uk/app/explore/resources/type/sermons/church/jesmond-parish-church/series/325/resource/3601/title/whose-love-can-you-trust
5058,MD4597Sermon28.10.18,transcript_link,https://bit.ly/2GTIj1p,https://www.printandaudio.org.uk/app/explore/resources/type/sermons/church/jesmond-parish-church/series/325/resource/3605/title/listening-to-god
5058,MD4597Sermon28.10.18,audio_link,https://bit.ly/2GTIj1p,https://www.printandaudio.org.uk/app/explore/resources/type/sermons/church/jesmond-parish-church/series/325/resource/3605/title/listening-to-god
5063,MD4604Sermon04.11.18,transcript_link,https://bit.ly/2ZOW4pL,https://www.printandaudio.org.uk/app/explore/resources/type/sermons/church/jesmond-parish-church/series/325/resource/3606/title/why-how-and-what-to-pray
5063,MD4604Sermon04.11.18,audio_link,https://bit.ly/2ZOW4pL,https://www.printandaudio.org.uk/app/explore/resources/type/sermons/church/jesmond-parish-church/series/325/resource/3606/title/why-how-and-what-to-pray
5072,MD4607Sermon11.11.18,transcript_link,https://bit.ly/2MLF2Fi,https://www.printandaudio.org.uk/app/explore/resources/type/sermons/church/jesmond-parish-church/series/325/resource/3612/title/belonging-to-gods-people
5072,MD4607Sermon11.11.18,audio_link,https://bit.ly/2MLF2Fi,https://www.printandaudio.org.uk/app/explore/resources/type/sermons/church/jesmond-parish-church/series/325/resource/3612/title/belonging-to-gods-people
5080,MD4747Sermon18.11.18,transcript_link,https://bit.ly/31o3nop,https://www.printandaudio.org.uk/app/explore/resources/type/sermons/church/jesmond-parish-church/series/325/resource/3613/title/sex-and-relationships
5080,MD4747Sermon18.11.18,audio_link,https://bit.ly/31o3nop,https://www.printandaudio.org.uk/app/explore/resources/type/sermons/church/jesmond-parish-church/series/325/resource/3613/title/sex-and-relationships
5086,MD4750Sermon25.11.18,audio_link,https://bit.ly/33ly4wj,https://www.printandaudio.org.uk/app/search/resources/name/bishop-martin-morrison__martin-morrison/resource/3632/title/advent-carols
5103,MD4754Sermon02.12.18,transcript_link,https://bit.ly/2yI9jwl,https://www.printandaudio.org.uk/app/explore/resources/type/sermons/church/jesmond-parish-church/series/325/resource/3624/title/sharing-our-faith-in-jesus
5103,MD4754Sermon02.12.18,audio_link,https://bit.ly/2yI9jwl,https://www.printandaudio.org.uk/app/explore/resources/type/sermons/church/jesmond-parish-church/series/325/resource/3624/title/sharing-our-faith-in-jesus
5115,MD4759Sermon09.12.18,transcript_link,https://bit.ly/2OJselm,https://www.printandaudio.org.uk/app/search/resources/name/ian-garrett/bible-book/luke/resource/3625/title/the-parable-of-ten-minas
5115,MD4759Sermon09.12.18,audio_link,https://bit.ly/2OJselm,https://www.printandaudio.org.uk/app/search/resources/name/ian-garrett/bible-book/luke/resource/3625/title/the-parable-of-ten-minas
5183, MD4805Sermon23.12.18,transcript_link,https://bit.ly/31qpVoO,https://www.printandaudio.org.uk/app/explore/resources/type/sermons/church/jesmond-parish-church/series/325/resource/3635/title/why-bother-serving-god
5183, MD4805Sermon23.12.18,audio_link,https://bit.ly/31qpVoO,https://www.printandaudio.org.uk/app/explore/resources/type/sermons/church/jesmond-parish-church/series/325/resource/3635/title/why-bother-serving-god
5190,MD4809Sermon30.12.18,transcript_link,https://bit.ly/2YPIEIL,https://www.printandaudio.org.uk/app/search/resources/from/02-02-2018/to/31-12-2018/time/pm/church/jesmond-parish-church/resource/3637/title/gods-promise
5190,MD4809Sermon30.12.18,audio_link,https://bit.ly/2YPIEIL,https://www.printandaudio.org.uk/app/search/resources/from/02-02-2018/to/31-12-2018/time/pm/church/jesmond-parish-church/resource/3637/title/gods-promise
5191,MD4811Sermon06.01.19,transcript_link,https://bit.ly/2M5qBMx,https://www.printandaudio.org.uk/app/explore/resources/type/sermons/church/jesmond-parish-church/series/326/resource/3641/title/a-cry-for-help
5191,MD4811Sermon06.01.19,audio_link,https://bit.ly/2M5qBMx,https://www.printandaudio.org.uk/app/explore/resources/type/sermons/church/jesmond-parish-church/series/326/resource/3641/title/a-cry-for-help
5206,MD4822Sermon13.01.19,transcript_link,https://bit.ly/2OID2QH,https://www.printandaudio.org.uk/app/explore/resources/type/sermons/church/jesmond-parish-church/series/326/resource/3640/title/what-excuses-do-you-give-god
5206,MD4822Sermon13.01.19,audio_link,https://bit.ly/2OID2QH,https://www.printandaudio.org.uk/app/explore/resources/type/sermons/church/jesmond-parish-church/series/326/resource/3640/title/what-excuses-do-you-give-god
5213,MD4834Sermon20.01.19,transcript_link,https://bit.ly/33lc2K7,https://www.printandaudio.org.uk/app/explore/resources/type/sermons/church/jesmond-parish-church/series/326/resource/3648/title/where-to-look-when-god-seems-weak
5213,MD4834Sermon20.01.19,audio_link,https://bit.ly/33lc2K7,https://www.printandaudio.org.uk/app/explore/resources/type/sermons/church/jesmond-parish-church/series/326/resource/3648/title/where-to-look-when-god-seems-weak
5219,MD4837Sermon27.01.19,transcript_link,https://bit.ly/2KKkdHJ,https://www.printandaudio.org.uk/app/explore/resources/type/sermons/church/jesmond-parish-church/series/326/resource/3651/title/the-lord-shows-his-power
5219,MD4837Sermon27.01.19,audio_link,https://bit.ly/2KKkdHJ,https://www.printandaudio.org.uk/app/explore/resources/type/sermons/church/jesmond-parish-church/series/326/resource/3651/title/the-lord-shows-his-power
5235,MD4840Sermon03.02.19,transcript_link,https://bit.ly/2TbwSXV,https://www.printandaudio.org.uk/app/explore/resources/type/sermons/church/jesmond-parish-church/series/327/resource/3658/title/a-collection-for-the-saints
5235,MD4840Sermon03.02.19,audio_link,https://bit.ly/2TbwSXV,https://www.printandaudio.org.uk/app/explore/resources/type/sermons/church/jesmond-parish-church/series/327/resource/3658/title/a-collection-for-the-saints
5260,MD4867Sermon10.02.19,transcript_link,https://bit.ly/2GPkuHR,https://www.printandaudio.org.uk/app/explore/resources/type/sermons/church/jesmond-parish-church/series/327/resource/3656/title/the-fundamental-principle-of-giving
5260,MD4867Sermon10.02.19,audio_link,https://bit.ly/2GPkuHR,https://www.printandaudio.org.uk/app/explore/resources/type/sermons/church/jesmond-parish-church/series/327/resource/3656/title/the-fundamental-principle-of-giving
5266,MD4883Sermon17.02.19,transcript_link,https://bit.ly/2Yszw1j,https://www.printandaudio.org.uk/app/explore/resources/type/sermons/church/jesmond-parish-church/series/326/resource/3671/title/the-judgement-that-saves
5266,MD4883Sermon17.02.19,audio_link,https://bit.ly/2Yszw1j,https://www.printandaudio.org.uk/app/explore/resources/type/sermons/church/jesmond-parish-church/series/326/resource/3671/title/the-judgement-that-saves
5279,MD4915Sermon24.02.19,transcript_link,https://bit.ly/2YMMClm,https://www.printandaudio.org.uk/app/search/resources/from/01-02-2019/to/25-05-2019/time/pm/church/jesmond-parish-church/resource/3669/title/who-are-you-and-what-are-you-here-for
5279,MD4915Sermon24.02.19,audio_link,https://bit.ly/2YMMClm,https://www.printandaudio.org.uk/app/search/resources/from/01-02-2019/to/25-05-2019/time/pm/church/jesmond-parish-church/resource/3669/title/who-are-you-and-what-are-you-here-for
5292,MD4924Sermon03.03.19,transcript_link,https://bit.ly/2GShSsY,https://www.printandaudio.org.uk/app/explore/resources/type/sermons/church/jesmond-parish-church/series/326/resource/3674/title/remember-the-rescue
5292,MD4924Sermon03.03.19,audio_link,https://bit.ly/2GShSsY,https://www.printandaudio.org.uk/app/explore/resources/type/sermons/church/jesmond-parish-church/series/326/resource/3674/title/remember-the-rescue
5306,MD4982Sermon10.03.19,audio_link,https://bit.ly/33mKft5,https://www.printandaudio.org.uk/app/search/resources/from/01-02-2019/to/25-05-2019/time/pm/church/jesmond-parish-church/resource/3680/title/why-follow-jesus-christ
5313,MD4907MasterJesCon19BR1,transcript_link,http://printandaudio.org.uk/r/3682,http://printandaudio.org.uk/r/3682
5313,MD4907MasterJesCon19BR1,audio_link,http://printandaudio.org.uk/r/3682,http://printandaudio.org.uk/r/3682
5314,MD4908MasterJesCon19BR2,transcript_link,http://printandaudio.org.uk/r/3683,http://printandaudio.org.uk/r/3683
5314,MD4908MasterJesCon19BR2,audio_link,http://printandaudio.org.uk/r/3683,http://printandaudio.org.uk/r/3683
5315,MD4909MasterJesCon19Talk1,transcript_link,http://printandaudio.org.uk/r/3684,http://printandaudio.org.uk/r/3684
5315,MD4909MasterJesCon19Talk1,audio_link,http://printandaudio.org.uk/r/3684,http://printandaudio.org.uk/r/3684
5316,MD4911MasterJesCon19Talk3,transcript_link,http://printandaudio.org.uk/r/3686,http://printandaudio.org.uk/r/3686
5316,MD4911MasterJesCon19Talk3,audio_link,http://printandaudio.org.uk/r/3686,http://printandaudio.org.uk/r/3686
5317,MD4912MasterJesCon19Talk4,transcript_link,http://printandaudio.org.uk/r/3687,http://printandaudio.org.uk/r/3687
5317,MD4912MasterJesCon19Talk4,audio_link,http://printandaudio.org.uk/r/3687,http://printandaudio.org.uk/r/3687
5318,MD4910MasterJesCon19Talk2,transcript_link,http://printandaudio.org.uk/r/3685,http://printandaudio.org.uk/r/3685
5318,MD4910MasterJesCon19Talk2,audio_link,http://printandaudio.org.uk/r/3685,http://printandaudio.org.uk/r/3685
5320,MD4985Sermon17.03.19,transcript_link,https://bit.ly/2KvhSjK,https://www.printandaudio.org.uk/app/explore/resources/type/sermons/church/jesmond-parish-church/series/326/resource/3689/title/the-red-sea-a-model-for-us
5320,MD4985Sermon17.03.19,audio_link,https://bit.ly/2KvhSjK,https://www.printandaudio.org.uk/app/explore/resources/type/sermons/church/jesmond-parish-church/series/326/resource/3689/title/the-red-sea-a-model-for-us
5327,MD4988Sermon24.03.19,transcript_link,https://bit.ly/31mjgMe,https://www.printandaudio.org.uk/app/search/resources/name/jonathan-pryke/from/16-03-2019/to/31-03-2019/time/pm/church/jesmond-parish-church/resource/3691/title/the-cross-of-christ
5327,MD4988Sermon24.03.19,audio_link,https://bit.ly/31mjgMe,https://www.printandaudio.org.uk/app/search/resources/name/jonathan-pryke/from/16-03-2019/to/31-03-2019/time/pm/church/jesmond-parish-church/resource/3691/title/the-cross-of-christ
5366,MD4991Sermon31.03.19,transcript_link,https://bit.ly/2ZCRafn,https://www.printandaudio.org.uk/app/explore/resources/type/sermons/church/jesmond-parish-church/series/326/resource/3694/title/celebrating-our-triumphant-god
5366,MD4991Sermon31.03.19,audio_link,https://bit.ly/2ZCRafn,https://www.printandaudio.org.uk/app/explore/resources/type/sermons/church/jesmond-parish-church/series/326/resource/3694/title/celebrating-our-triumphant-god
5379,MD4994Sermon07.04.19,transcript_link,http://printandaudio.org.uk/app/search/resources/from/28-03-2019/to/07-05-2019/time/pm/resource/3698,http://printandaudio.org.uk/app/search/resources/from/28-03-2019/to/07-05-2019/time/pm/resource/3698
5379,MD4994Sermon07.04.19,audio_link,http://printandaudio.org.uk/app/search/resources/from/28-03-2019/to/07-05-2019/time/pm/resource/3698,http://printandaudio.org.uk/app/search/resources/from/28-03-2019/to/07-05-2019/time/pm/resource/3698
5387,MD5003Sermon14.04.19,transcript_link,http://printandaudio.org.uk/app/search/resources/from/28-03-2019/to/07-05-2019/time/pm/resource/3699,http://printandaudio.org.uk/app/search/resources/from/28-03-2019/to/07-05-2019/time/pm/resource/3699
5387,MD5003Sermon14.04.19,audio_link,http://printandaudio.org.uk/app/search/resources/from/28-03-2019/to/07-05-2019/time/pm/resource/3699,http://printandaudio.org.uk/app/search/resources/from/28-03-2019/to/07-05-2019/time/pm/resource/3699
5414,MD5008Sermon21.04.19,transcript_link,http://printandaudio.org.uk/app/search/resources/from/28-03-2019/to/07-05-2019/time/pm/resource/3702,http://printandaudio.org.uk/app/search/resources/from/28-03-2019/to/07-05-2019/time/pm/resource/3702
5414,MD5008Sermon21.04.19,audio_link,http://printandaudio.org.uk/app/search/resources/from/28-03-2019/to/07-05-2019/time/pm/resource/3702,http://printandaudio.org.uk/app/search/resources/from/28-03-2019/to/07-05-2019/time/pm/resource/3702
5416,MD5017Sermon28.04.19,transcript_link,http://printandaudio.org.uk/app/search/resources/from/28-03-2019/to/07-05-2019/time/pm/resource/3705,http://printandaudio.org.uk/app/search/resources/from/28-03-2019/to/07-05-2019/time/pm/resource/3705
5416,MD5017Sermon28.04.19,audio_link,http://printandaudio.org.uk/app/search/resources/from/28-03-2019/to/07-05-2019/time/pm/resource/3705,http://printandaudio.org.uk/app/search/resources/from/28-03-2019/to/07-05-2019/time/pm/resource/3705
5432,MD5020Sermon05.05.19,transcript_link,https://bit.ly/2KmwFhO,https://www.printandaudio.org.uk/app/explore/resources/type/sermons/church/jesmond-parish-church/series/332/resource/3709/title/eyewitness-testimony
5432,MD5020Sermon05.05.19,audio_link,https://bit.ly/2KmwFhO,https://www.printandaudio.org.uk/app/explore/resources/type/sermons/church/jesmond-parish-church/series/332/resource/3709/title/eyewitness-testimony
5449,MD5024Sermon12.05.19,transcript_link,https://bit.ly/2M6Ue0c,https://www.printandaudio.org.uk/app/explore/resources/type/sermons/church/jesmond-parish-church/series/332/resource/3710/title/how-can-i-have-true-fellowship
5449,MD5024Sermon12.05.19,audio_link,https://bit.ly/2M6Ue0c,https://www.printandaudio.org.uk/app/explore/resources/type/sermons/church/jesmond-parish-church/series/332/resource/3710/title/how-can-i-have-true-fellowship
5459,MD5029Sermon19.05.19,transcript_link,https://bit.ly/2GVE3i2,https://www.printandaudio.org.uk/app/search/resources/from/01-02-2019/to/25-05-2019/time/pm/church/jesmond-parish-church/resource/3718/title/why-is-the-gospel-good-news
5459,MD5029Sermon19.05.19,audio_link,https://bit.ly/2GVE3i2,https://www.printandaudio.org.uk/app/search/resources/from/01-02-2019/to/25-05-2019/time/pm/church/jesmond-parish-church/resource/3718/title/why-is-the-gospel-good-news
5474,MD5032Sermon26.05.19,transcript_link,https://bit.ly/2YxlbAz,https://www.printandaudio.org.uk/app/explore/resources/type/sermons/church/jesmond-parish-church/series/332/resource/3721/title/jesus-our-advocate
5474,MD5032Sermon26.05.19,audio_link,https://bit.ly/2YxlbAz,https://www.printandaudio.org.uk/app/explore/resources/type/sermons/church/jesmond-parish-church/series/332/resource/3721/title/jesus-our-advocate
5573,MD5045Sermon02.06.19,transcript_link,https://bit.ly/2YswLwZ,https://www.printandaudio.org.uk/app/explore/resources/type/sermons/church/jesmond-parish-church/series/332/resource/3728/title/how-to-recognise-a-true-christian
5573,MD5045Sermon02.06.19,audio_link,https://bit.ly/2YswLwZ,https://www.printandaudio.org.uk/app/explore/resources/type/sermons/church/jesmond-parish-church/series/332/resource/3728/title/how-to-recognise-a-true-christian
5627,MD5102Sermon09.06.19,transcript_link,https://bit.ly/2YyflPq,https://www.printandaudio.org.uk/app/explore/resources/type/sermons/church/jesmond-parish-church/series/332/resource/3730/title/is-what-you-believe-right
5627,MD5102Sermon09.06.19,audio_link,https://bit.ly/2YyflPq,https://www.printandaudio.org.uk/app/explore/resources/type/sermons/church/jesmond-parish-church/series/332/resource/3730/title/is-what-you-believe-right
5705,MD5151Sermon16.06.19,transcript_link,https://bit.ly/2KoByHf,https://www.printandaudio.org.uk/app/explore/resources/type/sermons/church/jesmond-parish-church/series/332/resource/3732/title/do-not-love-the-world
5705,MD5151Sermon16.06.19,audio_link,https://bit.ly/2KoByHf,https://www.printandaudio.org.uk/app/explore/resources/type/sermons/church/jesmond-parish-church/series/332/resource/3732/title/do-not-love-the-world
5715,MD5157Sermon23.06.19,transcript_link,https://bit.ly/2GSfaUl,https://www.printandaudio.org.uk/app/explore/resources/type/sermons/church/jesmond-parish-church/series/332/resource/3734/title/truth-and-lies
5715,MD5157Sermon23.06.19,audio_link,https://bit.ly/2GSfaUl,https://www.printandaudio.org.uk/app/explore/resources/type/sermons/church/jesmond-parish-church/series/332/resource/3734/title/truth-and-lies
5794,MD5183Sermon30.06.19,transcript_link,https://bit.ly/2MLIZcM,https://www.printandaudio.org.uk/app/explore/resources/type/sermons/church/jesmond-parish-church/series/332/resource/3738/title/continuing-in-jesus
5794,MD5183Sermon30.06.19,audio_link,https://bit.ly/2MLIZcM,https://www.printandaudio.org.uk/app/explore/resources/type/sermons/church/jesmond-parish-church/series/332/resource/3738/title/continuing-in-jesus
5846,MD5188Sermon07.07.19,transcript_link,https://bit.ly/33j6DDu,https://www.printandaudio.org.uk/app/explore/resources/type/sermons/church/jesmond-parish-church/from/2019-06-26/to/2019-08-07/sort/date/direction/desc/resource/3742/title/revenge-or-generosity
5846,MD5188Sermon07.07.19,audio_link,https://bit.ly/33j6DDu,https://www.printandaudio.org.uk/app/explore/resources/type/sermons/church/jesmond-parish-church/from/2019-06-26/to/2019-08-07/sort/date/direction/desc/resource/3742/title/revenge-or-generosity
5869,MD5191Sermon14.07.19,transcript_link,https://bit.ly/2ML1jTx,https://www.printandaudio.org.uk/app/explore/resources/type/sermons/church/jesmond-parish-church/from/2019-06-26/to/2019-08-07/sort/date/direction/desc/resource/3744/title/how-do-you-love-your-enemies
5869,MD5191Sermon14.07.19,audio_link,https://bit.ly/2ML1jTx,https://www.printandaudio.org.uk/app/explore/resources/type/sermons/church/jesmond-parish-church/from/2019-06-26/to/2019-08-07/sort/date/direction/desc/resource/3744/title/how-do-you-love-your-enemies
5873,MD5194Sermon21.07.19,transcript_link,https://bit.ly/2TcJ6iY,https://www.printandaudio.org.uk/app/explore/resources/type/sermons/church/jesmond-parish-church/from/2019-06-26/to/2019-08-07/sort/date/direction/desc/resource/3746/title/giving-for-the-glory-of-god
5873,MD5194Sermon21.07.19,audio_link,https://bit.ly/2TcJ6iY,https://www.printandaudio.org.uk/app/explore/resources/type/sermons/church/jesmond-parish-church/from/2019-06-26/to/2019-08-07/sort/date/direction/desc/resource/3746/title/giving-for-the-glory-of-god
5881,MD5197Sermon28.07.19,transcript_link,https://bit.ly/2MJlotq,https://www.printandaudio.org.uk/app/explore/resources/type/sermons/church/jesmond-parish-church/from/2019-06-26/to/2019-08-07/sort/date/direction/desc/resource/3751/title/genuine-prayer
5881,MD5197Sermon28.07.19,audio_link,https://bit.ly/2MJlotq,https://www.printandaudio.org.uk/app/explore/resources/type/sermons/church/jesmond-parish-church/from/2019-06-26/to/2019-08-07/sort/date/direction/desc/resource/3751/title/genuine-prayer
5905,MD5209Sermon04.08.20,transcript_link,https://bit.ly/2YLdwOl,https://www.printandaudio.org.uk/app/explore/resources/type/sermons/church/jesmond-parish-church/from/2019-06-26/to/2019-08-07/sort/date/direction/desc/resource/3755/title/fasting-what-why-when-how#top
5905,MD5209Sermon04.08.20,audio_link,https://bit.ly/2YLdwOl,https://www.printandaudio.org.uk/app/explore/resources/type/sermons/church/jesmond-parish-church/from/2019-06-26/to/2019-08-07/sort/date/direction/desc/resource/3755/title/fasting-what-why-when-how#top
5907,MD5216Sermon11.08.19,transcript_link,https://www.printandaudio.org.uk/app/explore/resources/type/sermons/church/jesmond-parish-church/from/2019-07-29/to/2019-09-09/sort/date/direction/desc/resource/3757/title/how-to-lay-up-treasures,https://www.printandaudio.org.uk/app/explore/resources/type/sermons/church/jesmond-parish-church/from/2019-07-29/to/2019-09-09/sort/date/direction/desc/resource/3757/title/how-to-lay-up-treasures
5907,MD5216Sermon11.08.19,audio_link,https://www.printandaudio.org.uk/app/explore/resources/type/sermons/church/jesmond-parish-church/from/2019-07-29/to/2019-09-09/sort/date/direction/desc/resource/3757/title/how-to-lay-up-treasures,https://www.printandaudio.org.uk/app/explore/resources/type/sermons/church/jesmond-parish-church/from/2019-07-29/to/2019-09-09/sort/date/direction/desc/resource/3757/title/how-to-lay-up-treasures
5915,MD5218Sermon18.08.19,transcript_link,https://www.printandaudio.org.uk/app/explore/resources/type/sermons/church/jesmond-parish-church/from/2019-07-29/to/2019-09-09/sort/date/direction/desc/resource/3771/title/facing-dark-days,https://www.printandaudio.org.uk/app/explore/resources/type/sermons/church/jesmond-parish-church/from/2019-07-29/to/2019-09-09/sort/date/direction/desc/resource/3771/title/facing-dark-days
5915,MD5218Sermon18.08.19,audio_link,https://www.printandaudio.org.uk/app/explore/resources/type/sermons/church/jesmond-parish-church/from/2019-07-29/to/2019-09-09/sort/date/direction/desc/resource/3771/title/facing-dark-days,https://www.printandaudio.org.uk/app/explore/resources/type/sermons/church/jesmond-parish-church/from/2019-07-29/to/2019-09-09/sort/date/direction/desc/resource/3771/title/facing-dark-days
5922,MD5222Sermon25.08.19,transcript_link,https://www.printandaudio.org.uk/app/explore/resources/type/sermons/church/jesmond-parish-church/from/2019-07-29/to/2019-09-09/sort/date/direction/desc/resource/3774/title/cast-your-burden-on-the-lord,https://www.printandaudio.org.uk/app/explore/resources/type/sermons/church/jesmond-parish-church/from/2019-07-29/to/2019-09-09/sort/date/direction/desc/resource/3774/title/cast-your-burden-on-the-lord
5922,MD5222Sermon25.08.19,audio_link,https://www.printandaudio.org.uk/app/explore/resources/type/sermons/church/jesmond-parish-church/from/2019-07-29/to/2019-09-09/sort/date/direction/desc/resource/3774/title/cast-your-burden-on-the-lord,https://www.printandaudio.org.uk/app/explore/resources/type/sermons/church/jesmond-parish-church/from/2019-07-29/to/2019-09-09/sort/date/direction/desc/resource/3774/title/cast-your-burden-on-the-lord
5942,MD5225Sermon01.09.19,transcript_link,https://www.printandaudio.org.uk/app/explore/resources/type/sermons/church/jesmond-parish-church/from/2019-08-26/to/2019-10-07/sort/date/direction/desc/resource/3777/title/trusting-god-in-testing-times,https://www.printandaudio.org.uk/app/explore/resources/type/sermons/church/jesmond-parish-church/from/2019-08-26/to/2019-10-07/sort/date/direction/desc/resource/3777/title/trusting-god-in-testing-times
5942,MD5225Sermon01.09.19,audio_link,https://www.printandaudio.org.uk/app/explore/resources/type/sermons/church/jesmond-parish-church/from/2019-08-26/to/2019-10-07/sort/date/direction/desc/resource/3777/title/trusting-god-in-testing-times,https://www.printandaudio.org.uk/app/explore/resources/type/sermons/church/jesmond-parish-church/from/2019-08-26/to/2019-10-07/sort/date/direction/desc/resource/3777/title/trusting-god-in-testing-times
5955,MD5289Sermon08.09.19,transcript_link,https://www.printandaudio.org.uk/app/explore/resources/type/sermons/church/jesmond-parish-church/from/2019-08-26/to/2019-10-07/sort/date/direction/desc/resource/3779/title/blessings-for-believers,https://www.printandaudio.org.uk/app/explore/resources/type/sermons/church/jesmond-parish-church/from/2019-08-26/to/2019-10-07/sort/date/direction/desc/resource/3779/title/blessings-for-believers
5955,MD5289Sermon08.09.19,audio_link,https://www.printandaudio.org.uk/app/explore/resources/type/sermons/church/jesmond-parish-church/from/2019-08-26/to/2019-10-07/sort/date/direction/desc/resource/3779/title/blessings-for-believers,https://www.printandaudio.org.uk/app/explore/resources/type/sermons/church/jesmond-parish-church/from/2019-08-26/to/2019-10-07/sort/date/direction/desc/resource/3779/title/blessings-for-believers
5964,MD5413Sermon15.09.19,transcript_link,https://www.printandaudio.org.uk/app/explore/resources/type/sermons/church/jesmond-parish-church/from/2019-08-26/to/2019-10-07/sort/date/direction/desc/resource/3781/title/dependence-despite-difficulties,https://www.printandaudio.org.uk/app/explore/resources/type/sermons/church/jesmond-parish-church/from/2019-08-26/to/2019-10-07/sort/date/direction/desc/resource/3781/title/dependence-despite-difficulties
5964,MD5413Sermon15.09.19,audio_link,https://www.printandaudio.org.uk/app/explore/resources/type/sermons/church/jesmond-parish-church/from/2019-08-26/to/2019-10-07/sort/date/direction/desc/resource/3781/title/dependence-despite-difficulties,https://www.printandaudio.org.uk/app/explore/resources/type/sermons/church/jesmond-parish-church/from/2019-08-26/to/2019-10-07/sort/date/direction/desc/resource/3781/title/dependence-despite-difficulties
5971,MD5420Sermon22.09.19,transcript_link,https://www.printandaudio.org.uk/app/explore/resources/type/sermons/church/jesmond-parish-church/from/2019-08-26/to/2019-10-07/sort/date/direction/desc/resource/3792/title/how-do-you-see-church,https://www.printandaudio.org.uk/app/explore/resources/type/sermons/church/jesmond-parish-church/from/2019-08-26/to/2019-10-07/sort/date/direction/desc/resource/3792/title/how-do-you-see-church
5971,MD5420Sermon22.09.19,audio_link,https://www.printandaudio.org.uk/app/explore/resources/type/sermons/church/jesmond-parish-church/from/2019-08-26/to/2019-10-07/sort/date/direction/desc/resource/3792/title/how-do-you-see-church,https://www.printandaudio.org.uk/app/explore/resources/type/sermons/church/jesmond-parish-church/from/2019-08-26/to/2019-10-07/sort/date/direction/desc/resource/3792/title/how-do-you-see-church
6000,MD5424Sermon29.09.19,transcript_link,https://www.printandaudio.org.uk/app/explore/resources/type/sermons/church/jesmond-parish-church/from/2019-08-26/to/2019-10-07/sort/date/direction/desc/resource/3797/title/godly-wisdom-in-a-godless-world,https://www.printandaudio.org.uk/app/explore/resources/type/sermons/church/jesmond-parish-church/from/2019-08-26/to/2019-10-07/sort/date/direction/desc/resource/3797/title/godly-wisdom-in-a-godless-world
6000,MD5424Sermon29.09.19,audio_link,https://www.printandaudio.org.uk/app/explore/resources/type/sermons/church/jesmond-parish-church/from/2019-08-26/to/2019-10-07/sort/date/direction/desc/resource/3797/title/godly-wisdom-in-a-godless-world,https://www.printandaudio.org.uk/app/explore/resources/type/sermons/church/jesmond-parish-church/from/2019-08-26/to/2019-10-07/sort/date/direction/desc/resource/3797/title/godly-wisdom-in-a-godless-world
6009,MD5428Sermon06.10.19,transcript_link,https://www.printandaudio.org.uk/app/explore/resources/type/sermons/church/jesmond-parish-church/from/2019-09-24/to/2019-11-05/sort/date/direction/desc/resource/3825/title/peter-on-service,https://www.printandaudio.org.uk/app/explore/resources/type/sermons/church/jesmond-parish-church/from/2019-09-24/to/2019-11-05/sort/date/direction/desc/resource/3825/title/peter-on-service
6009,MD5428Sermon06.10.19,audio_link,https://www.printandaudio.org.uk/app/explore/resources/type/sermons/church/jesmond-parish-church/from/2019-09-24/to/2019-11-05/sort/date/direction/desc/resource/3825/title/peter-on-service,https://www.printandaudio.org.uk/app/explore/resources/type/sermons/church/jesmond-parish-church/from/2019-09-24/to/2019-11-05/sort/date/direction/desc/resource/3825/title/peter-on-service
6016,MD5433Sermon13.10.19,audio_link,https://www.printandaudio.org.uk/app/explore/resources/type/sermons/church/jesmond-parish-church/from/2019-09-24/to/2019-11-05/sort/date/direction/desc/resource/3826/title/you-cant-talk-to-her,https://www.printandaudio.org.uk/app/explore/resources/type/sermons/church/jesmond-parish-church/from/2019-09-24/to/2019-11-05/sort/date/direction/desc/resource/3826/title/you-cant-talk-to-her
6017,MD5431Sermon13.10.19,audio_link,https://www.printandaudio.org.uk/app/explore/resources/type/sermons/church/jesmond-parish-church/from/2019-09-24/to/2019-11-05/sort/date/direction/desc/resource/3827/title/achieving-victory-from-the-jaws-of-defeat,https://www.printandaudio.org.uk/app/explore/resources/type/sermons/church/jesmond-parish-church/from/2019-09-24/to/2019-11-05/sort/date/direction/desc/resource/3827/title/achieving-victory-from-the-jaws-of-defeat
6038,MD5450Sermon20.10.19,transcript_link,https://www.printandaudio.org.uk/app/explore/resources/type/sermons/church/jesmond-parish-church/from/2019-09-24/to/2019-11-05/sort/date/direction/desc/resource/3832/title/where-does-your-faith-look-to,https://www.printandaudio.org.uk/app/explore/resources/type/sermons/church/jesmond-parish-church/from/2019-09-24/to/2019-11-05/sort/date/direction/desc/resource/3832/title/where-does-your-faith-look-to
6038,MD5450Sermon20.10.19,audio_link,https://www.printandaudio.org.uk/app/explore/resources/type/sermons/church/jesmond-parish-church/from/2019-09-24/to/2019-11-05/sort/date/direction/desc/resource/3832/title/where-does-your-faith-look-to,https://www.printandaudio.org.uk/app/explore/resources/type/sermons/church/jesmond-parish-church/from/2019-09-24/to/2019-11-05/sort/date/direction/desc/resource/3832/title/where-does-your-faith-look-to
6047,MD5457Sermon27.10.19,transcript_link,https://www.printandaudio.org.uk/app/explore/resources/type/sermons/church/jesmond-parish-church/from/2019-09-24/to/2019-11-05/sort/date/direction/desc/resource/3834/title/bereans-on-bible-reading,https://www.printandaudio.org.uk/app/explore/resources/type/sermons/church/jesmond-parish-church/from/2019-09-24/to/2019-11-05/sort/date/direction/desc/resource/3834/title/bereans-on-bible-reading
6047,MD5457Sermon27.10.19,audio_link,https://www.printandaudio.org.uk/app/explore/resources/type/sermons/church/jesmond-parish-church/from/2019-09-24/to/2019-11-05/sort/date/direction/desc/resource/3834/title/bereans-on-bible-reading,https://www.printandaudio.org.uk/app/explore/resources/type/sermons/church/jesmond-parish-church/from/2019-09-24/to/2019-11-05/sort/date/direction/desc/resource/3834/title/bereans-on-bible-reading
6056,MD5462Sermon03.11.19,transcript_link,https://www.printandaudio.org.uk/app/explore/resources/type/sermons/church/jesmond-parish-church/from/2019-10-21/to/2019-12-02/sort/date/direction/desc/resource/3838/title/how-to-keep-talking-about-jesus,https://www.printandaudio.org.uk/app/explore/resources/type/sermons/church/jesmond-parish-church/from/2019-10-21/to/2019-12-02/sort/date/direction/desc/resource/3838/title/how-to-keep-talking-about-jesus
6056,MD5462Sermon03.11.19,audio_link,https://www.printandaudio.org.uk/app/explore/resources/type/sermons/church/jesmond-parish-church/from/2019-10-21/to/2019-12-02/sort/date/direction/desc/resource/3838/title/how-to-keep-talking-about-jesus,https://www.printandaudio.org.uk/app/explore/resources/type/sermons/church/jesmond-parish-church/from/2019-10-21/to/2019-12-02/sort/date/direction/desc/resource/3838/title/how-to-keep-talking-about-jesus
6102,MD5465Sermon10.11.19,transcript_link,https://www.printandaudio.org.uk/app/explore/resources/type/sermons/church/jesmond-parish-church/from/2019-10-21/to/2019-12-02/sort/date/direction/desc/resource/3841/title/joseph-on-purity,https://www.printandaudio.org.uk/app/explore/resources/type/sermons/church/jesmond-parish-church/from/2019-10-21/to/2019-12-02/sort/date/direction/desc/resource/3841/title/joseph-on-purity
6102,MD5465Sermon10.11.19,audio_link,https://www.printandaudio.org.uk/app/explore/resources/type/sermons/church/jesmond-parish-church/from/2019-10-21/to/2019-12-02/sort/date/direction/desc/resource/3841/title/joseph-on-purity,https://www.printandaudio.org.uk/app/explore/resources/type/sermons/church/jesmond-parish-church/from/2019-10-21/to/2019-12-02/sort/date/direction/desc/resource/3841/title/joseph-on-purity
6150,MD5548Sermon17.11.19,transcript_link,https://www.printandaudio.org.uk/app/explore/resources/type/sermons/church/jesmond-parish-church/from/2019-10-21/to/2019-12-02/sort/date/direction/desc/resource/3842/title/spirit-enabled-giving,https://www.printandaudio.org.uk/app/explore/resources/type/sermons/church/jesmond-parish-church/from/2019-10-21/to/2019-12-02/sort/date/direction/desc/resource/3842/title/spirit-enabled-giving
6150,MD5548Sermon17.11.19,audio_link,https://www.printandaudio.org.uk/app/explore/resources/type/sermons/church/jesmond-parish-church/from/2019-10-21/to/2019-12-02/sort/date/direction/desc/resource/3842/title/spirit-enabled-giving,https://www.printandaudio.org.uk/app/explore/resources/type/sermons/church/jesmond-parish-church/from/2019-10-21/to/2019-12-02/sort/date/direction/desc/resource/3842/title/spirit-enabled-giving
6192,MD5553Sermon24.11.19,transcript_link,https://www.printandaudio.org.uk/app/search/resources/from/24-11-2019/to/24-11-2019/resource/3855/title/what-is-your-tagline,https://www.printandaudio.org.uk/app/search/resources/from/24-11-2019/to/24-11-2019/resource/3855/title/what-is-your-tagline
6192,MD5553Sermon24.11.19,audio_link,https://www.printandaudio.org.uk/app/search/resources/from/24-11-2019/to/24-11-2019/resource/3855/title/what-is-your-tagline,https://www.printandaudio.org.uk/app/search/resources/from/24-11-2019/to/24-11-2019/resource/3855/title/what-is-your-tagline
6234,MD5556Sermon01.12.19,transcript_link,https://www.printandaudio.org.uk/app/explore/resources/type/sermons/church/jesmond-parish-church/from/2019-11-22/to/2020-01-03/sort/date/direction/desc/resource/3849/title/paul-on-perseverance,https://www.printandaudio.org.uk/app/explore/resources/type/sermons/church/jesmond-parish-church/from/2019-11-22/to/2020-01-03/sort/date/direction/desc/resource/3849/title/paul-on-perseverance
6234,MD5556Sermon01.12.19,audio_link,https://www.printandaudio.org.uk/app/explore/resources/type/sermons/church/jesmond-parish-church/from/2019-11-22/to/2020-01-03/sort/date/direction/desc/resource/3849/title/paul-on-perseverance,https://www.printandaudio.org.uk/app/explore/resources/type/sermons/church/jesmond-parish-church/from/2019-11-22/to/2020-01-03/sort/date/direction/desc/resource/3849/title/paul-on-perseverance
6242,MD5559Sermon08.12.19,transcript_link,https://www.printandaudio.org.uk/app/explore/resources/type/sermons/church/jesmond-parish-church/from/2019-11-22/to/2020-01-03/sort/date/direction/desc/resource/3854/title/christ-hates-hypocrisy,https://www.printandaudio.org.uk/app/explore/resources/type/sermons/church/jesmond-parish-church/from/2019-11-22/to/2020-01-03/sort/date/direction/desc/resource/3854/title/christ-hates-hypocrisy
6242,MD5559Sermon08.12.19,audio_link,https://www.printandaudio.org.uk/app/explore/resources/type/sermons/church/jesmond-parish-church/from/2019-11-22/to/2020-01-03/sort/date/direction/desc/resource/3854/title/christ-hates-hypocrisy,https://www.printandaudio.org.uk/app/explore/resources/type/sermons/church/jesmond-parish-church/from/2019-11-22/to/2020-01-03/sort/date/direction/desc/resource/3854/title/christ-hates-hypocrisy
6269,MD5622Sermon29.12.19,transcript_link,https://www.printandaudio.org.uk/app/explore/resources/type/sermons/church/jesmond-parish-church/from/2019-12-23/to/2020-02-03/sort/date/direction/desc/resource/3891/title/the-revelation-of-gods-glory,https://www.printandaudio.org.uk/app/explore/resources/type/sermons/church/jesmond-parish-church/from/2019-12-23/to/2020-02-03/sort/date/direction/desc/resource/3891/title/the-revelation-of-gods-glory
6269,MD5622Sermon29.12.19,audio_link,https://www.printandaudio.org.uk/app/explore/resources/type/sermons/church/jesmond-parish-church/from/2019-12-23/to/2020-02-03/sort/date/direction/desc/resource/3891/title/the-revelation-of-gods-glory,https://www.printandaudio.org.uk/app/explore/resources/type/sermons/church/jesmond-parish-church/from/2019-12-23/to/2020-02-03/sort/date/direction/desc/resource/3891/title/the-revelation-of-gods-glory
6312,MD5624Sermon05.01.20,transcript_link,https://www.printandaudio.org.uk/app/explore/resources/type/sermons/church/jesmond-parish-church/from/2019-12-23/to/2020-02-03/sort/date/direction/desc/resource/3896/title/facing-the-hardships-of-life,https://www.printandaudio.org.uk/app/explore/resources/type/sermons/church/jesmond-parish-church/from/2019-12-23/to/2020-02-03/sort/date/direction/desc/resource/3896/title/facing-the-hardships-of-life
6312,MD5624Sermon05.01.20,audio_link,https://www.printandaudio.org.uk/app/explore/resources/type/sermons/church/jesmond-parish-church/from/2019-12-23/to/2020-02-03/sort/date/direction/desc/resource/3896/title/facing-the-hardships-of-life,https://www.printandaudio.org.uk/app/explore/resources/type/sermons/church/jesmond-parish-church/from/2019-12-23/to/2020-02-03/sort/date/direction/desc/resource/3896/title/facing-the-hardships-of-life
6316,MD5626Sermon12.01.20,audio_link,https://www.printandaudio.org.uk/app/explore/resources/type/sermons/church/jesmond-parish-church/series/340/resource/3903/title/fear-god,https://www.printandaudio.org.uk/app/explore/resources/type/sermons/church/jesmond-parish-church/series/340/resource/3903/title/fear-god
6334,MD5634Service19.01.20,transcript_link,https://www.printandaudio.org.uk/app/explore/resources/type/sermons/church/jesmond-parish-church/from/2019-12-23/to/2020-02-03/sort/date/direction/desc/resource/3898/title/applying-the-ten-commandments,https://www.printandaudio.org.uk/app/explore/resources/type/sermons/church/jesmond-parish-church/from/2019-12-23/to/2020-02-03/sort/date/direction/desc/resource/3898/title/applying-the-ten-commandments
6334,MD5634Service19.01.20,audio_link,https://www.printandaudio.org.uk/app/explore/resources/type/sermons/church/jesmond-parish-church/from/2019-12-23/to/2020-02-03/sort/date/direction/desc/resource/3898/title/applying-the-ten-commandments,https://www.printandaudio.org.uk/app/explore/resources/type/sermons/church/jesmond-parish-church/from/2019-12-23/to/2020-02-03/sort/date/direction/desc/resource/3898/title/applying-the-ten-commandments
6369,MD5637Sermon26.01.20,transcript_link,https://www.printandaudio.org.uk/app/explore/resources/type/sermons/church/jesmond-parish-church/series/340/resource/3905/title/how-to-love-one-another,https://www.printandaudio.org.uk/app/explore/resources/type/sermons/church/jesmond-parish-church/series/340/resource/3905/title/how-to-love-one-another
6369,MD5637Sermon26.01.20,audio_link,https://www.printandaudio.org.uk/app/explore/resources/type/sermons/church/jesmond-parish-church/series/340/resource/3905/title/how-to-love-one-another,https://www.printandaudio.org.uk/app/explore/resources/type/sermons/church/jesmond-parish-church/series/340/resource/3905/title/how-to-love-one-another
6396,MD5640Sermon02.02.20,transcript_link,https://www.printandaudio.org.uk/app/explore/resources/type/sermons/church/jesmond-parish-church/from/2020-01-20/to/2020-03-02/sort/date/direction/desc/resource/3910/title/what-are-your-priorities,https://www.printandaudio.org.uk/app/explore/resources/type/sermons/church/jesmond-parish-church/from/2020-01-20/to/2020-03-02/sort/date/direction/desc/resource/3910/title/what-are-your-priorities
6396,MD5640Sermon02.02.20,audio_link,https://www.printandaudio.org.uk/app/explore/resources/type/sermons/church/jesmond-parish-church/from/2020-01-20/to/2020-03-02/sort/date/direction/desc/resource/3910/title/what-are-your-priorities,https://www.printandaudio.org.uk/app/explore/resources/type/sermons/church/jesmond-parish-church/from/2020-01-20/to/2020-03-02/sort/date/direction/desc/resource/3910/title/what-are-your-priorities
6403,MD5645mp4MasterSermon09.02.20,transcript_link,https://www.printandaudio.org.uk/app/explore/resources/type/sermons/church/jesmond-parish-church/from/2020-01-20/to/2020-03-02/sort/date/direction/desc/resource/3906/title/the-rich-are-to-do-good,https://www.printandaudio.org.uk/app/explore/resources/type/sermons/church/jesmond-parish-church/from/2020-01-20/to/2020-03-02/sort/date/direction/desc/resource/3906/title/the-rich-are-to-do-good
6403,MD5645mp4MasterSermon09.02.20,audio_link,https://www.printandaudio.org.uk/app/explore/resources/type/sermons/church/jesmond-parish-church/from/2020-01-20/to/2020-03-02/sort/date/direction/desc/resource/3906/title/the-rich-are-to-do-good,https://www.printandaudio.org.uk/app/explore/resources/type/sermons/church/jesmond-parish-church/from/2020-01-20/to/2020-03-02/sort/date/direction/desc/resource/3906/title/the-rich-are-to-do-good
6419,MD5653Sermon16.02.20,audio_link,https://www.printandaudio.org.uk/app/search/resources/from/14-02-2020/to/20-03-2020/resource/3918/title/a-marriage-made-with-heaven,https://www.printandaudio.org.uk/app/search/resources/from/14-02-2020/to/20-03-2020/resource/3918/title/a-marriage-made-with-heaven
6428,MD5656Sermon23.02.20,transcript_link,https://www.printandaudio.org.uk/app/search/resources/from/14-02-2020/to/20-03-2020/resource/3919/title/pay-careful-attention,https://www.printandaudio.org.uk/app/search/resources/from/14-02-2020/to/20-03-2020/resource/3919/title/pay-careful-attention
6428,MD5656Sermon23.02.20,audio_link,https://www.printandaudio.org.uk/app/search/resources/from/14-02-2020/to/20-03-2020/resource/3919/title/pay-careful-attention,https://www.printandaudio.org.uk/app/search/resources/from/14-02-2020/to/20-03-2020/resource/3919/title/pay-careful-attention
6436,MD5665Sermon01.03.20,transcript_link,https://www.printandaudio.org.uk/app/explore/resources/type/sermons/church/jesmond-parish-church/from/2020-02-24/to/2020-04-06/sort/date/direction/desc/resource/3916/title/an-invitation-not-to-be-refused,https://www.printandaudio.org.uk/app/explore/resources/type/sermons/church/jesmond-parish-church/from/2020-02-24/to/2020-04-06/sort/date/direction/desc/resource/3916/title/an-invitation-not-to-be-refused
6436,MD5665Sermon01.03.20,audio_link,https://www.printandaudio.org.uk/app/explore/resources/type/sermons/church/jesmond-parish-church/from/2020-02-24/to/2020-04-06/sort/date/direction/desc/resource/3916/title/an-invitation-not-to-be-refused,https://www.printandaudio.org.uk/app/explore/resources/type/sermons/church/jesmond-parish-church/from/2020-02-24/to/2020-04-06/sort/date/direction/desc/resource/3916/title/an-invitation-not-to-be-refused
6448,MD5779Sermon08.03.20,transcript_link,https://www.printandaudio.org.uk/app/explore/resources/type/sermons/church/jesmond-parish-church/from/2020-02-24/to/2020-04-06/sort/date/direction/desc/resource/3922/title/living-with-a-holy-god,https://www.printandaudio.org.uk/app/explore/resources/type/sermons/church/jesmond-parish-church/from/2020-02-24/to/2020-04-06/sort/date/direction/desc/resource/3922/title/living-with-a-holy-god
6448,MD5779Sermon08.03.20,audio_link,https://www.printandaudio.org.uk/app/explore/resources/type/sermons/church/jesmond-parish-church/from/2020-02-24/to/2020-04-06/sort/date/direction/desc/resource/3922/title/living-with-a-holy-god,https://www.printandaudio.org.uk/app/explore/resources/type/sermons/church/jesmond-parish-church/from/2020-02-24/to/2020-04-06/sort/date/direction/desc/resource/3922/title/living-with-a-holy-god
6614,YT2521SermonAM29.03.20,transcript_link,https://www.printandaudio.org.uk/app/explore/resources/type/sermons/church/jesmond-parish-church/from/2020-03-23/to/2020-05-04/sort/date/direction/desc/resource/3953/title/how-can-we-be-church-when-we-cant-meet,https://www.printandaudio.org.uk/app/explore/resources/type/sermons/church/jesmond-parish-church/from/2020-03-23/to/2020-05-04/sort/date/direction/desc/resource/3953/title/how-can-we-be-church-when-we-cant-meet
6614,YT2521SermonAM29.03.20,audio_link,https://www.printandaudio.org.uk/app/explore/resources/type/sermons/church/jesmond-parish-church/from/2020-03-23/to/2020-05-04/sort/date/direction/desc/resource/3953/title/how-can-we-be-church-when-we-cant-meet,https://www.printandaudio.org.uk/app/explore/resources/type/sermons/church/jesmond-parish-church/from/2020-03-23/to/2020-05-04/sort/date/direction/desc/resource/3953/title/how-can-we-be-church-when-we-cant-meet
6615,YT2522SermonAM05.04.20,transcript_link,https://www.printandaudio.org.uk/app/explore/resources/type/sermons/church/jesmond-parish-church/from/2020-03-23/to/2020-05-04/sort/date/direction/desc/resource/3958/title/the-true-king-arrives,https://www.printandaudio.org.uk/app/explore/resources/type/sermons/church/jesmond-parish-church/from/2020-03-23/to/2020-05-04/sort/date/direction/desc/resource/3958/title/the-true-king-arrives
6615,YT2522SermonAM05.04.20,audio_link,https://www.printandaudio.org.uk/app/explore/resources/type/sermons/church/jesmond-parish-church/from/2020-03-23/to/2020-05-04/sort/date/direction/desc/resource/3958/title/the-true-king-arrives,https://www.printandaudio.org.uk/app/explore/resources/type/sermons/church/jesmond-parish-church/from/2020-03-23/to/2020-05-04/sort/date/direction/desc/resource/3958/title/the-true-king-arrives
6616,YT2523SermonAM10.04.20,transcript_link,https://www.printandaudio.org.uk/app/explore/resources/type/sermons/church/jesmond-parish-church/from/2020-03-23/to/2020-05-04/sort/date/direction/desc/resource/3962/title/what-happened-that-first-good-friday,https://www.printandaudio.org.uk/app/explore/resources/type/sermons/church/jesmond-parish-church/from/2020-03-23/to/2020-05-04/sort/date/direction/desc/resource/3962/title/what-happened-that-first-good-friday
6616,YT2523SermonAM10.04.20,audio_link,https://www.printandaudio.org.uk/app/explore/resources/type/sermons/church/jesmond-parish-church/from/2020-03-23/to/2020-05-04/sort/date/direction/desc/resource/3962/title/what-happened-that-first-good-friday,https://www.printandaudio.org.uk/app/explore/resources/type/sermons/church/jesmond-parish-church/from/2020-03-23/to/2020-05-04/sort/date/direction/desc/resource/3962/title/what-happened-that-first-good-friday
6617,YT2524SermonAM12.04.20,transcript_link,https://www.printandaudio.org.uk/app/explore/resources/type/sermons/church/jesmond-parish-church/from/2020-03-23/to/2020-05-04/sort/date/direction/desc/resource/3961/title/the-challenge-of-easter,https://www.printandaudio.org.uk/app/explore/resources/type/sermons/church/jesmond-parish-church/from/2020-03-23/to/2020-05-04/sort/date/direction/desc/resource/3961/title/the-challenge-of-easter
6617,YT2524SermonAM12.04.20,audio_link,https://www.printandaudio.org.uk/app/explore/resources/type/sermons/church/jesmond-parish-church/from/2020-03-23/to/2020-05-04/sort/date/direction/desc/resource/3961/title/the-challenge-of-easter,https://www.printandaudio.org.uk/app/explore/resources/type/sermons/church/jesmond-parish-church/from/2020-03-23/to/2020-05-04/sort/date/direction/desc/resource/3961/title/the-challenge-of-easter
6618,YT2525SermonAM19.04.20,transcript_link,https://www.printandaudio.org.uk/app/explore/resources/type/sermons/church/jesmond-parish-church/from/2020-03-23/to/2020-05-04/sort/date/direction/desc/resource/3964/title/the-gospel-our-only-hope,https://www.printandaudio.org.uk/app/explore/resources/type/sermons/church/jesmond-parish-church/from/2020-03-23/to/2020-05-04/sort/date/direction/desc/resource/3964/title/the-gospel-our-only-hope
6618,YT2525SermonAM19.04.20,audio_link,https://www.printandaudio.org.uk/app/explore/resources/type/sermons/church/jesmond-parish-church/from/2020-03-23/to/2020-05-04/sort/date/direction/desc/resource/3964/title/the-gospel-our-only-hope,https://www.printandaudio.org.uk/app/explore/resources/type/sermons/church/jesmond-parish-church/from/2020-03-23/to/2020-05-04/sort/date/direction/desc/resource/3964/title/the-gospel-our-only-hope
6619,YT2526SermonAM26.04.20,transcript_link,https://www.printandaudio.org.uk/app/explore/resources/type/sermons/church/jesmond-parish-church/from/2020-03-23/to/2020-05-04/sort/date/direction/desc/resource/3968/title/the-results-of-resurrection,https://www.printandaudio.org.uk/app/explore/resources/type/sermons/church/jesmond-parish-church/from/2020-03-23/to/2020-05-04/sort/date/direction/desc/resource/3968/title/the-results-of-resurrection
6619,YT2526SermonAM26.04.20,audio_link,https://www.printandaudio.org.uk/app/explore/resources/type/sermons/church/jesmond-parish-church/from/2020-03-23/to/2020-05-04/sort/date/direction/desc/resource/3968/title/the-results-of-resurrection,https://www.printandaudio.org.uk/app/explore/resources/type/sermons/church/jesmond-parish-church/from/2020-03-23/to/2020-05-04/sort/date/direction/desc/resource/3968/title/the-results-of-resurrection
6620,YT2527SermonAM03.05.20,transcript_link,https://www.printandaudio.org.uk/app/explore/resources/type/sermons/church/jesmond-parish-church/from/2020-03-23/to/2020-05-04/sort/date/direction/desc/resource/3970/title/jesus-and-his-kingdom,https://www.printandaudio.org.uk/app/explore/resources/type/sermons/church/jesmond-parish-church/from/2020-03-23/to/2020-05-04/sort/date/direction/desc/resource/3970/title/jesus-and-his-kingdom
6620,YT2527SermonAM03.05.20,audio_link,https://www.printandaudio.org.uk/app/explore/resources/type/sermons/church/jesmond-parish-church/from/2020-03-23/to/2020-05-04/sort/date/direction/desc/resource/3970/title/jesus-and-his-kingdom,https://www.printandaudio.org.uk/app/explore/resources/type/sermons/church/jesmond-parish-church/from/2020-03-23/to/2020-05-04/sort/date/direction/desc/resource/3970/title/jesus-and-his-kingdom
6622,YT2529SermonPM29.03.20,transcript_link,https://www.printandaudio.org.uk/app/explore/resources/type/sermons/church/jesmond-parish-church/from/2020-03-23/to/2020-05-04/sort/date/direction/desc/resource/3954/title/faithful-lord,https://www.printandaudio.org.uk/app/explore/resources/type/sermons/church/jesmond-parish-church/from/2020-03-23/to/2020-05-04/sort/date/direction/desc/resource/3954/title/faithful-lord
6622,YT2529SermonPM29.03.20,audio_link,https://www.printandaudio.org.uk/app/explore/resources/type/sermons/church/jesmond-parish-church/from/2020-03-23/to/2020-05-04/sort/date/direction/desc/resource/3954/title/faithful-lord,https://www.printandaudio.org.uk/app/explore/resources/type/sermons/church/jesmond-parish-church/from/2020-03-23/to/2020-05-04/sort/date/direction/desc/resource/3954/title/faithful-lord
6623,YT2530SermonPM05.04.20,transcript_link,https://www.printandaudio.org.uk/app/explore/resources/type/sermons/church/jesmond-parish-church/from/2020-03-23/to/2020-05-04/sort/date/direction/desc/resource/3959/title/the-spiritual-d-day-for-the-universe,https://www.printandaudio.org.uk/app/explore/resources/type/sermons/church/jesmond-parish-church/from/2020-03-23/to/2020-05-04/sort/date/direction/desc/resource/3959/title/the-spiritual-d-day-for-the-universe
6623,YT2530SermonPM05.04.20,audio_link,https://www.printandaudio.org.uk/app/explore/resources/type/sermons/church/jesmond-parish-church/from/2020-03-23/to/2020-05-04/sort/date/direction/desc/resource/3959/title/the-spiritual-d-day-for-the-universe,https://www.printandaudio.org.uk/app/explore/resources/type/sermons/church/jesmond-parish-church/from/2020-03-23/to/2020-05-04/sort/date/direction/desc/resource/3959/title/the-spiritual-d-day-for-the-universe
6624,YT2531SermonPM19.04.20,transcript_link,https://www.printandaudio.org.uk/app/explore/resources/type/sermons/church/jesmond-parish-church/from/2020-03-23/to/2020-05-04/sort/date/direction/desc/resource/3965/title/the-lord-is-on-his-throne,https://www.printandaudio.org.uk/app/explore/resources/type/sermons/church/jesmond-parish-church/from/2020-03-23/to/2020-05-04/sort/date/direction/desc/resource/3965/title/the-lord-is-on-his-throne
6624,YT2531SermonPM19.04.20,audio_link,https://www.printandaudio.org.uk/app/explore/resources/type/sermons/church/jesmond-parish-church/from/2020-03-23/to/2020-05-04/sort/date/direction/desc/resource/3965/title/the-lord-is-on-his-throne,https://www.printandaudio.org.uk/app/explore/resources/type/sermons/church/jesmond-parish-church/from/2020-03-23/to/2020-05-04/sort/date/direction/desc/resource/3965/title/the-lord-is-on-his-throne
6625,YT2532SermonPM26.04.20,transcript_link,https://www.printandaudio.org.uk/app/explore/resources/type/sermons/church/jesmond-parish-church/from/2020-03-23/to/2020-05-04/sort/date/direction/desc/resource/3967/title/when-the-future-seems-uncertain,https://www.printandaudio.org.uk/app/explore/resources/type/sermons/church/jesmond-parish-church/from/2020-03-23/to/2020-05-04/sort/date/direction/desc/resource/3967/title/when-the-future-seems-uncertain
6625,YT2532SermonPM26.04.20,audio_link,https://www.printandaudio.org.uk/app/explore/resources/type/sermons/church/jesmond-parish-church/from/2020-03-23/to/2020-05-04/sort/date/direction/desc/resource/3967/title/when-the-future-seems-uncertain,https://www.printandaudio.org.uk/app/explore/resources/type/sermons/church/jesmond-parish-church/from/2020-03-23/to/2020-05-04/sort/date/direction/desc/resource/3967/title/when-the-future-seems-uncertain
6626,YT2533SermonPM03.05.20,transcript_link,https://www.printandaudio.org.uk/app/explore/resources/type/sermons/church/jesmond-parish-church/from/2020-03-23/to/2020-05-04/sort/date/direction/desc/resource/3971/title/why-is-the-world-the-way-it-is,https://www.printandaudio.org.uk/app/explore/resources/type/sermons/church/jesmond-parish-church/from/2020-03-23/to/2020-05-04/sort/date/direction/desc/resource/3971/title/why-is-the-world-the-way-it-is
6626,YT2533SermonPM03.05.20,audio_link,https://www.printandaudio.org.uk/app/explore/resources/type/sermons/church/jesmond-parish-church/from/2020-03-23/to/2020-05-04/sort/date/direction/desc/resource/3971/title/why-is-the-world-the-way-it-is,https://www.printandaudio.org.uk/app/explore/resources/type/sermons/church/jesmond-parish-church/from/2020-03-23/to/2020-05-04/sort/date/direction/desc/resource/3971/title/why-is-the-world-the-way-it-is
6651,YT2540SermonAM10.05.20,transcript_link,https://www.printandaudio.org.uk/app/explore/resources/type/sermons/church/jesmond-parish-church/from/2020-04-27/to/2020-06-08/sort/date/direction/desc/resource/3974/title/wake-up-to-reality,https://www.printandaudio.org.uk/app/explore/resources/type/sermons/church/jesmond-parish-church/from/2020-04-27/to/2020-06-08/sort/date/direction/desc/resource/3974/title/wake-up-to-reality
6651,YT2540SermonAM10.05.20,audio_link,https://www.printandaudio.org.uk/app/explore/resources/type/sermons/church/jesmond-parish-church/from/2020-04-27/to/2020-06-08/sort/date/direction/desc/resource/3974/title/wake-up-to-reality,https://www.printandaudio.org.uk/app/explore/resources/type/sermons/church/jesmond-parish-church/from/2020-04-27/to/2020-06-08/sort/date/direction/desc/resource/3974/title/wake-up-to-reality
6652,YT2541SermonPM10.05.20,transcript_link,https://www.printandaudio.org.uk/app/explore/resources/type/sermons/church/jesmond-parish-church/from/2020-04-27/to/2020-06-08/sort/date/direction/desc/resource/3975/title/why-hasnt-god-ended-all-the-pain-yet,https://www.printandaudio.org.uk/app/explore/resources/type/sermons/church/jesmond-parish-church/from/2020-04-27/to/2020-06-08/sort/date/direction/desc/resource/3975/title/why-hasnt-god-ended-all-the-pain-yet
6652,YT2541SermonPM10.05.20,audio_link,https://www.printandaudio.org.uk/app/explore/resources/type/sermons/church/jesmond-parish-church/from/2020-04-27/to/2020-06-08/sort/date/direction/desc/resource/3975/title/why-hasnt-god-ended-all-the-pain-yet,https://www.printandaudio.org.uk/app/explore/resources/type/sermons/church/jesmond-parish-church/from/2020-04-27/to/2020-06-08/sort/date/direction/desc/resource/3975/title/why-hasnt-god-ended-all-the-pain-yet
6677,YT2548SermonAM17.05.20,transcript_link,https://www.printandaudio.org.uk/app/explore/resources/type/sermons/church/jesmond-parish-church/from/2020-04-27/to/2020-06-08/sort/date/direction/desc/resource/3976/title/raised-to-glory,https://www.printandaudio.org.uk/app/explore/resources/type/sermons/church/jesmond-parish-church/from/2020-04-27/to/2020-06-08/sort/date/direction/desc/resource/3976/title/raised-to-glory
6677,YT2548SermonAM17.05.20,audio_link,https://www.printandaudio.org.uk/app/explore/resources/type/sermons/church/jesmond-parish-church/from/2020-04-27/to/2020-06-08/sort/date/direction/desc/resource/3976/title/raised-to-glory,https://www.printandaudio.org.uk/app/explore/resources/type/sermons/church/jesmond-parish-church/from/2020-04-27/to/2020-06-08/sort/date/direction/desc/resource/3976/title/raised-to-glory
6678,YT2549SermonPM17.05.20,transcript_link,https://www.printandaudio.org.uk/app/explore/resources/type/sermons/church/jesmond-parish-church/from/2020-04-27/to/2020-06-08/sort/date/direction/desc/resource/3977/title/you-have-nothing-to-fear,https://www.printandaudio.org.uk/app/explore/resources/type/sermons/church/jesmond-parish-church/from/2020-04-27/to/2020-06-08/sort/date/direction/desc/resource/3977/title/you-have-nothing-to-fear
6678,YT2549SermonPM17.05.20,audio_link,https://www.printandaudio.org.uk/app/explore/resources/type/sermons/church/jesmond-parish-church/from/2020-04-27/to/2020-06-08/sort/date/direction/desc/resource/3977/title/you-have-nothing-to-fear,https://www.printandaudio.org.uk/app/explore/resources/type/sermons/church/jesmond-parish-church/from/2020-04-27/to/2020-06-08/sort/date/direction/desc/resource/3977/title/you-have-nothing-to-fear
6699,YT2557SermonPM24.05.20,transcript_link,https://www.printandaudio.org.uk/app/explore/resources/type/sermons/church/jesmond-parish-church/from/2020-04-27/to/2020-06-08/sort/date/direction/desc/resource/3979/title/saved-at-the-end,https://www.printandaudio.org.uk/app/explore/resources/type/sermons/church/jesmond-parish-church/from/2020-04-27/to/2020-06-08/sort/date/direction/desc/resource/3979/title/saved-at-the-end
6699,YT2557SermonPM24.05.20,audio_link,https://www.printandaudio.org.uk/app/explore/resources/type/sermons/church/jesmond-parish-church/from/2020-04-27/to/2020-06-08/sort/date/direction/desc/resource/3979/title/saved-at-the-end,https://www.printandaudio.org.uk/app/explore/resources/type/sermons/church/jesmond-parish-church/from/2020-04-27/to/2020-06-08/sort/date/direction/desc/resource/3979/title/saved-at-the-end
6703,YT2556SermonAM24.05.20,transcript_link,https://www.printandaudio.org.uk/app/explore/resources/type/sermons/church/jesmond-parish-church/from/2020-04-27/to/2020-06-08/sort/date/direction/desc/resource/3978/title/victory-in-death,https://www.printandaudio.org.uk/app/explore/resources/type/sermons/church/jesmond-parish-church/from/2020-04-27/to/2020-06-08/sort/date/direction/desc/resource/3978/title/victory-in-death
6703,YT2556SermonAM24.05.20,audio_link,https://www.printandaudio.org.uk/app/explore/resources/type/sermons/church/jesmond-parish-church/from/2020-04-27/to/2020-06-08/sort/date/direction/desc/resource/3978/title/victory-in-death,https://www.printandaudio.org.uk/app/explore/resources/type/sermons/church/jesmond-parish-church/from/2020-04-27/to/2020-06-08/sort/date/direction/desc/resource/3978/title/victory-in-death
6710,YT2586SermonAM31.05.20,transcript_link,https://www.printandaudio.org.uk/app/explore/resources/type/sermons/church/jesmond-parish-church/from/2020-04-27/to/2020-06-08/sort/date/direction/desc/resource/3980/title/why-bother-with-the-gospel,https://www.printandaudio.org.uk/app/explore/resources/type/sermons/church/jesmond-parish-church/from/2020-04-27/to/2020-06-08/sort/date/direction/desc/resource/3980/title/why-bother-with-the-gospel
6710,YT2586SermonAM31.05.20,audio_link,https://www.printandaudio.org.uk/app/explore/resources/type/sermons/church/jesmond-parish-church/from/2020-04-27/to/2020-06-08/sort/date/direction/desc/resource/3980/title/why-bother-with-the-gospel,https://www.printandaudio.org.uk/app/explore/resources/type/sermons/church/jesmond-parish-church/from/2020-04-27/to/2020-06-08/sort/date/direction/desc/resource/3980/title/why-bother-with-the-gospel
6712,YT2587SermonPM31.05.20,transcript_link,https://www.printandaudio.org.uk/app/explore/resources/type/sermons/church/jesmond-parish-church/from/2020-04-27/to/2020-06-08/sort/date/direction/desc/resource/3981/title/feeling-spiritually-unsettled,https://www.printandaudio.org.uk/app/explore/resources/type/sermons/church/jesmond-parish-church/from/2020-04-27/to/2020-06-08/sort/date/direction/desc/resource/3981/title/feeling-spiritually-unsettled
6712,YT2587SermonPM31.05.20,audio_link,https://www.printandaudio.org.uk/app/explore/resources/type/sermons/church/jesmond-parish-church/from/2020-04-27/to/2020-06-08/sort/date/direction/desc/resource/3981/title/feeling-spiritually-unsettled,https://www.printandaudio.org.uk/app/explore/resources/type/sermons/church/jesmond-parish-church/from/2020-04-27/to/2020-06-08/sort/date/direction/desc/resource/3981/title/feeling-spiritually-unsettled
6720,YT2596SermonAM07.06.20,transcript_link,https://www.printandaudio.org.uk/app/explore/resources/type/sermons/church/jesmond-parish-church/from/2020-05-25/to/2020-07-06/sort/date/direction/desc/resource/3986/title/power-and-authority-even-in-lockdown,https://www.printandaudio.org.uk/app/explore/resources/type/sermons/church/jesmond-parish-church/from/2020-05-25/to/2020-07-06/sort/date/direction/desc/resource/3986/title/power-and-authority-even-in-lockdown
6720,YT2596SermonAM07.06.20,audio_link,https://www.printandaudio.org.uk/app/explore/resources/type/sermons/church/jesmond-parish-church/from/2020-05-25/to/2020-07-06/sort/date/direction/desc/resource/3986/title/power-and-authority-even-in-lockdown,https://www.printandaudio.org.uk/app/explore/resources/type/sermons/church/jesmond-parish-church/from/2020-05-25/to/2020-07-06/sort/date/direction/desc/resource/3986/title/power-and-authority-even-in-lockdown
6721,YT2597SermonPM07.06.20,transcript_link,https://www.printandaudio.org.uk/app/search/resources/from/06-06-2020/to/03-08-2020/resource/3987/title/refresh-your-prayer-life,https://www.printandaudio.org.uk/app/search/resources/from/06-06-2020/to/03-08-2020/resource/3987/title/refresh-your-prayer-life
6721,YT2597SermonPM07.06.20,audio_link,https://www.printandaudio.org.uk/app/search/resources/from/06-06-2020/to/03-08-2020/resource/3987/title/refresh-your-prayer-life,https://www.printandaudio.org.uk/app/search/resources/from/06-06-2020/to/03-08-2020/resource/3987/title/refresh-your-prayer-life
6756,YT2607SermonPM14.06.20,transcript_link,https://www.printandaudio.org.uk/app/explore/resources/type/sermons/church/jesmond-parish-church/from/2020-05-25/to/2020-07-06/sort/date/direction/desc/resource/3990/title/a-life-worth-living,https://www.printandaudio.org.uk/app/explore/resources/type/sermons/church/jesmond-parish-church/from/2020-05-25/to/2020-07-06/sort/date/direction/desc/resource/3990/title/a-life-worth-living
6756,YT2607SermonPM14.06.20,audio_link,https://www.printandaudio.org.uk/app/explore/resources/type/sermons/church/jesmond-parish-church/from/2020-05-25/to/2020-07-06/sort/date/direction/desc/resource/3990/title/a-life-worth-living,https://www.printandaudio.org.uk/app/explore/resources/type/sermons/church/jesmond-parish-church/from/2020-05-25/to/2020-07-06/sort/date/direction/desc/resource/3990/title/a-life-worth-living
6757,YT2606SermonAM14.06.20,transcript_link,https://www.printandaudio.org.uk/app/explore/resources/type/sermons/church/jesmond-parish-church/from/2020-05-25/to/2020-07-06/sort/date/direction/desc/resource/3989/title/what-matters-most-in-life,https://www.printandaudio.org.uk/app/explore/resources/type/sermons/church/jesmond-parish-church/from/2020-05-25/to/2020-07-06/sort/date/direction/desc/resource/3989/title/what-matters-most-in-life
6757,YT2606SermonAM14.06.20,audio_link,https://www.printandaudio.org.uk/app/explore/resources/type/sermons/church/jesmond-parish-church/from/2020-05-25/to/2020-07-06/sort/date/direction/desc/resource/3989/title/what-matters-most-in-life,https://www.printandaudio.org.uk/app/explore/resources/type/sermons/church/jesmond-parish-church/from/2020-05-25/to/2020-07-06/sort/date/direction/desc/resource/3989/title/what-matters-most-in-life
6773,YT2617SermonPM21.06.20,transcript_link,https://www.printandaudio.org.uk/app/explore/resources/type/sermons/church/jesmond-parish-church/from/2020-05-25/to/2020-07-06/sort/date/direction/desc/resource/3994/title/the-greatest-of-all,https://www.printandaudio.org.uk/app/explore/resources/type/sermons/church/jesmond-parish-church/from/2020-05-25/to/2020-07-06/sort/date/direction/desc/resource/3994/title/the-greatest-of-all
6773,YT2617SermonPM21.06.20,audio_link,https://www.printandaudio.org.uk/app/explore/resources/type/sermons/church/jesmond-parish-church/from/2020-05-25/to/2020-07-06/sort/date/direction/desc/resource/3994/title/the-greatest-of-all,https://www.printandaudio.org.uk/app/explore/resources/type/sermons/church/jesmond-parish-church/from/2020-05-25/to/2020-07-06/sort/date/direction/desc/resource/3994/title/the-greatest-of-all
6805,YT2626SermonAM28.06.20,transcript_link,https://www.printandaudio.org.uk/app/explore/resources/type/sermons/church/jesmond-parish-church/from/2020-05-25/to/2020-07-06/sort/date/direction/desc/resource/3995/title/how-do-you-react-to-jesus,https://www.printandaudio.org.uk/app/explore/resources/type/sermons/church/jesmond-parish-church/from/2020-05-25/to/2020-07-06/sort/date/direction/desc/resource/3995/title/how-do-you-react-to-jesus
6805,YT2626SermonAM28.06.20,audio_link,https://www.printandaudio.org.uk/app/explore/resources/type/sermons/church/jesmond-parish-church/from/2020-05-25/to/2020-07-06/sort/date/direction/desc/resource/3995/title/how-do-you-react-to-jesus,https://www.printandaudio.org.uk/app/explore/resources/type/sermons/church/jesmond-parish-church/from/2020-05-25/to/2020-07-06/sort/date/direction/desc/resource/3995/title/how-do-you-react-to-jesus
6807,YT2627SermonPM28.06.20,transcript_link,https://www.printandaudio.org.uk/app/explore/resources/type/sermons/church/jesmond-parish-church/from/2020-05-25/to/2020-07-06/sort/date/direction/desc/resource/3996/title/the-reality-of-jesus,https://www.printandaudio.org.uk/app/explore/resources/type/sermons/church/jesmond-parish-church/from/2020-05-25/to/2020-07-06/sort/date/direction/desc/resource/3996/title/the-reality-of-jesus
6807,YT2627SermonPM28.06.20,audio_link,https://www.printandaudio.org.uk/app/explore/resources/type/sermons/church/jesmond-parish-church/from/2020-05-25/to/2020-07-06/sort/date/direction/desc/resource/3996/title/the-reality-of-jesus,https://www.printandaudio.org.uk/app/explore/resources/type/sermons/church/jesmond-parish-church/from/2020-05-25/to/2020-07-06/sort/date/direction/desc/resource/3996/title/the-reality-of-jesus
6826,YT2651SermonPM05.07.20,transcript_link,https://www.printandaudio.org.uk/app/search/resources/from/06-06-2020/to/03-08-2020/resource/3999/title/the-blessing-of-obedience,https://www.printandaudio.org.uk/app/search/resources/from/06-06-2020/to/03-08-2020/resource/3999/title/the-blessing-of-obedience
6826,YT2651SermonPM05.07.20,audio_link,https://www.printandaudio.org.uk/app/search/resources/from/06-06-2020/to/03-08-2020/resource/3999/title/the-blessing-of-obedience,https://www.printandaudio.org.uk/app/search/resources/from/06-06-2020/to/03-08-2020/resource/3999/title/the-blessing-of-obedience
6829,YT2650SermonAM05.07.20,transcript_link,https://www.printandaudio.org.uk/app/search/resources/from/06-06-2020/to/03-08-2020/resource/3998/title/whats-behind-todays-issues,https://www.printandaudio.org.uk/app/search/resources/from/06-06-2020/to/03-08-2020/resource/3998/title/whats-behind-todays-issues
6829,YT2650SermonAM05.07.20,audio_link,https://www.printandaudio.org.uk/app/search/resources/from/06-06-2020/to/03-08-2020/resource/3998/title/whats-behind-todays-issues,https://www.printandaudio.org.uk/app/search/resources/from/06-06-2020/to/03-08-2020/resource/3998/title/whats-behind-todays-issues
6843,YT2660SermonAM12.07.20,transcript_link,https://www.printandaudio.org.uk/app/search/resources/from/04-07-2020/to/03-08-2020/resource/4000/title/racism,https://www.printandaudio.org.uk/app/search/resources/from/04-07-2020/to/03-08-2020/resource/4000/title/racism
6843,YT2660SermonAM12.07.20,audio_link,https://www.printandaudio.org.uk/app/search/resources/from/04-07-2020/to/03-08-2020/resource/4000/title/racism,https://www.printandaudio.org.uk/app/search/resources/from/04-07-2020/to/03-08-2020/resource/4000/title/racism
6844,YT2661SermonPM12.07.20,transcript_link,https://www.printandaudio.org.uk/app/search/resources/from/06-06-2020/to/03-08-2020/resource/4001/title/the-power-of-the-word-in-the-heart,https://www.printandaudio.org.uk/app/search/resources/from/06-06-2020/to/03-08-2020/resource/4001/title/the-power-of-the-word-in-the-heart
6844,YT2661SermonPM12.07.20,audio_link,https://www.printandaudio.org.uk/app/search/resources/from/06-06-2020/to/03-08-2020/resource/4001/title/the-power-of-the-word-in-the-heart,https://www.printandaudio.org.uk/app/search/resources/from/06-06-2020/to/03-08-2020/resource/4001/title/the-power-of-the-word-in-the-heart
6885,YT2702SermonPM19.07.20,transcript_link,https://www.printandaudio.org.uk/app/search/resources/from/06-06-2020/to/03-08-2020/resource/4004/title/faithfulness-in-a-fallen-world,https://www.printandaudio.org.uk/app/search/resources/from/06-06-2020/to/03-08-2020/resource/4004/title/faithfulness-in-a-fallen-world
6885,YT2702SermonPM19.07.20,audio_link,https://www.printandaudio.org.uk/app/search/resources/from/06-06-2020/to/03-08-2020/resource/4004/title/faithfulness-in-a-fallen-world,https://www.printandaudio.org.uk/app/search/resources/from/06-06-2020/to/03-08-2020/resource/4004/title/faithfulness-in-a-fallen-world
6889,YT2701SermonAM19.07.20,transcript_link,https://www.printandaudio.org.uk/app/search/resources/from/06-06-2020/to/03-08-2020/resource/4005/title/men-and-women-after-covid-19,https://www.printandaudio.org.uk/app/search/resources/from/06-06-2020/to/03-08-2020/resource/4005/title/men-and-women-after-covid-19
6889,YT2701SermonAM19.07.20,audio_link,https://www.printandaudio.org.uk/app/search/resources/from/06-06-2020/to/03-08-2020/resource/4005/title/men-and-women-after-covid-19,https://www.printandaudio.org.uk/app/search/resources/from/06-06-2020/to/03-08-2020/resource/4005/title/men-and-women-after-covid-19
6898,YT2711SermonPM26.07.20,transcript_link,https://www.printandaudio.org.uk/app/search/resources/from/06-06-2020/to/03-08-2020/resource/4006/title/a-cry-from-the-heart,https://www.printandaudio.org.uk/app/search/resources/from/06-06-2020/to/03-08-2020/resource/4006/title/a-cry-from-the-heart
6898,YT2711SermonPM26.07.20,audio_link,https://www.printandaudio.org.uk/app/search/resources/from/06-06-2020/to/03-08-2020/resource/4006/title/a-cry-from-the-heart,https://www.printandaudio.org.uk/app/search/resources/from/06-06-2020/to/03-08-2020/resource/4006/title/a-cry-from-the-heart
6938,YT2717SermonAM02.08.20,transcript_link,https://www.printandaudio.org.uk/app/search/resources/from/04-07-2020/to/03-08-2020/resource/4008/title/education-for-life,https://www.printandaudio.org.uk/app/search/resources/from/04-07-2020/to/03-08-2020/resource/4008/title/education-for-life
6938,YT2717SermonAM02.08.20,audio_link,https://www.printandaudio.org.uk/app/search/resources/from/04-07-2020/to/03-08-2020/resource/4008/title/education-for-life,https://www.printandaudio.org.uk/app/search/resources/from/04-07-2020/to/03-08-2020/resource/4008/title/education-for-life
6939,YT2718Sermon02.08.20,transcript_link,https://www.printandaudio.org.uk/app/search/resources/from/06-06-2020/to/03-08-2020/resource/4007/title/anxiety,https://www.printandaudio.org.uk/app/search/resources/from/06-06-2020/to/03-08-2020/resource/4007/title/anxiety
6939,YT2718Sermon02.08.20,audio_link,https://www.printandaudio.org.uk/app/search/resources/from/06-06-2020/to/03-08-2020/resource/4007/title/anxiety,https://www.printandaudio.org.uk/app/search/resources/from/06-06-2020/to/03-08-2020/resource/4007/title/anxiety
6948,YT2762Sermon09.08.20,transcript_link,https://www.printandaudio.org.uk/app/search/resources/from/01-08-2020/to/01-09-2020/church/jesmond-parish-church/resource/4010/title/who-can-judge,https://www.printandaudio.org.uk/app/search/resources/from/01-08-2020/to/01-09-2020/church/jesmond-parish-church/resource/4010/title/who-can-judge
6948,YT2762Sermon09.08.20,audio_link,https://www.printandaudio.org.uk/app/search/resources/from/01-08-2020/to/01-09-2020/church/jesmond-parish-church/resource/4010/title/who-can-judge,https://www.printandaudio.org.uk/app/search/resources/from/01-08-2020/to/01-09-2020/church/jesmond-parish-church/resource/4010/title/who-can-judge
6974,YT2768Sermon16.08.20,transcript_link,https://www.printandaudio.org.uk/app/search/resources/from/01-08-2020/to/01-09-2020/church/jesmond-parish-church/resource/4009/title/joseph-1-god-with-us,https://www.printandaudio.org.uk/app/search/resources/from/01-08-2020/to/01-09-2020/church/jesmond-parish-church/resource/4009/title/joseph-1-god-with-us
6974,YT2768Sermon16.08.20,audio_link,https://www.printandaudio.org.uk/app/search/resources/from/01-08-2020/to/01-09-2020/church/jesmond-parish-church/resource/4009/title/joseph-1-god-with-us,https://www.printandaudio.org.uk/app/search/resources/from/01-08-2020/to/01-09-2020/church/jesmond-parish-church/resource/4009/title/joseph-1-god-with-us
6975,YT2769Sermon16.08.20,transcript_link,https://www.printandaudio.org.uk/app/search/resources/from/01-08-2020/to/01-09-2020/church/jesmond-parish-church/resource/4018/title/pray-school,https://www.printandaudio.org.uk/app/search/resources/from/01-08-2020/to/01-09-2020/church/jesmond-parish-church/resource/4018/title/pray-school
6975,YT2769Sermon16.08.20,audio_link,https://www.printandaudio.org.uk/app/search/resources/from/01-08-2020/to/01-09-2020/church/jesmond-parish-church/resource/4018/title/pray-school,https://www.printandaudio.org.uk/app/search/resources/from/01-08-2020/to/01-09-2020/church/jesmond-parish-church/resource/4018/title/pray-school
6983,YT2775Sermon23.08.20,transcript_link,https://www.printandaudio.org.uk/app/search/resources/from/01-08-2020/to/01-09-2020/church/jesmond-parish-church/resource/4020/title/joseph-2-good-times-bad-times-and-god,https://www.printandaudio.org.uk/app/search/resources/from/01-08-2020/to/01-09-2020/church/jesmond-parish-church/resource/4020/title/joseph-2-good-times-bad-times-and-god
6983,YT2775Sermon23.08.20,audio_link,https://www.printandaudio.org.uk/app/search/resources/from/01-08-2020/to/01-09-2020/church/jesmond-parish-church/resource/4020/title/joseph-2-good-times-bad-times-and-god,https://www.printandaudio.org.uk/app/search/resources/from/01-08-2020/to/01-09-2020/church/jesmond-parish-church/resource/4020/title/joseph-2-good-times-bad-times-and-god
6984,YT2776Sermon23.08.20,transcript_link,https://www.printandaudio.org.uk/app/search/resources/from/01-08-2020/to/01-09-2020/church/jesmond-parish-church/resource/4019/title/the-golden-rule,https://www.printandaudio.org.uk/app/search/resources/from/01-08-2020/to/01-09-2020/church/jesmond-parish-church/resource/4019/title/the-golden-rule
6984,YT2776Sermon23.08.20,audio_link,https://www.printandaudio.org.uk/app/search/resources/from/01-08-2020/to/01-09-2020/church/jesmond-parish-church/resource/4019/title/the-golden-rule,https://www.printandaudio.org.uk/app/search/resources/from/01-08-2020/to/01-09-2020/church/jesmond-parish-church/resource/4019/title/the-golden-rule
6992,YT2782Sermon30.08.20,transcript_link,https://www.printandaudio.org.uk/app/search/resources/from/01-08-2020/to/01-09-2020/church/jesmond-parish-church/resource/4026/title/gods-timing,https://www.printandaudio.org.uk/app/search/resources/from/01-08-2020/to/01-09-2020/church/jesmond-parish-church/resource/4026/title/gods-timing
6992,YT2782Sermon30.08.20,audio_link,https://www.printandaudio.org.uk/app/search/resources/from/01-08-2020/to/01-09-2020/church/jesmond-parish-church/resource/4026/title/gods-timing,https://www.printandaudio.org.uk/app/search/resources/from/01-08-2020/to/01-09-2020/church/jesmond-parish-church/resource/4026/title/gods-timing
6993,YT2783Sermon30.08.20,transcript_link,https://www.printandaudio.org.uk/app/search/resources/from/01-08-2020/to/01-09-2020/church/jesmond-parish-church/resource/4025/title/beware-of-false-prophets,https://www.printandaudio.org.uk/app/search/resources/from/01-08-2020/to/01-09-2020/church/jesmond-parish-church/resource/4025/title/beware-of-false-prophets
6993,YT2783Sermon30.08.20,audio_link,https://www.printandaudio.org.uk/app/search/resources/from/01-08-2020/to/01-09-2020/church/jesmond-parish-church/resource/4025/title/beware-of-false-prophets,https://www.printandaudio.org.uk/app/search/resources/from/01-08-2020/to/01-09-2020/church/jesmond-parish-church/resource/4025/title/beware-of-false-prophets
7002,YT2795Sermon06.09.20,transcript_link,https://www.printandaudio.org.uk/app/explore/resources/type/sermons/church/jesmond-parish-church/from/2020-08-24/to/2020-10-05/sort/date/direction/desc/resource/4028/title/god-using-evil,https://www.printandaudio.org.uk/app/explore/resources/type/sermons/church/jesmond-parish-church/from/2020-08-24/to/2020-10-05/sort/date/direction/desc/resource/4028/title/god-using-evil
7002,YT2795Sermon06.09.20,audio_link,https://www.printandaudio.org.uk/app/explore/resources/type/sermons/church/jesmond-parish-church/from/2020-08-24/to/2020-10-05/sort/date/direction/desc/resource/4028/title/god-using-evil,https://www.printandaudio.org.uk/app/explore/resources/type/sermons/church/jesmond-parish-church/from/2020-08-24/to/2020-10-05/sort/date/direction/desc/resource/4028/title/god-using-evil
7003,YT2796Sermon06.09.20,transcript_link,https://www.printandaudio.org.uk/app/explore/resources/type/sermons/church/jesmond-parish-church/from/2020-08-24/to/2020-10-05/sort/date/direction/desc/resource/4027/title/a-warning-of-danger-ahead,https://www.printandaudio.org.uk/app/explore/resources/type/sermons/church/jesmond-parish-church/from/2020-08-24/to/2020-10-05/sort/date/direction/desc/resource/4027/title/a-warning-of-danger-ahead
7003,YT2796Sermon06.09.20,audio_link,https://www.printandaudio.org.uk/app/explore/resources/type/sermons/church/jesmond-parish-church/from/2020-08-24/to/2020-10-05/sort/date/direction/desc/resource/4027/title/a-warning-of-danger-ahead,https://www.printandaudio.org.uk/app/explore/resources/type/sermons/church/jesmond-parish-church/from/2020-08-24/to/2020-10-05/sort/date/direction/desc/resource/4027/title/a-warning-of-danger-ahead
7020,YT2809Sermon13.09.20,transcript_link,https://www.printandaudio.org.uk/app/explore/resources/type/sermons/church/jesmond-parish-church/from/2020-08-24/to/2020-10-05/sort/date/direction/desc/resource/4033/title/how-to-live-in-gods-unfinished-story,https://www.printandaudio.org.uk/app/explore/resources/type/sermons/church/jesmond-parish-church/from/2020-08-24/to/2020-10-05/sort/date/direction/desc/resource/4033/title/how-to-live-in-gods-unfinished-story
7020,YT2809Sermon13.09.20,audio_link,https://www.printandaudio.org.uk/app/explore/resources/type/sermons/church/jesmond-parish-church/from/2020-08-24/to/2020-10-05/sort/date/direction/desc/resource/4033/title/how-to-live-in-gods-unfinished-story,https://www.printandaudio.org.uk/app/explore/resources/type/sermons/church/jesmond-parish-church/from/2020-08-24/to/2020-10-05/sort/date/direction/desc/resource/4033/title/how-to-live-in-gods-unfinished-story
7021,YT2810Sermon13.09.20,transcript_link,https://www.printandaudio.org.uk/app/explore/resources/type/sermons/church/jesmond-parish-church/from/2020-08-24/to/2020-10-05/sort/date/direction/desc/resource/4032/title/a-matter-of-life-and-death,https://www.printandaudio.org.uk/app/explore/resources/type/sermons/church/jesmond-parish-church/from/2020-08-24/to/2020-10-05/sort/date/direction/desc/resource/4032/title/a-matter-of-life-and-death
7021,YT2810Sermon13.09.20,audio_link,https://www.printandaudio.org.uk/app/explore/resources/type/sermons/church/jesmond-parish-church/from/2020-08-24/to/2020-10-05/sort/date/direction/desc/resource/4032/title/a-matter-of-life-and-death,https://www.printandaudio.org.uk/app/explore/resources/type/sermons/church/jesmond-parish-church/from/2020-08-24/to/2020-10-05/sort/date/direction/desc/resource/4032/title/a-matter-of-life-and-death
7031,YT2819SermonAM20.09.20,transcript_link,https://www.printandaudio.org.uk/app/explore/resources/type/sermons/church/jesmond-parish-church/from/2020-08-24/to/2020-10-05/sort/date/direction/desc/resource/4034/title/effective-gospel-ministry,https://www.printandaudio.org.uk/app/explore/resources/type/sermons/church/jesmond-parish-church/from/2020-08-24/to/2020-10-05/sort/date/direction/desc/resource/4034/title/effective-gospel-ministry
7031,YT2819SermonAM20.09.20,audio_link,https://www.printandaudio.org.uk/app/explore/resources/type/sermons/church/jesmond-parish-church/from/2020-08-24/to/2020-10-05/sort/date/direction/desc/resource/4034/title/effective-gospel-ministry,https://www.printandaudio.org.uk/app/explore/resources/type/sermons/church/jesmond-parish-church/from/2020-08-24/to/2020-10-05/sort/date/direction/desc/resource/4034/title/effective-gospel-ministry
7032,YT2820SermonPM20.09.20,transcript_link,https://www.printandaudio.org.uk/app/explore/resources/type/sermons/church/jesmond-parish-church/from/2020-08-24/to/2020-10-05/sort/date/direction/desc/resource/4035/title/walking-the-walk,https://www.printandaudio.org.uk/app/explore/resources/type/sermons/church/jesmond-parish-church/from/2020-08-24/to/2020-10-05/sort/date/direction/desc/resource/4035/title/walking-the-walk
7032,YT2820SermonPM20.09.20,audio_link,https://www.printandaudio.org.uk/app/explore/resources/type/sermons/church/jesmond-parish-church/from/2020-08-24/to/2020-10-05/sort/date/direction/desc/resource/4035/title/walking-the-walk,https://www.printandaudio.org.uk/app/explore/resources/type/sermons/church/jesmond-parish-church/from/2020-08-24/to/2020-10-05/sort/date/direction/desc/resource/4035/title/walking-the-walk
7049,YT2829SermonAM27.09.20,transcript_link,https://www.printandaudio.org.uk/app/explore/resources/type/sermons/church/jesmond-parish-church/from/2020-08-24/to/2020-10-05/sort/date/direction/desc/resource/4036/title/the-hardship-that-brings-a-harvest,https://www.printandaudio.org.uk/app/explore/resources/type/sermons/church/jesmond-parish-church/from/2020-08-24/to/2020-10-05/sort/date/direction/desc/resource/4036/title/the-hardship-that-brings-a-harvest
7049,YT2829SermonAM27.09.20,audio_link,https://www.printandaudio.org.uk/app/explore/resources/type/sermons/church/jesmond-parish-church/from/2020-08-24/to/2020-10-05/sort/date/direction/desc/resource/4036/title/the-hardship-that-brings-a-harvest,https://www.printandaudio.org.uk/app/explore/resources/type/sermons/church/jesmond-parish-church/from/2020-08-24/to/2020-10-05/sort/date/direction/desc/resource/4036/title/the-hardship-that-brings-a-harvest
7050,YT2830SermonPM27.09.20,transcript_link,https://www.printandaudio.org.uk/app/explore/resources/type/sermons/church/jesmond-parish-church/from/2020-08-24/to/2020-10-05/sort/date/direction/desc/resource/4037/title/whats-our-part-in-church,https://www.printandaudio.org.uk/app/explore/resources/type/sermons/church/jesmond-parish-church/from/2020-08-24/to/2020-10-05/sort/date/direction/desc/resource/4037/title/whats-our-part-in-church
7050,YT2830SermonPM27.09.20,audio_link,https://www.printandaudio.org.uk/app/explore/resources/type/sermons/church/jesmond-parish-church/from/2020-08-24/to/2020-10-05/sort/date/direction/desc/resource/4037/title/whats-our-part-in-church,https://www.printandaudio.org.uk/app/explore/resources/type/sermons/church/jesmond-parish-church/from/2020-08-24/to/2020-10-05/sort/date/direction/desc/resource/4037/title/whats-our-part-in-church
7062,YT2841SermonAM04.10.20,transcript_link,https://www.printandaudio.org.uk/app/explore/resources/type/sermons/church/jesmond-parish-church/from/2020-09-17/to/2020-10-29/sort/date/direction/desc/resource/4038/title/the-eternal-perspective-of-gospel-ministry,https://www.printandaudio.org.uk/app/explore/resources/type/sermons/church/jesmond-parish-church/from/2020-09-17/to/2020-10-29/sort/date/direction/desc/resource/4038/title/the-eternal-perspective-of-gospel-ministry
7062,YT2841SermonAM04.10.20,audio_link,https://www.printandaudio.org.uk/app/explore/resources/type/sermons/church/jesmond-parish-church/from/2020-09-17/to/2020-10-29/sort/date/direction/desc/resource/4038/title/the-eternal-perspective-of-gospel-ministry,https://www.printandaudio.org.uk/app/explore/resources/type/sermons/church/jesmond-parish-church/from/2020-09-17/to/2020-10-29/sort/date/direction/desc/resource/4038/title/the-eternal-perspective-of-gospel-ministry
7063,YT2842SermonPM04.10.20,transcript_link,https://www.printandaudio.org.uk/app/explore/resources/type/sermons/church/jesmond-parish-church/from/2020-09-17/to/2020-10-29/sort/date/direction/desc/resource/4039/title/our-identity-as-church-versus-the-world,https://www.printandaudio.org.uk/app/explore/resources/type/sermons/church/jesmond-parish-church/from/2020-09-17/to/2020-10-29/sort/date/direction/desc/resource/4039/title/our-identity-as-church-versus-the-world
7063,YT2842SermonPM04.10.20,audio_link,https://www.printandaudio.org.uk/app/explore/resources/type/sermons/church/jesmond-parish-church/from/2020-09-17/to/2020-10-29/sort/date/direction/desc/resource/4039/title/our-identity-as-church-versus-the-world,https://www.printandaudio.org.uk/app/explore/resources/type/sermons/church/jesmond-parish-church/from/2020-09-17/to/2020-10-29/sort/date/direction/desc/resource/4039/title/our-identity-as-church-versus-the-world
7073,YT2851SermonAM11.10.20,audio_link,https://www.printandaudio.org.uk/app/explore/resources/type/sermons/church/jesmond-parish-church/from/2020-09-17/to/2020-10-29/sort/date/direction/desc/resource/4045/title/where-is-god-in-a-coronavirus-world,https://www.printandaudio.org.uk/app/explore/resources/type/sermons/church/jesmond-parish-church/from/2020-09-17/to/2020-10-29/sort/date/direction/desc/resource/4045/title/where-is-god-in-a-coronavirus-world
7074,YT2852SermonPM11.10.20,audio_link,https://www.printandaudio.org.uk/app/explore/resources/type/sermons/church/jesmond-parish-church/from/2020-09-17/to/2020-10-29/sort/date/direction/desc/resource/4046/title/does-it-matter-what-we-believe,https://www.printandaudio.org.uk/app/explore/resources/type/sermons/church/jesmond-parish-church/from/2020-09-17/to/2020-10-29/sort/date/direction/desc/resource/4046/title/does-it-matter-what-we-believe
7091,YT2868SermonAM18.10.20,transcript_link,https://www.printandaudio.org.uk/app/explore/resources/type/sermons/church/jesmond-parish-church/from/2020-09-17/to/2020-10-29/sort/date/direction/desc/resource/4047/title/following-christ-in-medicine-today,https://www.printandaudio.org.uk/app/explore/resources/type/sermons/church/jesmond-parish-church/from/2020-09-17/to/2020-10-29/sort/date/direction/desc/resource/4047/title/following-christ-in-medicine-today
7091,YT2868SermonAM18.10.20,audio_link,https://www.printandaudio.org.uk/app/explore/resources/type/sermons/church/jesmond-parish-church/from/2020-09-17/to/2020-10-29/sort/date/direction/desc/resource/4047/title/following-christ-in-medicine-today,https://www.printandaudio.org.uk/app/explore/resources/type/sermons/church/jesmond-parish-church/from/2020-09-17/to/2020-10-29/sort/date/direction/desc/resource/4047/title/following-christ-in-medicine-today
7096,YT2869SermonPM18.10.20,transcript_link,https://www.printandaudio.org.uk/app/explore/resources/type/sermons/church/jesmond-parish-church/from/2020-09-17/to/2020-10-29/sort/date/direction/desc/resource/4048/title/jesus-the-healer-and-lessons-for-today,https://www.printandaudio.org.uk/app/explore/resources/type/sermons/church/jesmond-parish-church/from/2020-09-17/to/2020-10-29/sort/date/direction/desc/resource/4048/title/jesus-the-healer-and-lessons-for-today
7096,YT2869SermonPM18.10.20,audio_link,https://www.printandaudio.org.uk/app/explore/resources/type/sermons/church/jesmond-parish-church/from/2020-09-17/to/2020-10-29/sort/date/direction/desc/resource/4048/title/jesus-the-healer-and-lessons-for-today,https://www.printandaudio.org.uk/app/explore/resources/type/sermons/church/jesmond-parish-church/from/2020-09-17/to/2020-10-29/sort/date/direction/desc/resource/4048/title/jesus-the-healer-and-lessons-for-today
7103,YT2882SermonPM25.10.20,transcript_link,https://www.printandaudio.org.uk/app/explore/resources/type/sermons/church/jesmond-parish-church/from/2020-09-17/to/2020-10-29/sort/date/direction/desc/resource/4051/title/conduct-unbecoming,https://www.printandaudio.org.uk/app/explore/resources/type/sermons/church/jesmond-parish-church/from/2020-09-17/to/2020-10-29/sort/date/direction/desc/resource/4051/title/conduct-unbecoming
7103,YT2882SermonPM25.10.20,audio_link,https://www.printandaudio.org.uk/app/explore/resources/type/sermons/church/jesmond-parish-church/from/2020-09-17/to/2020-10-29/sort/date/direction/desc/resource/4051/title/conduct-unbecoming,https://www.printandaudio.org.uk/app/explore/resources/type/sermons/church/jesmond-parish-church/from/2020-09-17/to/2020-10-29/sort/date/direction/desc/resource/4051/title/conduct-unbecoming
7107,YT2881SermonAM25.10.20,transcript_link,https://www.printandaudio.org.uk/app/explore/resources/type/sermons/church/jesmond-parish-church/from/2020-09-17/to/2020-10-29/sort/date/direction/desc/resource/4050/title/motiviations-for-telling-people-about-jesus,https://www.printandaudio.org.uk/app/explore/resources/type/sermons/church/jesmond-parish-church/from/2020-09-17/to/2020-10-29/sort/date/direction/desc/resource/4050/title/motiviations-for-telling-people-about-jesus
7107,YT2881SermonAM25.10.20,audio_link,https://www.printandaudio.org.uk/app/explore/resources/type/sermons/church/jesmond-parish-church/from/2020-09-17/to/2020-10-29/sort/date/direction/desc/resource/4050/title/motiviations-for-telling-people-about-jesus,https://www.printandaudio.org.uk/app/explore/resources/type/sermons/church/jesmond-parish-church/from/2020-09-17/to/2020-10-29/sort/date/direction/desc/resource/4050/title/motiviations-for-telling-people-about-jesus
7124,YT2891SermonAM01.11.20,transcript_link,https://www.printandaudio.org.uk/app/explore/resources/type/sermons/church/jesmond-parish-church/from/2020-10-27/to/2020-12-08/sort/date/direction/desc/resource/4052/title/who-am-i-really-what-is-my-purpose-in-life,https://www.printandaudio.org.uk/app/explore/resources/type/sermons/church/jesmond-parish-church/from/2020-10-27/to/2020-12-08/sort/date/direction/desc/resource/4052/title/who-am-i-really-what-is-my-purpose-in-life
7124,YT2891SermonAM01.11.20,audio_link,https://www.printandaudio.org.uk/app/explore/resources/type/sermons/church/jesmond-parish-church/from/2020-10-27/to/2020-12-08/sort/date/direction/desc/resource/4052/title/who-am-i-really-what-is-my-purpose-in-life,https://www.printandaudio.org.uk/app/explore/resources/type/sermons/church/jesmond-parish-church/from/2020-10-27/to/2020-12-08/sort/date/direction/desc/resource/4052/title/who-am-i-really-what-is-my-purpose-in-life
7125,YT2892SermonPM01.11.20,transcript_link,https://www.printandaudio.org.uk/app/explore/resources/type/sermons/church/jesmond-parish-church/from/2020-10-27/to/2020-12-08/sort/date/direction/desc/resource/4053/title/live-differently,https://www.printandaudio.org.uk/app/explore/resources/type/sermons/church/jesmond-parish-church/from/2020-10-27/to/2020-12-08/sort/date/direction/desc/resource/4053/title/live-differently
7125,YT2892SermonPM01.11.20,audio_link,https://www.printandaudio.org.uk/app/explore/resources/type/sermons/church/jesmond-parish-church/from/2020-10-27/to/2020-12-08/sort/date/direction/desc/resource/4053/title/live-differently,https://www.printandaudio.org.uk/app/explore/resources/type/sermons/church/jesmond-parish-church/from/2020-10-27/to/2020-12-08/sort/date/direction/desc/resource/4053/title/live-differently
7133,YT2901SermonAM08.11.20,transcript_link,https://www.printandaudio.org.uk/app/explore/resources/type/sermons/church/jesmond-parish-church/from/2020-10-27/to/2020-12-08/sort/date/direction/desc/resource/4058/title/signs-of-the-end-before-the-end,https://www.printandaudio.org.uk/app/explore/resources/type/sermons/church/jesmond-parish-church/from/2020-10-27/to/2020-12-08/sort/date/direction/desc/resource/4058/title/signs-of-the-end-before-the-end
7133,YT2901SermonAM08.11.20,audio_link,https://www.printandaudio.org.uk/app/explore/resources/type/sermons/church/jesmond-parish-church/from/2020-10-27/to/2020-12-08/sort/date/direction/desc/resource/4058/title/signs-of-the-end-before-the-end,https://www.printandaudio.org.uk/app/explore/resources/type/sermons/church/jesmond-parish-church/from/2020-10-27/to/2020-12-08/sort/date/direction/desc/resource/4058/title/signs-of-the-end-before-the-end
7137,YT2902SermonPM08.11.20,transcript_link,https://www.printandaudio.org.uk/app/explore/resources/type/sermons/church/jesmond-parish-church/from/2020-10-27/to/2020-12-08/sort/date/direction/desc/resource/4069/title/be-careful-be-watchful-and-prayerful,https://www.printandaudio.org.uk/app/explore/resources/type/sermons/church/jesmond-parish-church/from/2020-10-27/to/2020-12-08/sort/date/direction/desc/resource/4069/title/be-careful-be-watchful-and-prayerful
7137,YT2902SermonPM08.11.20,audio_link,https://www.printandaudio.org.uk/app/explore/resources/type/sermons/church/jesmond-parish-church/from/2020-10-27/to/2020-12-08/sort/date/direction/desc/resource/4069/title/be-careful-be-watchful-and-prayerful,https://www.printandaudio.org.uk/app/explore/resources/type/sermons/church/jesmond-parish-church/from/2020-10-27/to/2020-12-08/sort/date/direction/desc/resource/4069/title/be-careful-be-watchful-and-prayerful
7144,YT2912SermonPM15.11.20,transcript_link,https://www.printandaudio.org.uk/app/explore/resources/type/sermons/church/jesmond-parish-church/from/2020-10-27/to/2020-12-08/sort/date/direction/desc/resource/4061/title/reflecting-jesus-in-our-marriages,https://www.printandaudio.org.uk/app/explore/resources/type/sermons/church/jesmond-parish-church/from/2020-10-27/to/2020-12-08/sort/date/direction/desc/resource/4061/title/reflecting-jesus-in-our-marriages
7144,YT2912SermonPM15.11.20,audio_link,https://www.printandaudio.org.uk/app/explore/resources/type/sermons/church/jesmond-parish-church/from/2020-10-27/to/2020-12-08/sort/date/direction/desc/resource/4061/title/reflecting-jesus-in-our-marriages,https://www.printandaudio.org.uk/app/explore/resources/type/sermons/church/jesmond-parish-church/from/2020-10-27/to/2020-12-08/sort/date/direction/desc/resource/4061/title/reflecting-jesus-in-our-marriages
7151,YT2911SermonAM15.11.20,transcript_link,https://www.printandaudio.org.uk/app/explore/resources/type/sermons/church/jesmond-parish-church/from/2020-10-27/to/2020-12-08/sort/date/direction/desc/resource/4062/title/the-end-of-the-world-as-we-know-it,https://www.printandaudio.org.uk/app/explore/resources/type/sermons/church/jesmond-parish-church/from/2020-10-27/to/2020-12-08/sort/date/direction/desc/resource/4062/title/the-end-of-the-world-as-we-know-it
7151,YT2911SermonAM15.11.20,audio_link,https://www.printandaudio.org.uk/app/explore/resources/type/sermons/church/jesmond-parish-church/from/2020-10-27/to/2020-12-08/sort/date/direction/desc/resource/4062/title/the-end-of-the-world-as-we-know-it,https://www.printandaudio.org.uk/app/explore/resources/type/sermons/church/jesmond-parish-church/from/2020-10-27/to/2020-12-08/sort/date/direction/desc/resource/4062/title/the-end-of-the-world-as-we-know-it
7160,YT2923SermonAM22.11.20,transcript_link,https://www.printandaudio.org.uk/app/explore/resources/type/sermons/church/jesmond-parish-church/from/2020-10-27/to/2020-12-08/sort/date/direction/desc/resource/4068/title/a-scale-model-of-the-final-judgement,https://www.printandaudio.org.uk/app/explore/resources/type/sermons/church/jesmond-parish-church/from/2020-10-27/to/2020-12-08/sort/date/direction/desc/resource/4068/title/a-scale-model-of-the-final-judgement
7160,YT2923SermonAM22.11.20,audio_link,https://www.printandaudio.org.uk/app/explore/resources/type/sermons/church/jesmond-parish-church/from/2020-10-27/to/2020-12-08/sort/date/direction/desc/resource/4068/title/a-scale-model-of-the-final-judgement,https://www.printandaudio.org.uk/app/explore/resources/type/sermons/church/jesmond-parish-church/from/2020-10-27/to/2020-12-08/sort/date/direction/desc/resource/4068/title/a-scale-model-of-the-final-judgement
7161,YT2924SermonPM22.11.20,transcript_link,https://www.printandaudio.org.uk/app/explore/resources/type/sermons/church/jesmond-parish-church/from/2020-10-27/to/2020-12-08/sort/date/direction/desc/resource/4065/title/children-and-parents,https://www.printandaudio.org.uk/app/explore/resources/type/sermons/church/jesmond-parish-church/from/2020-10-27/to/2020-12-08/sort/date/direction/desc/resource/4065/title/children-and-parents
7161,YT2924SermonPM22.11.20,audio_link,https://www.printandaudio.org.uk/app/explore/resources/type/sermons/church/jesmond-parish-church/from/2020-10-27/to/2020-12-08/sort/date/direction/desc/resource/4065/title/children-and-parents,https://www.printandaudio.org.uk/app/explore/resources/type/sermons/church/jesmond-parish-church/from/2020-10-27/to/2020-12-08/sort/date/direction/desc/resource/4065/title/children-and-parents
7170,YT2935SermonAM29.11.20,transcript_link,https://www.printandaudio.org.uk/app/explore/resources/type/sermons/church/jesmond-parish-church/from/2020-10-27/to/2020-12-08/sort/date/direction/desc/resource/4067/title/advent-sunday,https://www.printandaudio.org.uk/app/explore/resources/type/sermons/church/jesmond-parish-church/from/2020-10-27/to/2020-12-08/sort/date/direction/desc/resource/4067/title/advent-sunday
7170,YT2935SermonAM29.11.20,audio_link,https://www.printandaudio.org.uk/app/explore/resources/type/sermons/church/jesmond-parish-church/from/2020-10-27/to/2020-12-08/sort/date/direction/desc/resource/4067/title/advent-sunday,https://www.printandaudio.org.uk/app/explore/resources/type/sermons/church/jesmond-parish-church/from/2020-10-27/to/2020-12-08/sort/date/direction/desc/resource/4067/title/advent-sunday
7172,YT2936SermonPM29.11.20,transcript_link,https://www.printandaudio.org.uk/app/explore/resources/type/sermons/church/jesmond-parish-church/from/2020-10-27/to/2020-12-08/sort/date/direction/desc/resource/4066/title/the-church-at-work,https://www.printandaudio.org.uk/app/explore/resources/type/sermons/church/jesmond-parish-church/from/2020-10-27/to/2020-12-08/sort/date/direction/desc/resource/4066/title/the-church-at-work
7172,YT2936SermonPM29.11.20,audio_link,https://www.printandaudio.org.uk/app/explore/resources/type/sermons/church/jesmond-parish-church/from/2020-10-27/to/2020-12-08/sort/date/direction/desc/resource/4066/title/the-church-at-work,https://www.printandaudio.org.uk/app/explore/resources/type/sermons/church/jesmond-parish-church/from/2020-10-27/to/2020-12-08/sort/date/direction/desc/resource/4066/title/the-church-at-work
7173,YT2946SermonPM6.12.20,transcript_link,https://www.printandaudio.org.uk/app/explore/resources/type/sermons/church/jesmond-parish-church/from/2020-11-23/to/2021-01-04/sort/date/direction/desc/resource/4071/title/fight-the-good-fight,https://www.printandaudio.org.uk/app/explore/resources/type/sermons/church/jesmond-parish-church/from/2020-11-23/to/2021-01-04/sort/date/direction/desc/resource/4071/title/fight-the-good-fight
7173,YT2946SermonPM6.12.20,audio_link,https://www.printandaudio.org.uk/app/explore/resources/type/sermons/church/jesmond-parish-church/from/2020-11-23/to/2021-01-04/sort/date/direction/desc/resource/4071/title/fight-the-good-fight,https://www.printandaudio.org.uk/app/explore/resources/type/sermons/church/jesmond-parish-church/from/2020-11-23/to/2021-01-04/sort/date/direction/desc/resource/4071/title/fight-the-good-fight
7186,YT2945SermonAM6.12.20,transcript_link,https://www.printandaudio.org.uk/app/explore/resources/type/sermons/church/jesmond-parish-church/from/2020-11-23/to/2021-01-04/sort/date/direction/desc/resource/4069/title/be-careful-be-watchful-and-prayerful,https://www.printandaudio.org.uk/app/explore/resources/type/sermons/church/jesmond-parish-church/from/2020-11-23/to/2021-01-04/sort/date/direction/desc/resource/4069/title/be-careful-be-watchful-and-prayerful
7186,YT2945SermonAM6.12.20,audio_link,https://www.printandaudio.org.uk/app/explore/resources/type/sermons/church/jesmond-parish-church/from/2020-11-23/to/2021-01-04/sort/date/direction/desc/resource/4069/title/be-careful-be-watchful-and-prayerful,https://www.printandaudio.org.uk/app/explore/resources/type/sermons/church/jesmond-parish-church/from/2020-11-23/to/2021-01-04/sort/date/direction/desc/resource/4069/title/be-careful-be-watchful-and-prayerful
7205,YT2953SermonAM13.12.20,transcript_link,https://www.printandaudio.org.uk/app/explore/resources/type/sermons/church/jesmond-parish-church/from/2020-11-23/to/2021-01-04/sort/date/direction/desc/resource/4072/title/jesus-came-to-reveal-to-us-what-god-is-like,https://www.printandaudio.org.uk/app/explore/resources/type/sermons/church/jesmond-parish-church/from/2020-11-23/to/2021-01-04/sort/date/direction/desc/resource/4072/title/jesus-came-to-reveal-to-us-what-god-is-like
7205,YT2953SermonAM13.12.20,audio_link,https://www.printandaudio.org.uk/app/explore/resources/type/sermons/church/jesmond-parish-church/from/2020-11-23/to/2021-01-04/sort/date/direction/desc/resource/4072/title/jesus-came-to-reveal-to-us-what-god-is-like,https://www.printandaudio.org.uk/app/explore/resources/type/sermons/church/jesmond-parish-church/from/2020-11-23/to/2021-01-04/sort/date/direction/desc/resource/4072/title/jesus-came-to-reveal-to-us-what-god-is-like
7206,YT2954SermonPM13.12.20,transcript_link,https://www.printandaudio.org.uk/app/explore/resources/type/sermons/church/jesmond-parish-church/from/2020-11-23/to/2021-01-04/sort/date/direction/desc/resource/4073/title/the-angels-first-christmas-sermon,https://www.printandaudio.org.uk/app/explore/resources/type/sermons/church/jesmond-parish-church/from/2020-11-23/to/2021-01-04/sort/date/direction/desc/resource/4073/title/the-angels-first-christmas-sermon
7206,YT2954SermonPM13.12.20,audio_link,https://www.printandaudio.org.uk/app/explore/resources/type/sermons/church/jesmond-parish-church/from/2020-11-23/to/2021-01-04/sort/date/direction/desc/resource/4073/title/the-angels-first-christmas-sermon,https://www.printandaudio.org.uk/app/explore/resources/type/sermons/church/jesmond-parish-church/from/2020-11-23/to/2021-01-04/sort/date/direction/desc/resource/4073/title/the-angels-first-christmas-sermon
7215,YT2963SermonAM20.12.20,transcript_link,https://www.printandaudio.org.uk/app/explore/resources/type/sermons/church/jesmond-parish-church/from/2020-11-23/to/2021-01-04/sort/date/direction/desc/resource/4077/title/the-gift-of-gifts,https://www.printandaudio.org.uk/app/explore/resources/type/sermons/church/jesmond-parish-church/from/2020-11-23/to/2021-01-04/sort/date/direction/desc/resource/4077/title/the-gift-of-gifts
7215,YT2963SermonAM20.12.20,audio_link,https://www.printandaudio.org.uk/app/explore/resources/type/sermons/church/jesmond-parish-church/from/2020-11-23/to/2021-01-04/sort/date/direction/desc/resource/4077/title/the-gift-of-gifts,https://www.printandaudio.org.uk/app/explore/resources/type/sermons/church/jesmond-parish-church/from/2020-11-23/to/2021-01-04/sort/date/direction/desc/resource/4077/title/the-gift-of-gifts
7216,YT2964SermonPM20.12.20,transcript_link,https://www.printandaudio.org.uk/app/explore/resources/type/sermons/church/jesmond-parish-church/from/2020-11-23/to/2021-01-04/sort/date/direction/desc/resource/4076/title/what-does-christmas-mean-for-us-today,https://www.printandaudio.org.uk/app/explore/resources/type/sermons/church/jesmond-parish-church/from/2020-11-23/to/2021-01-04/sort/date/direction/desc/resource/4076/title/what-does-christmas-mean-for-us-today
7216,YT2964SermonPM20.12.20,audio_link,https://www.printandaudio.org.uk/app/explore/resources/type/sermons/church/jesmond-parish-church/from/2020-11-23/to/2021-01-04/sort/date/direction/desc/resource/4076/title/what-does-christmas-mean-for-us-today,https://www.printandaudio.org.uk/app/explore/resources/type/sermons/church/jesmond-parish-church/from/2020-11-23/to/2021-01-04/sort/date/direction/desc/resource/4076/title/what-does-christmas-mean-for-us-today
7217,YT2982SermonAM27.12.20,transcript_link,https://www.printandaudio.org.uk/app/explore/resources/type/sermons/church/jesmond-parish-church/from/2020-11-23/to/2021-01-04/sort/date/direction/desc/resource/4078/title/the-security-of-love,https://www.printandaudio.org.uk/app/explore/resources/type/sermons/church/jesmond-parish-church/from/2020-11-23/to/2021-01-04/sort/date/direction/desc/resource/4078/title/the-security-of-love
7217,YT2982SermonAM27.12.20,audio_link,https://www.printandaudio.org.uk/app/explore/resources/type/sermons/church/jesmond-parish-church/from/2020-11-23/to/2021-01-04/sort/date/direction/desc/resource/4078/title/the-security-of-love,https://www.printandaudio.org.uk/app/explore/resources/type/sermons/church/jesmond-parish-church/from/2020-11-23/to/2021-01-04/sort/date/direction/desc/resource/4078/title/the-security-of-love
7218,YT2983SermonPM27.12.20,transcript_link,https://www.printandaudio.org.uk/app/explore/resources/type/sermons/church/jesmond-parish-church/from/2020-11-23/to/2021-01-04/sort/date/direction/desc/resource/4079/title/prepare-for-battle,https://www.printandaudio.org.uk/app/explore/resources/type/sermons/church/jesmond-parish-church/from/2020-11-23/to/2021-01-04/sort/date/direction/desc/resource/4079/title/prepare-for-battle
7218,YT2983SermonPM27.12.20,audio_link,https://www.printandaudio.org.uk/app/explore/resources/type/sermons/church/jesmond-parish-church/from/2020-11-23/to/2021-01-04/sort/date/direction/desc/resource/4079/title/prepare-for-battle,https://www.printandaudio.org.uk/app/explore/resources/type/sermons/church/jesmond-parish-church/from/2020-11-23/to/2021-01-04/sort/date/direction/desc/resource/4079/title/prepare-for-battle
7219,YT2992SermonAM3.01.21,transcript_link,https://www.printandaudio.org.uk/app/explore/resources/type/sermons/church/jesmond-parish-church/from/2020-12-28/to/2021-02-08/sort/date/direction/desc/resource/4081/title/living-in-line-with-the-incarnation,https://www.printandaudio.org.uk/app/explore/resources/type/sermons/church/jesmond-parish-church/from/2020-12-28/to/2021-02-08/sort/date/direction/desc/resource/4081/title/living-in-line-with-the-incarnation
7219,YT2992SermonAM3.01.21,audio_link,https://www.printandaudio.org.uk/app/explore/resources/type/sermons/church/jesmond-parish-church/from/2020-12-28/to/2021-02-08/sort/date/direction/desc/resource/4081/title/living-in-line-with-the-incarnation,https://www.printandaudio.org.uk/app/explore/resources/type/sermons/church/jesmond-parish-church/from/2020-12-28/to/2021-02-08/sort/date/direction/desc/resource/4081/title/living-in-line-with-the-incarnation
7220,YT2993SermonPM3.01.21,transcript_link,https://www.printandaudio.org.uk/app/explore/resources/type/sermons/church/jesmond-parish-church/from/2020-12-28/to/2021-02-08/sort/date/direction/desc/resource/4082/title/the-conqueror-and-the-battle,https://www.printandaudio.org.uk/app/explore/resources/type/sermons/church/jesmond-parish-church/from/2020-12-28/to/2021-02-08/sort/date/direction/desc/resource/4082/title/the-conqueror-and-the-battle
7220,YT2993SermonPM3.01.21,audio_link,https://www.printandaudio.org.uk/app/explore/resources/type/sermons/church/jesmond-parish-church/from/2020-12-28/to/2021-02-08/sort/date/direction/desc/resource/4082/title/the-conqueror-and-the-battle,https://www.printandaudio.org.uk/app/explore/resources/type/sermons/church/jesmond-parish-church/from/2020-12-28/to/2021-02-08/sort/date/direction/desc/resource/4082/title/the-conqueror-and-the-battle
7284,YT3005SermonAM10.01.21,transcript_link,https://www.printandaudio.org.uk/app/explore/resources/type/sermons/church/jesmond-parish-church/from/2020-12-28/to/2021-02-08/sort/date/direction/desc/resource/4083/title/walking-according-to-the-spirit,https://www.printandaudio.org.uk/app/explore/resources/type/sermons/church/jesmond-parish-church/from/2020-12-28/to/2021-02-08/sort/date/direction/desc/resource/4083/title/walking-according-to-the-spirit
7284,YT3005SermonAM10.01.21,audio_link,https://www.printandaudio.org.uk/app/explore/resources/type/sermons/church/jesmond-parish-church/from/2020-12-28/to/2021-02-08/sort/date/direction/desc/resource/4083/title/walking-according-to-the-spirit,https://www.printandaudio.org.uk/app/explore/resources/type/sermons/church/jesmond-parish-church/from/2020-12-28/to/2021-02-08/sort/date/direction/desc/resource/4083/title/walking-according-to-the-spirit
7285,YT3006SermonPM10.01.21,transcript_link,https://www.printandaudio.org.uk/app/explore/resources/type/sermons/church/jesmond-parish-church/from/2020-12-28/to/2021-02-08/sort/date/direction/desc/resource/4084/title/character-over-comfort,https://www.printandaudio.org.uk/app/explore/resources/type/sermons/church/jesmond-parish-church/from/2020-12-28/to/2021-02-08/sort/date/direction/desc/resource/4084/title/character-over-comfort
7285,YT3006SermonPM10.01.21,audio_link,https://www.printandaudio.org.uk/app/explore/resources/type/sermons/church/jesmond-parish-church/from/2020-12-28/to/2021-02-08/sort/date/direction/desc/resource/4084/title/character-over-comfort,https://www.printandaudio.org.uk/app/explore/resources/type/sermons/church/jesmond-parish-church/from/2020-12-28/to/2021-02-08/sort/date/direction/desc/resource/4084/title/character-over-comfort
7299,YT3015SermonAM17.01.21,transcript_link,https://www.printandaudio.org.uk/app/explore/resources/type/sermons/church/jesmond-parish-church/from/2020-12-28/to/2021-02-08/sort/date/direction/desc/resource/4088/title/the-spirit-brings-life,https://www.printandaudio.org.uk/app/explore/resources/type/sermons/church/jesmond-parish-church/from/2020-12-28/to/2021-02-08/sort/date/direction/desc/resource/4088/title/the-spirit-brings-life
7299,YT3015SermonAM17.01.21,audio_link,https://www.printandaudio.org.uk/app/explore/resources/type/sermons/church/jesmond-parish-church/from/2020-12-28/to/2021-02-08/sort/date/direction/desc/resource/4088/title/the-spirit-brings-life,https://www.printandaudio.org.uk/app/explore/resources/type/sermons/church/jesmond-parish-church/from/2020-12-28/to/2021-02-08/sort/date/direction/desc/resource/4088/title/the-spirit-brings-life
7300,YT3016SermonPM17.01.21,transcript_link,https://www.printandaudio.org.uk/app/explore/resources/type/sermons/church/jesmond-parish-church/from/2020-12-28/to/2021-02-08/sort/date/direction/desc/resource/4089/title/knowing-god-and-knowing-man,https://www.printandaudio.org.uk/app/explore/resources/type/sermons/church/jesmond-parish-church/from/2020-12-28/to/2021-02-08/sort/date/direction/desc/resource/4089/title/knowing-god-and-knowing-man
7300,YT3016SermonPM17.01.21,audio_link,https://www.printandaudio.org.uk/app/explore/resources/type/sermons/church/jesmond-parish-church/from/2020-12-28/to/2021-02-08/sort/date/direction/desc/resource/4089/title/knowing-god-and-knowing-man,https://www.printandaudio.org.uk/app/explore/resources/type/sermons/church/jesmond-parish-church/from/2020-12-28/to/2021-02-08/sort/date/direction/desc/resource/4089/title/knowing-god-and-knowing-man
7313,YT3025SermonAM24.01.21,transcript_link,https://www.printandaudio.org.uk/app/explore/resources/type/sermons/church/jesmond-parish-church/from/2020-12-28/to/2021-02-08/sort/date/direction/desc/resource/4092/title/live-your-new-life,https://www.printandaudio.org.uk/app/explore/resources/type/sermons/church/jesmond-parish-church/from/2020-12-28/to/2021-02-08/sort/date/direction/desc/resource/4092/title/live-your-new-life
7313,YT3025SermonAM24.01.21,audio_link,https://www.printandaudio.org.uk/app/explore/resources/type/sermons/church/jesmond-parish-church/from/2020-12-28/to/2021-02-08/sort/date/direction/desc/resource/4092/title/live-your-new-life,https://www.printandaudio.org.uk/app/explore/resources/type/sermons/church/jesmond-parish-church/from/2020-12-28/to/2021-02-08/sort/date/direction/desc/resource/4092/title/live-your-new-life
7314,YT3026SermonPM24.01.21,transcript_link,https://www.printandaudio.org.uk/app/explore/resources/type/sermons/church/jesmond-parish-church/from/2020-12-28/to/2021-02-08/sort/date/direction/desc/resource/4093/title/the-making-of-mankind,https://www.printandaudio.org.uk/app/explore/resources/type/sermons/church/jesmond-parish-church/from/2020-12-28/to/2021-02-08/sort/date/direction/desc/resource/4093/title/the-making-of-mankind
7314,YT3026SermonPM24.01.21,audio_link,https://www.printandaudio.org.uk/app/explore/resources/type/sermons/church/jesmond-parish-church/from/2020-12-28/to/2021-02-08/sort/date/direction/desc/resource/4093/title/the-making-of-mankind,https://www.printandaudio.org.uk/app/explore/resources/type/sermons/church/jesmond-parish-church/from/2020-12-28/to/2021-02-08/sort/date/direction/desc/resource/4093/title/the-making-of-mankind
7325,YT3080SermonAM31.01.21,transcript_link,https://www.printandaudio.org.uk/app/explore/resources/type/sermons/church/jesmond-parish-church/from/2020-12-28/to/2021-02-08/sort/date/direction/desc/resource/4096/title/treasure-in-heaven,https://www.printandaudio.org.uk/app/explore/resources/type/sermons/church/jesmond-parish-church/from/2020-12-28/to/2021-02-08/sort/date/direction/desc/resource/4096/title/treasure-in-heaven
7325,YT3080SermonAM31.01.21,audio_link,https://www.printandaudio.org.uk/app/explore/resources/type/sermons/church/jesmond-parish-church/from/2020-12-28/to/2021-02-08/sort/date/direction/desc/resource/4096/title/treasure-in-heaven,https://www.printandaudio.org.uk/app/explore/resources/type/sermons/church/jesmond-parish-church/from/2020-12-28/to/2021-02-08/sort/date/direction/desc/resource/4096/title/treasure-in-heaven
7326,YT3081SermonPM31.01.21,transcript_link,https://www.printandaudio.org.uk/app/explore/resources/type/sermons/church/jesmond-parish-church/from/2020-12-28/to/2021-02-08/sort/date/direction/desc/resource/4097/title/giving-willingly-in-testing-times,https://www.printandaudio.org.uk/app/explore/resources/type/sermons/church/jesmond-parish-church/from/2020-12-28/to/2021-02-08/sort/date/direction/desc/resource/4097/title/giving-willingly-in-testing-times
7326,YT3081SermonPM31.01.21,audio_link,https://www.printandaudio.org.uk/app/explore/resources/type/sermons/church/jesmond-parish-church/from/2020-12-28/to/2021-02-08/sort/date/direction/desc/resource/4097/title/giving-willingly-in-testing-times,https://www.printandaudio.org.uk/app/explore/resources/type/sermons/church/jesmond-parish-church/from/2020-12-28/to/2021-02-08/sort/date/direction/desc/resource/4097/title/giving-willingly-in-testing-times
7348,YT3091SermonAM7.02.21,transcript_link,https://www.printandaudio.org.uk/app/explore/resources/type/sermons/church/jesmond-parish-church/from/2021-01-25/to/2021-03-08/sort/date/direction/desc/resource/4099/title/the-poor-widow,https://www.printandaudio.org.uk/app/explore/resources/type/sermons/church/jesmond-parish-church/from/2021-01-25/to/2021-03-08/sort/date/direction/desc/resource/4099/title/the-poor-widow
7348,YT3091SermonAM7.02.21,audio_link,https://www.printandaudio.org.uk/app/explore/resources/type/sermons/church/jesmond-parish-church/from/2021-01-25/to/2021-03-08/sort/date/direction/desc/resource/4099/title/the-poor-widow,https://www.printandaudio.org.uk/app/explore/resources/type/sermons/church/jesmond-parish-church/from/2021-01-25/to/2021-03-08/sort/date/direction/desc/resource/4099/title/the-poor-widow
7349,YT3092SermonPM7.02.21,transcript_link,https://www.printandaudio.org.uk/app/explore/resources/type/sermons/church/jesmond-parish-church/from/2021-01-25/to/2021-03-08/sort/date/direction/desc/resource/4100/title/giving-what-belongs-to-the-lord,https://www.printandaudio.org.uk/app/explore/resources/type/sermons/church/jesmond-parish-church/from/2021-01-25/to/2021-03-08/sort/date/direction/desc/resource/4100/title/giving-what-belongs-to-the-lord
7349,YT3092SermonPM7.02.21,audio_link,https://www.printandaudio.org.uk/app/explore/resources/type/sermons/church/jesmond-parish-church/from/2021-01-25/to/2021-03-08/sort/date/direction/desc/resource/4100/title/giving-what-belongs-to-the-lord,https://www.printandaudio.org.uk/app/explore/resources/type/sermons/church/jesmond-parish-church/from/2021-01-25/to/2021-03-08/sort/date/direction/desc/resource/4100/title/giving-what-belongs-to-the-lord
7359,YT3112SermonAM14.02.21,transcript_link,https://www.printandaudio.org.uk/app/explore/resources/type/sermons/church/jesmond-parish-church/from/2021-01-25/to/2021-03-08/sort/date/direction/desc/resource/4101/title/why-do-we-teach-our-children,https://www.printandaudio.org.uk/app/explore/resources/type/sermons/church/jesmond-parish-church/from/2021-01-25/to/2021-03-08/sort/date/direction/desc/resource/4101/title/why-do-we-teach-our-children
7359,YT3112SermonAM14.02.21,audio_link,https://www.printandaudio.org.uk/app/explore/resources/type/sermons/church/jesmond-parish-church/from/2021-01-25/to/2021-03-08/sort/date/direction/desc/resource/4101/title/why-do-we-teach-our-children,https://www.printandaudio.org.uk/app/explore/resources/type/sermons/church/jesmond-parish-church/from/2021-01-25/to/2021-03-08/sort/date/direction/desc/resource/4101/title/why-do-we-teach-our-children
7360,YT3113SermonPM14.02.21,transcript_link,https://www.printandaudio.org.uk/app/explore/resources/type/sermons/church/jesmond-parish-church/from/2021-01-25/to/2021-03-08/sort/date/direction/desc/resource/4102/title/whats-a-life-worthy-of-the-name,https://www.printandaudio.org.uk/app/explore/resources/type/sermons/church/jesmond-parish-church/from/2021-01-25/to/2021-03-08/sort/date/direction/desc/resource/4102/title/whats-a-life-worthy-of-the-name
7360,YT3113SermonPM14.02.21,audio_link,https://www.printandaudio.org.uk/app/explore/resources/type/sermons/church/jesmond-parish-church/from/2021-01-25/to/2021-03-08/sort/date/direction/desc/resource/4102/title/whats-a-life-worthy-of-the-name,https://www.printandaudio.org.uk/app/explore/resources/type/sermons/church/jesmond-parish-church/from/2021-01-25/to/2021-03-08/sort/date/direction/desc/resource/4102/title/whats-a-life-worthy-of-the-name
7377,YT3124SermonAM21.02.21,transcript_link,https://www.printandaudio.org.uk/app/explore/resources/type/sermons/church/jesmond-parish-church/from/2021-01-25/to/2021-03-08/sort/date/direction/desc/resource/4103/title/groaning-for-glory,https://www.printandaudio.org.uk/app/explore/resources/type/sermons/church/jesmond-parish-church/from/2021-01-25/to/2021-03-08/sort/date/direction/desc/resource/4103/title/groaning-for-glory
7377,YT3124SermonAM21.02.21,audio_link,https://www.printandaudio.org.uk/app/explore/resources/type/sermons/church/jesmond-parish-church/from/2021-01-25/to/2021-03-08/sort/date/direction/desc/resource/4103/title/groaning-for-glory,https://www.printandaudio.org.uk/app/explore/resources/type/sermons/church/jesmond-parish-church/from/2021-01-25/to/2021-03-08/sort/date/direction/desc/resource/4103/title/groaning-for-glory
7378,YT3125SermonPM21.02.21,transcript_link,https://www.printandaudio.org.uk/app/explore/resources/type/sermons/church/jesmond-parish-church/from/2021-01-25/to/2021-03-08/sort/date/direction/desc/resource/4104/title/the-story-of-the-first-marriage,https://www.printandaudio.org.uk/app/explore/resources/type/sermons/church/jesmond-parish-church/from/2021-01-25/to/2021-03-08/sort/date/direction/desc/resource/4104/title/the-story-of-the-first-marriage
7378,YT3125SermonPM21.02.21,audio_link,https://www.printandaudio.org.uk/app/explore/resources/type/sermons/church/jesmond-parish-church/from/2021-01-25/to/2021-03-08/sort/date/direction/desc/resource/4104/title/the-story-of-the-first-marriage,https://www.printandaudio.org.uk/app/explore/resources/type/sermons/church/jesmond-parish-church/from/2021-01-25/to/2021-03-08/sort/date/direction/desc/resource/4104/title/the-story-of-the-first-marriage
7392,YT3134SermonAM28.02.21,transcript_link,https://www.printandaudio.org.uk/app/explore/resources/type/sermons/church/jesmond-parish-church/from/2021-01-25/to/2021-03-08/sort/date/direction/desc/resource/4108/title/help-from-the-spirit,https://www.printandaudio.org.uk/app/explore/resources/type/sermons/church/jesmond-parish-church/from/2021-01-25/to/2021-03-08/sort/date/direction/desc/resource/4108/title/help-from-the-spirit
7392,YT3134SermonAM28.02.21,audio_link,https://www.printandaudio.org.uk/app/explore/resources/type/sermons/church/jesmond-parish-church/from/2021-01-25/to/2021-03-08/sort/date/direction/desc/resource/4108/title/help-from-the-spirit,https://www.printandaudio.org.uk/app/explore/resources/type/sermons/church/jesmond-parish-church/from/2021-01-25/to/2021-03-08/sort/date/direction/desc/resource/4108/title/help-from-the-spirit
7393,YT3135SermonPM28.02.21,transcript_link,https://www.printandaudio.org.uk/app/explore/resources/type/sermons/church/jesmond-parish-church/from/2021-01-25/to/2021-03-08/sort/date/direction/desc/resource/4109/title/where-did-it-all-go-wrong,https://www.printandaudio.org.uk/app/explore/resources/type/sermons/church/jesmond-parish-church/from/2021-01-25/to/2021-03-08/sort/date/direction/desc/resource/4109/title/where-did-it-all-go-wrong
7393,YT3135SermonPM28.02.21,audio_link,https://www.printandaudio.org.uk/app/explore/resources/type/sermons/church/jesmond-parish-church/from/2021-01-25/to/2021-03-08/sort/date/direction/desc/resource/4109/title/where-did-it-all-go-wrong,https://www.printandaudio.org.uk/app/explore/resources/type/sermons/church/jesmond-parish-church/from/2021-01-25/to/2021-03-08/sort/date/direction/desc/resource/4109/title/where-did-it-all-go-wrong
7407,YT3144SermonAM7.03.21,transcript_link,https://www.printandaudio.org.uk/app/search/resources/from/01-02-2021/to/06-05-2021/church/jesmond-parish-church/resource/4111/title/how-we-know-were-safe-for-eternity,https://www.printandaudio.org.uk/app/search/resources/from/01-02-2021/to/06-05-2021/church/jesmond-parish-church/resource/4111/title/how-we-know-were-safe-for-eternity
7407,YT3144SermonAM7.03.21,audio_link,https://www.printandaudio.org.uk/app/search/resources/from/01-02-2021/to/06-05-2021/church/jesmond-parish-church/resource/4111/title/how-we-know-were-safe-for-eternity,https://www.printandaudio.org.uk/app/search/resources/from/01-02-2021/to/06-05-2021/church/jesmond-parish-church/resource/4111/title/how-we-know-were-safe-for-eternity
7408,YT3145SermonPM7.03.21,transcript_link,https://www.printandaudio.org.uk/app/search/resources/from/01-02-2021/to/06-05-2021/church/jesmond-parish-church/resource/4112/title/making-sense-of-a-mixed-up-world,https://www.printandaudio.org.uk/app/search/resources/from/01-02-2021/to/06-05-2021/church/jesmond-parish-church/resource/4112/title/making-sense-of-a-mixed-up-world
7408,YT3145SermonPM7.03.21,audio_link,https://www.printandaudio.org.uk/app/search/resources/from/01-02-2021/to/06-05-2021/church/jesmond-parish-church/resource/4112/title/making-sense-of-a-mixed-up-world,https://www.printandaudio.org.uk/app/search/resources/from/01-02-2021/to/06-05-2021/church/jesmond-parish-church/resource/4112/title/making-sense-of-a-mixed-up-world
7422,YT3154SermonAM14.03.21,transcript_link,https://www.printandaudio.org.uk/app/search/resources/from/01-02-2021/to/06-05-2021/church/jesmond-parish-church/resource/4114/title/is-god-really-for-us,https://www.printandaudio.org.uk/app/search/resources/from/01-02-2021/to/06-05-2021/church/jesmond-parish-church/resource/4114/title/is-god-really-for-us
7422,YT3154SermonAM14.03.21,audio_link,https://www.printandaudio.org.uk/app/search/resources/from/01-02-2021/to/06-05-2021/church/jesmond-parish-church/resource/4114/title/is-god-really-for-us,https://www.printandaudio.org.uk/app/search/resources/from/01-02-2021/to/06-05-2021/church/jesmond-parish-church/resource/4114/title/is-god-really-for-us
7423,YT3155SermonPM14.03.21,transcript_link,https://www.printandaudio.org.uk/app/search/resources/from/01-02-2021/to/06-05-2021/church/jesmond-parish-church/resource/4115/title/the-first-murder,https://www.printandaudio.org.uk/app/search/resources/from/01-02-2021/to/06-05-2021/church/jesmond-parish-church/resource/4115/title/the-first-murder
7423,YT3155SermonPM14.03.21,audio_link,https://www.printandaudio.org.uk/app/search/resources/from/01-02-2021/to/06-05-2021/church/jesmond-parish-church/resource/4115/title/the-first-murder,https://www.printandaudio.org.uk/app/search/resources/from/01-02-2021/to/06-05-2021/church/jesmond-parish-church/resource/4115/title/the-first-murder
7447,YT3164SermonAM21.03.21,transcript_link,https://www.printandaudio.org.uk/app/search/resources/from/01-02-2021/to/06-05-2021/church/jesmond-parish-church/resource/4125/title/how-does-god-feel-about-me,https://www.printandaudio.org.uk/app/search/resources/from/01-02-2021/to/06-05-2021/church/jesmond-parish-church/resource/4125/title/how-does-god-feel-about-me
7447,YT3164SermonAM21.03.21,audio_link,https://www.printandaudio.org.uk/app/search/resources/from/01-02-2021/to/06-05-2021/church/jesmond-parish-church/resource/4125/title/how-does-god-feel-about-me,https://www.printandaudio.org.uk/app/search/resources/from/01-02-2021/to/06-05-2021/church/jesmond-parish-church/resource/4125/title/how-does-god-feel-about-me
7448,YT3165SermonPM21.03.21,transcript_link,https://www.printandaudio.org.uk/app/search/resources/from/01-02-2021/to/06-05-2021/church/jesmond-parish-church/resource/4126/title/what-is-success,https://www.printandaudio.org.uk/app/search/resources/from/01-02-2021/to/06-05-2021/church/jesmond-parish-church/resource/4126/title/what-is-success
7448,YT3165SermonPM21.03.21,audio_link,https://www.printandaudio.org.uk/app/search/resources/from/01-02-2021/to/06-05-2021/church/jesmond-parish-church/resource/4126/title/what-is-success,https://www.printandaudio.org.uk/app/search/resources/from/01-02-2021/to/06-05-2021/church/jesmond-parish-church/resource/4126/title/what-is-success
7458,YT3174SermonAM28.03.21,transcript_link,https://www.printandaudio.org.uk/app/search/resources/from/28-03-2021/to/28-03-2021/church/jesmond-parish-church/resource/4145/title/who-do-we-serve,https://www.printandaudio.org.uk/app/search/resources/from/28-03-2021/to/28-03-2021/church/jesmond-parish-church/resource/4145/title/who-do-we-serve
7458,YT3174SermonAM28.03.21,audio_link,https://www.printandaudio.org.uk/app/search/resources/from/28-03-2021/to/28-03-2021/church/jesmond-parish-church/resource/4145/title/who-do-we-serve,https://www.printandaudio.org.uk/app/search/resources/from/28-03-2021/to/28-03-2021/church/jesmond-parish-church/resource/4145/title/who-do-we-serve
7459,YT3175SermonPM28.03.21,transcript_link,https://www.printandaudio.org.uk/app/search/resources/from/01-02-2021/to/06-05-2021/church/jesmond-parish-church/resource/4129/title/gods-welcome-for-failures,https://www.printandaudio.org.uk/app/search/resources/from/01-02-2021/to/06-05-2021/church/jesmond-parish-church/resource/4129/title/gods-welcome-for-failures
7459,YT3175SermonPM28.03.21,audio_link,https://www.printandaudio.org.uk/app/search/resources/from/01-02-2021/to/06-05-2021/church/jesmond-parish-church/resource/4129/title/gods-welcome-for-failures,https://www.printandaudio.org.uk/app/search/resources/from/01-02-2021/to/06-05-2021/church/jesmond-parish-church/resource/4129/title/gods-welcome-for-failures
7473,YT3197SermonAM4.04.21,transcript_link,https://www.printandaudio.org.uk/app/search/resources/from/01-02-2021/to/06-05-2021/church/jesmond-parish-church/resource/4128/title/remember-jesus-risen-from-the-dead,https://www.printandaudio.org.uk/app/search/resources/from/01-02-2021/to/06-05-2021/church/jesmond-parish-church/resource/4128/title/remember-jesus-risen-from-the-dead
7473,YT3197SermonAM4.04.21,audio_link,https://www.printandaudio.org.uk/app/search/resources/from/01-02-2021/to/06-05-2021/church/jesmond-parish-church/resource/4128/title/remember-jesus-risen-from-the-dead,https://www.printandaudio.org.uk/app/search/resources/from/01-02-2021/to/06-05-2021/church/jesmond-parish-church/resource/4128/title/remember-jesus-risen-from-the-dead
7474,YT3198SermonPM4.04.21,transcript_link,https://www.printandaudio.org.uk/app/search/resources/from/01-02-2021/to/06-05-2021/church/jesmond-parish-church/resource/4132/title/evidence-for-sceptics,https://www.printandaudio.org.uk/app/search/resources/from/01-02-2021/to/06-05-2021/church/jesmond-parish-church/resource/4132/title/evidence-for-sceptics
7474,YT3198SermonPM4.04.21,audio_link,https://www.printandaudio.org.uk/app/search/resources/from/01-02-2021/to/06-05-2021/church/jesmond-parish-church/resource/4132/title/evidence-for-sceptics,https://www.printandaudio.org.uk/app/search/resources/from/01-02-2021/to/06-05-2021/church/jesmond-parish-church/resource/4132/title/evidence-for-sceptics
7481,YT3207SermonAM11.4.21,transcript_link,https://www.printandaudio.org.uk/app/search/resources/from/01-02-2021/to/06-05-2021/church/jesmond-parish-church/resource/4133/title/is-christianity-really-true,https://www.printandaudio.org.uk/app/search/resources/from/01-02-2021/to/06-05-2021/church/jesmond-parish-church/resource/4133/title/is-christianity-really-true
7481,YT3207SermonAM11.4.21,audio_link,https://www.printandaudio.org.uk/app/search/resources/from/01-02-2021/to/06-05-2021/church/jesmond-parish-church/resource/4133/title/is-christianity-really-true,https://www.printandaudio.org.uk/app/search/resources/from/01-02-2021/to/06-05-2021/church/jesmond-parish-church/resource/4133/title/is-christianity-really-true
7482,YT3208SermonPM11.4.21,transcript_link,https://www.printandaudio.org.uk/app/search/resources/from/01-02-2021/to/06-05-2021/church/jesmond-parish-church/resource/4134/title/how-to-be-joyful-even-if-life-is-sad,https://www.printandaudio.org.uk/app/search/resources/from/01-02-2021/to/06-05-2021/church/jesmond-parish-church/resource/4134/title/how-to-be-joyful-even-if-life-is-sad
7482,YT3208SermonPM11.4.21,audio_link,https://www.printandaudio.org.uk/app/search/resources/from/01-02-2021/to/06-05-2021/church/jesmond-parish-church/resource/4134/title/how-to-be-joyful-even-if-life-is-sad,https://www.printandaudio.org.uk/app/search/resources/from/01-02-2021/to/06-05-2021/church/jesmond-parish-church/resource/4134/title/how-to-be-joyful-even-if-life-is-sad
7491,YT3217SermonAM18.4.21,transcript_link,https://www.printandaudio.org.uk/app/search/resources/from/01-02-2021/to/06-05-2021/church/jesmond-parish-church/resource/4135/title/but-we-had-hoped,https://www.printandaudio.org.uk/app/search/resources/from/01-02-2021/to/06-05-2021/church/jesmond-parish-church/resource/4135/title/but-we-had-hoped
7491,YT3217SermonAM18.4.21,audio_link,https://www.printandaudio.org.uk/app/search/resources/from/01-02-2021/to/06-05-2021/church/jesmond-parish-church/resource/4135/title/but-we-had-hoped,https://www.printandaudio.org.uk/app/search/resources/from/01-02-2021/to/06-05-2021/church/jesmond-parish-church/resource/4135/title/but-we-had-hoped
7492,YT3218SermonPM18.4.21,transcript_link,https://www.printandaudio.org.uk/app/search/resources/from/01-02-2021/to/06-05-2021/church/jesmond-parish-church/resource/4136/title/no-worries,https://www.printandaudio.org.uk/app/search/resources/from/01-02-2021/to/06-05-2021/church/jesmond-parish-church/resource/4136/title/no-worries
7492,YT3218SermonPM18.4.21,audio_link,https://www.printandaudio.org.uk/app/search/resources/from/01-02-2021/to/06-05-2021/church/jesmond-parish-church/resource/4136/title/no-worries,https://www.printandaudio.org.uk/app/search/resources/from/01-02-2021/to/06-05-2021/church/jesmond-parish-church/resource/4136/title/no-worries
7505,YT3229SermonPM25.4.21,transcript_link,https://www.printandaudio.org.uk/app/search/resources/from/01-02-2021/to/06-05-2021/church/jesmond-parish-church/resource/4139/title/get-your-thinking-right,https://www.printandaudio.org.uk/app/search/resources/from/01-02-2021/to/06-05-2021/church/jesmond-parish-church/resource/4139/title/get-your-thinking-right
7505,YT3229SermonPM25.4.21,audio_link,https://www.printandaudio.org.uk/app/search/resources/from/01-02-2021/to/06-05-2021/church/jesmond-parish-church/resource/4139/title/get-your-thinking-right,https://www.printandaudio.org.uk/app/search/resources/from/01-02-2021/to/06-05-2021/church/jesmond-parish-church/resource/4139/title/get-your-thinking-right
7506,YT3228SermonAM25.4.21,transcript_link,https://www.printandaudio.org.uk/app/search/resources/from/01-02-2021/to/06-05-2021/church/jesmond-parish-church/resource/4138/title/the-risen-jesus-appears,https://www.printandaudio.org.uk/app/search/resources/from/01-02-2021/to/06-05-2021/church/jesmond-parish-church/resource/4138/title/the-risen-jesus-appears
7506,YT3228SermonAM25.4.21,audio_link,https://www.printandaudio.org.uk/app/search/resources/from/01-02-2021/to/06-05-2021/church/jesmond-parish-church/resource/4138/title/the-risen-jesus-appears,https://www.printandaudio.org.uk/app/search/resources/from/01-02-2021/to/06-05-2021/church/jesmond-parish-church/resource/4138/title/the-risen-jesus-appears
7517,YT3238SermonAM2.5.21,transcript_link,https://www.printandaudio.org.uk/app/explore/resources/type/sermons/church/jesmond-parish-church/from/2021-04-26/to/2021-06-07/sort/date/direction/desc/resource/4143/title/a-new-mission,https://www.printandaudio.org.uk/app/explore/resources/type/sermons/church/jesmond-parish-church/from/2021-04-26/to/2021-06-07/sort/date/direction/desc/resource/4143/title/a-new-mission
7517,YT3238SermonAM2.5.21,audio_link,https://www.printandaudio.org.uk/app/explore/resources/type/sermons/church/jesmond-parish-church/from/2021-04-26/to/2021-06-07/sort/date/direction/desc/resource/4143/title/a-new-mission,https://www.printandaudio.org.uk/app/explore/resources/type/sermons/church/jesmond-parish-church/from/2021-04-26/to/2021-06-07/sort/date/direction/desc/resource/4143/title/a-new-mission
7520,YT3239SermonPM2.5.21,transcript_link,https://www.printandaudio.org.uk/app/explore/resources/type/sermons/church/jesmond-parish-church/from/2021-04-26/to/2021-06-07/sort/date/direction/desc/resource/4144/title/resolve-to-learn-the-secret-of-real-contentment,https://www.printandaudio.org.uk/app/explore/resources/type/sermons/church/jesmond-parish-church/from/2021-04-26/to/2021-06-07/sort/date/direction/desc/resource/4144/title/resolve-to-learn-the-secret-of-real-contentment
7520,YT3239SermonPM2.5.21,audio_link,https://www.printandaudio.org.uk/app/explore/resources/type/sermons/church/jesmond-parish-church/from/2021-04-26/to/2021-06-07/sort/date/direction/desc/resource/4144/title/resolve-to-learn-the-secret-of-real-contentment,https://www.printandaudio.org.uk/app/explore/resources/type/sermons/church/jesmond-parish-church/from/2021-04-26/to/2021-06-07/sort/date/direction/desc/resource/4144/title/resolve-to-learn-the-secret-of-real-contentment
7536,YT3252SermonAM9.5.21,transcript_link,https://www.printandaudio.org.uk/app/explore/resources/type/sermons/church/jesmond-parish-church/from/2021-04-26/to/2021-06-07/sort/date/direction/desc/resource/4146/title/he-ascended-into-heaven,https://www.printandaudio.org.uk/app/explore/resources/type/sermons/church/jesmond-parish-church/from/2021-04-26/to/2021-06-07/sort/date/direction/desc/resource/4146/title/he-ascended-into-heaven
7536,YT3252SermonAM9.5.21,audio_link,https://www.printandaudio.org.uk/app/explore/resources/type/sermons/church/jesmond-parish-church/from/2021-04-26/to/2021-06-07/sort/date/direction/desc/resource/4146/title/he-ascended-into-heaven,https://www.printandaudio.org.uk/app/explore/resources/type/sermons/church/jesmond-parish-church/from/2021-04-26/to/2021-06-07/sort/date/direction/desc/resource/4146/title/he-ascended-into-heaven
7537,YT3258SermonPM09.05.21,transcript_link,https://www.printandaudio.org.uk/app/explore/resources/type/sermons/church/jesmond-parish-church/from/2021-04-26/to/2021-06-07/sort/date/direction/desc/resource/4147/title/a-wake-up-call-from-god,https://www.printandaudio.org.uk/app/explore/resources/type/sermons/church/jesmond-parish-church/from/2021-04-26/to/2021-06-07/sort/date/direction/desc/resource/4147/title/a-wake-up-call-from-god
7537,YT3258SermonPM09.05.21,audio_link,https://www.printandaudio.org.uk/app/explore/resources/type/sermons/church/jesmond-parish-church/from/2021-04-26/to/2021-06-07/sort/date/direction/desc/resource/4147/title/a-wake-up-call-from-god,https://www.printandaudio.org.uk/app/explore/resources/type/sermons/church/jesmond-parish-church/from/2021-04-26/to/2021-06-07/sort/date/direction/desc/resource/4147/title/a-wake-up-call-from-god
7602,YT3267SermonAM16.5.21,transcript_link,https://www.printandaudio.org.uk/app/explore/resources/type/sermons/church/jesmond-parish-church/from/2021-04-26/to/2021-06-07/sort/date/direction/desc/resource/4151/title/prayer-preparation-and-pain,https://www.printandaudio.org.uk/app/explore/resources/type/sermons/church/jesmond-parish-church/from/2021-04-26/to/2021-06-07/sort/date/direction/desc/resource/4151/title/prayer-preparation-and-pain
7602,YT3267SermonAM16.5.21,audio_link,https://www.printandaudio.org.uk/app/explore/resources/type/sermons/church/jesmond-parish-church/from/2021-04-26/to/2021-06-07/sort/date/direction/desc/resource/4151/title/prayer-preparation-and-pain,https://www.printandaudio.org.uk/app/explore/resources/type/sermons/church/jesmond-parish-church/from/2021-04-26/to/2021-06-07/sort/date/direction/desc/resource/4151/title/prayer-preparation-and-pain
7603,YT3268SermonPM16.05.21,transcript_link,https://www.printandaudio.org.uk/app/explore/resources/type/sermons/church/jesmond-parish-church/from/2021-04-26/to/2021-06-07/sort/date/direction/desc/resource/4152/title/the-day-of-the-lord,https://www.printandaudio.org.uk/app/explore/resources/type/sermons/church/jesmond-parish-church/from/2021-04-26/to/2021-06-07/sort/date/direction/desc/resource/4152/title/the-day-of-the-lord
7603,YT3268SermonPM16.05.21,audio_link,https://www.printandaudio.org.uk/app/explore/resources/type/sermons/church/jesmond-parish-church/from/2021-04-26/to/2021-06-07/sort/date/direction/desc/resource/4152/title/the-day-of-the-lord,https://www.printandaudio.org.uk/app/explore/resources/type/sermons/church/jesmond-parish-church/from/2021-04-26/to/2021-06-07/sort/date/direction/desc/resource/4152/title/the-day-of-the-lord
7639,YT3269SermonAM23.5.21,transcript_link,https://www.printandaudio.org.uk/app/explore/resources/type/sermons/church/jesmond-parish-church/from/2021-04-26/to/2021-06-07/sort/date/direction/desc/resource/4155/title/what-changed-at-pentecost,https://www.printandaudio.org.uk/app/explore/resources/type/sermons/church/jesmond-parish-church/from/2021-04-26/to/2021-06-07/sort/date/direction/desc/resource/4155/title/what-changed-at-pentecost
7650,YT3390SermonPM30.05.21,transcript_link,https://www.printandaudio.org.uk/app/explore/resources/type/sermons/church/jesmond-parish-church/from/2021-04-26/to/2021-06-07/sort/date/direction/desc/resource/4158/title/return-to-the-lord-your-god,https://www.printandaudio.org.uk/app/explore/resources/type/sermons/church/jesmond-parish-church/from/2021-04-26/to/2021-06-07/sort/date/direction/desc/resource/4158/title/return-to-the-lord-your-god
7660,YT3390SermonPM30.05.21,transcript_link,https://www.printandaudio.org.uk/app/explore/resources/type/sermons/church/jesmond-parish-church/from/2021-04-26/to/2021-06-07/sort/date/direction/desc/resource/4158/title/return-to-the-lord-your-god,https://www.printandaudio.org.uk/app/explore/resources/type/sermons/church/jesmond-parish-church/from/2021-04-26/to/2021-06-07/sort/date/direction/desc/resource/4158/title/return-to-the-lord-your-god
7664,YT3271SermonAM30.05.21,transcript_link,https://www.printandaudio.org.uk/app/explore/resources/type/sermons/church/jesmond-parish-church/from/2021-04-26/to/2021-06-07/sort/date/direction/desc/resource/4157/title/pentecost-all-about-jesus,https://www.printandaudio.org.uk/app/explore/resources/type/sermons/church/jesmond-parish-church/from/2021-04-26/to/2021-06-07/sort/date/direction/desc/resource/4157/title/pentecost-all-about-jesus
7673,YT3391SermonAM06.06.21,transcript_link,https://www.printandaudio.org.uk/app/explore/resources/type/sermons/church/jesmond-parish-church/from/2021-05-25/to/2021-07-06/sort/date/direction/desc/resource/4160/title/becoming-christs,https://www.printandaudio.org.uk/app/explore/resources/type/sermons/church/jesmond-parish-church/from/2021-05-25/to/2021-07-06/sort/date/direction/desc/resource/4160/title/becoming-christs
7673,YT3391SermonAM06.06.21,audio_link,https://www.printandaudio.org.uk/app/explore/resources/type/sermons/church/jesmond-parish-church/from/2021-05-25/to/2021-07-06/sort/date/direction/desc/resource/4160/title/becoming-christs,https://www.printandaudio.org.uk/app/explore/resources/type/sermons/church/jesmond-parish-church/from/2021-05-25/to/2021-07-06/sort/date/direction/desc/resource/4160/title/becoming-christs
7674,YT3392SermonPM06.06.21,transcript_link,https://www.printandaudio.org.uk/app/explore/resources/type/sermons/church/jesmond-parish-church/from/2021-05-25/to/2021-07-06/sort/date/direction/desc/resource/4159/title/assurance-for-returning-sinners,https://www.printandaudio.org.uk/app/explore/resources/type/sermons/church/jesmond-parish-church/from/2021-05-25/to/2021-07-06/sort/date/direction/desc/resource/4159/title/assurance-for-returning-sinners
7674,YT3392SermonPM06.06.21,audio_link,https://www.printandaudio.org.uk/app/explore/resources/type/sermons/church/jesmond-parish-church/from/2021-05-25/to/2021-07-06/sort/date/direction/desc/resource/4159/title/assurance-for-returning-sinners,https://www.printandaudio.org.uk/app/explore/resources/type/sermons/church/jesmond-parish-church/from/2021-05-25/to/2021-07-06/sort/date/direction/desc/resource/4159/title/assurance-for-returning-sinners
7688,YT3433SermonPM13.06.21 ,transcript_link,https://www.printandaudio.org.uk/app/explore/resources/type/sermons/church/jesmond-parish-church/from/2021-05-25/to/2021-07-06/sort/date/direction/desc/resource/4163/title/the-day-of-the-lord,https://www.printandaudio.org.uk/app/explore/resources/type/sermons/church/jesmond-parish-church/from/2021-05-25/to/2021-07-06/sort/date/direction/desc/resource/4163/title/the-day-of-the-lord
7688,YT3433SermonPM13.06.21 ,audio_link,https://www.printandaudio.org.uk/app/explore/resources/type/sermons/church/jesmond-parish-church/from/2021-05-25/to/2021-07-06/sort/date/direction/desc/resource/4163/title/the-day-of-the-lord,https://www.printandaudio.org.uk/app/explore/resources/type/sermons/church/jesmond-parish-church/from/2021-05-25/to/2021-07-06/sort/date/direction/desc/resource/4163/title/the-day-of-the-lord
7689,YT3432SermonAM13.06.21,transcript_link,https://www.printandaudio.org.uk/app/explore/resources/type/sermons/church/jesmond-parish-church/from/2021-05-25/to/2021-07-06/sort/date/direction/desc/resource/4162/title/the-church-we-want-to-be,https://www.printandaudio.org.uk/app/explore/resources/type/sermons/church/jesmond-parish-church/from/2021-05-25/to/2021-07-06/sort/date/direction/desc/resource/4162/title/the-church-we-want-to-be
7689,YT3432SermonAM13.06.21,audio_link,https://www.printandaudio.org.uk/app/explore/resources/type/sermons/church/jesmond-parish-church/from/2021-05-25/to/2021-07-06/sort/date/direction/desc/resource/4162/title/the-church-we-want-to-be,https://www.printandaudio.org.uk/app/explore/resources/type/sermons/church/jesmond-parish-church/from/2021-05-25/to/2021-07-06/sort/date/direction/desc/resource/4162/title/the-church-we-want-to-be
7757,YT3441SermonAM20.6.21,transcript_link,https://www.printandaudio.org.uk/app/explore/resources/type/sermons/church/jesmond-parish-church/from/2021-05-25/to/2021-07-06/sort/date/direction/desc/resource/4165/title/all-things-in-common,https://www.printandaudio.org.uk/app/explore/resources/type/sermons/church/jesmond-parish-church/from/2021-05-25/to/2021-07-06/sort/date/direction/desc/resource/4165/title/all-things-in-common
7757,YT3441SermonAM20.6.21,audio_link,https://www.printandaudio.org.uk/app/explore/resources/type/sermons/church/jesmond-parish-church/from/2021-05-25/to/2021-07-06/sort/date/direction/desc/resource/4165/title/all-things-in-common,https://www.printandaudio.org.uk/app/explore/resources/type/sermons/church/jesmond-parish-church/from/2021-05-25/to/2021-07-06/sort/date/direction/desc/resource/4165/title/all-things-in-common
7758,YT3442SermonPM20.6.21,transcript_link,https://www.printandaudio.org.uk/app/explore/resources/type/sermons/church/jesmond-parish-church/from/2021-05-25/to/2021-07-06/sort/date/direction/desc/resource/4166/title/the-day-of-reckoning,https://www.printandaudio.org.uk/app/explore/resources/type/sermons/church/jesmond-parish-church/from/2021-05-25/to/2021-07-06/sort/date/direction/desc/resource/4166/title/the-day-of-reckoning
7758,YT3442SermonPM20.6.21,audio_link,https://www.printandaudio.org.uk/app/explore/resources/type/sermons/church/jesmond-parish-church/from/2021-05-25/to/2021-07-06/sort/date/direction/desc/resource/4166/title/the-day-of-reckoning,https://www.printandaudio.org.uk/app/explore/resources/type/sermons/church/jesmond-parish-church/from/2021-05-25/to/2021-07-06/sort/date/direction/desc/resource/4166/title/the-day-of-reckoning
7777,YT3450SermonAM27.6.21,transcript_link,https://www.printandaudio.org.uk/app/explore/resources/type/sermons/church/jesmond-parish-church/from/2021-05-25/to/2021-07-06/sort/date/direction/desc/resource/4169/title/what-should-church-be-like,https://www.printandaudio.org.uk/app/explore/resources/type/sermons/church/jesmond-parish-church/from/2021-05-25/to/2021-07-06/sort/date/direction/desc/resource/4169/title/what-should-church-be-like
7777,YT3450SermonAM27.6.21,audio_link,https://www.printandaudio.org.uk/app/explore/resources/type/sermons/church/jesmond-parish-church/from/2021-05-25/to/2021-07-06/sort/date/direction/desc/resource/4169/title/what-should-church-be-like,https://www.printandaudio.org.uk/app/explore/resources/type/sermons/church/jesmond-parish-church/from/2021-05-25/to/2021-07-06/sort/date/direction/desc/resource/4169/title/what-should-church-be-like
7778,YT3451SermonPM27.6.21,transcript_link,https://www.printandaudio.org.uk/app/explore/resources/type/sermons/church/jesmond-parish-church/from/2021-05-25/to/2021-07-06/sort/date/direction/desc/resource/4170/title/the-hope-of-heaven,https://www.printandaudio.org.uk/app/explore/resources/type/sermons/church/jesmond-parish-church/from/2021-05-25/to/2021-07-06/sort/date/direction/desc/resource/4170/title/the-hope-of-heaven
7778,YT3451SermonPM27.6.21,audio_link,https://www.printandaudio.org.uk/app/explore/resources/type/sermons/church/jesmond-parish-church/from/2021-05-25/to/2021-07-06/sort/date/direction/desc/resource/4170/title/the-hope-of-heaven,https://www.printandaudio.org.uk/app/explore/resources/type/sermons/church/jesmond-parish-church/from/2021-05-25/to/2021-07-06/sort/date/direction/desc/resource/4170/title/the-hope-of-heaven
7786,YT3477SermonAM4.7.21,transcript_link,https://www.printandaudio.org.uk/app/explore/resources/type/sermons/church/jesmond-parish-church/from/2021-06-22/to/2021-08-03/sort/date/direction/desc/resource/4171/title/why-is-christianity-so-disliked,https://www.printandaudio.org.uk/app/explore/resources/type/sermons/church/jesmond-parish-church/from/2021-06-22/to/2021-08-03/sort/date/direction/desc/resource/4171/title/why-is-christianity-so-disliked
7787,YT3478SermonPM4.7.21,transcript_link,https://www.printandaudio.org.uk/app/explore/resources/type/sermons/church/jesmond-parish-church/from/2021-06-22/to/2021-08-03/sort/date/direction/desc/resource/4172/title/what-does-it-mean-to-live-by-faith,https://www.printandaudio.org.uk/app/explore/resources/type/sermons/church/jesmond-parish-church/from/2021-06-22/to/2021-08-03/sort/date/direction/desc/resource/4172/title/what-does-it-mean-to-live-by-faith
7799,YT3485SermonAM11.7.21,transcript_link,https://www.printandaudio.org.uk/app/explore/resources/type/sermons/church/jesmond-parish-church/from/2021-06-22/to/2021-08-03/sort/date/direction/desc/resource/4175/title/can-we-really-call-anything-wrong,https://www.printandaudio.org.uk/app/explore/resources/type/sermons/church/jesmond-parish-church/from/2021-06-22/to/2021-08-03/sort/date/direction/desc/resource/4175/title/can-we-really-call-anything-wrong
7800,YT3486SermonPM11.7.21,transcript_link,https://www.printandaudio.org.uk/app/explore/resources/type/sermons/church/jesmond-parish-church/from/2021-06-22/to/2021-08-03/sort/date/direction/desc/resource/4174/title/three-key-things-faith-does,https://www.printandaudio.org.uk/app/explore/resources/type/sermons/church/jesmond-parish-church/from/2021-06-22/to/2021-08-03/sort/date/direction/desc/resource/4174/title/three-key-things-faith-does
7893,YT3493SermonAM18.7.21,transcript_link,https://www.printandaudio.org.uk/app/explore/resources/type/sermons/church/jesmond-parish-church/from/2021-06-22/to/2021-08-03/sort/date/direction/desc/resource/4176/title/why-is-the-enviroment-my-problem,https://www.printandaudio.org.uk/app/explore/resources/type/sermons/church/jesmond-parish-church/from/2021-06-22/to/2021-08-03/sort/date/direction/desc/resource/4176/title/why-is-the-enviroment-my-problem
7895,YT3494SermonPM18.7.21,transcript_link,https://www.printandaudio.org.uk/app/explore/resources/type/sermons/church/jesmond-parish-church/from/2021-06-22/to/2021-08-03/sort/date/direction/desc/resource/4177/title/faith-for-the-future,https://www.printandaudio.org.uk/app/explore/resources/type/sermons/church/jesmond-parish-church/from/2021-06-22/to/2021-08-03/sort/date/direction/desc/resource/4177/title/faith-for-the-future
7905,YT3586SermonAM25.07.21,transcript_link,https://www.printandaudio.org.uk/app/explore/resources/type/sermons/church/jesmond-parish-church/from/2021-06-22/to/2021-08-03/sort/date/direction/desc/resource/4178/title/joy-in-the-morning,https://www.printandaudio.org.uk/app/explore/resources/type/sermons/church/jesmond-parish-church/from/2021-06-22/to/2021-08-03/sort/date/direction/desc/resource/4178/title/joy-in-the-morning
7960,YT3604SermonAM8.8.21,transcript_link,https://www.printandaudio.org.uk/app/explore/resources/type/sermons/church/jesmond-parish-church/from/2021-07-27/to/2021-09-07/sort/date/direction/desc/resource/4181/title/why-bother-obeying,https://www.printandaudio.org.uk/app/explore/resources/type/sermons/church/jesmond-parish-church/from/2021-07-27/to/2021-09-07/sort/date/direction/desc/resource/4181/title/why-bother-obeying
7961,YT3605SermonPM8.8.21,transcript_link,https://www.printandaudio.org.uk/app/explore/resources/type/sermons/church/jesmond-parish-church/from/2021-07-27/to/2021-09-07/sort/date/direction/desc/resource/4182/title/faith-brings-triumph-as-well-as-trial,https://www.printandaudio.org.uk/app/explore/resources/type/sermons/church/jesmond-parish-church/from/2021-07-27/to/2021-09-07/sort/date/direction/desc/resource/4182/title/faith-brings-triumph-as-well-as-trial
7969,YT3619SermonAM15.8.21,transcript_link,https://www.printandaudio.org.uk/app/explore/resources/type/sermons/church/jesmond-parish-church/from/2021-07-27/to/2021-09-07/sort/date/direction/desc/resource/4184/title/remember-god-in-plenty-and-in-lack,https://www.printandaudio.org.uk/app/explore/resources/type/sermons/church/jesmond-parish-church/from/2021-07-27/to/2021-09-07/sort/date/direction/desc/resource/4184/title/remember-god-in-plenty-and-in-lack
7970,YT3620SermonPM15.8.21,transcript_link,https://www.printandaudio.org.uk/app/explore/resources/type/sermons/church/jesmond-parish-church/from/2021-07-27/to/2021-09-07/sort/date/direction/desc/resource/4183/title/how-to-live-by-faith,https://www.printandaudio.org.uk/app/explore/resources/type/sermons/church/jesmond-parish-church/from/2021-07-27/to/2021-09-07/sort/date/direction/desc/resource/4183/title/how-to-live-by-faith
7980,YT3627SermonAM22.8.21,transcript_link,https://www.printandaudio.org.uk/app/explore/resources/type/sermons/church/jesmond-parish-church/from/2021-07-27/to/2021-09-07/sort/date/direction/desc/resource/4185/title/gods-covenant-love,https://www.printandaudio.org.uk/app/explore/resources/type/sermons/church/jesmond-parish-church/from/2021-07-27/to/2021-09-07/sort/date/direction/desc/resource/4185/title/gods-covenant-love
7981,YT3628SermonPM22.8.21,transcript_link,https://www.printandaudio.org.uk/app/explore/resources/type/sermons/church/jesmond-parish-church/from/2021-07-27/to/2021-09-07/sort/date/direction/desc/resource/4186/title/righteous-indignation,https://www.printandaudio.org.uk/app/explore/resources/type/sermons/church/jesmond-parish-church/from/2021-07-27/to/2021-09-07/sort/date/direction/desc/resource/4186/title/righteous-indignation
7994,YT3635SermonAM29.8.21,transcript_link,https://www.printandaudio.org.uk/app/explore/resources/type/sermons/church/jesmond-parish-church/from/2021-07-27/to/2021-09-07/sort/date/direction/desc/resource/4187/title/food-for-the-fearful,https://www.printandaudio.org.uk/app/explore/resources/type/sermons/church/jesmond-parish-church/from/2021-07-27/to/2021-09-07/sort/date/direction/desc/resource/4187/title/food-for-the-fearful
7998,YT3636Sermon29.08.21,transcript_link,https://www.printandaudio.org.uk/app/explore/resources/type/sermons/church/jesmond-parish-church/from/2021-07-27/to/2021-09-07/sort/date/direction/desc/resource/4188/title/deliver-me-from-my-enemies,https://www.printandaudio.org.uk/app/explore/resources/type/sermons/church/jesmond-parish-church/from/2021-07-27/to/2021-09-07/sort/date/direction/desc/resource/4188/title/deliver-me-from-my-enemies
8003,YT3653Sermon05.09.21,transcript_link,https://www.printandaudio.org.uk/app/explore/resources/type/sermons/church/jesmond-parish-church/from/2021-08-24/to/2021-10-05/sort/date/direction/desc/resource/4191/title/finding-hope-in-hard-times,https://www.printandaudio.org.uk/app/explore/resources/type/sermons/church/jesmond-parish-church/from/2021-08-24/to/2021-10-05/sort/date/direction/desc/resource/4191/title/finding-hope-in-hard-times
8004,YT3652SermonAM5.9.21,transcript_link,https://www.printandaudio.org.uk/app/explore/resources/type/sermons/church/jesmond-parish-church/from/2021-08-24/to/2021-10-05/sort/date/direction/desc/resource/4190/title/loving-god-in-a-time-of-change,https://www.printandaudio.org.uk/app/explore/resources/type/sermons/church/jesmond-parish-church/from/2021-08-24/to/2021-10-05/sort/date/direction/desc/resource/4190/title/loving-god-in-a-time-of-change
8019,YT3659SermonAM12.09.21,transcript_link,https://www.printandaudio.org.uk/app/explore/resources/type/sermons/church/jesmond-parish-church/from/2021-08-24/to/2021-10-05/sort/date/direction/desc/resource/4193/title/success-comes-from-god,https://www.printandaudio.org.uk/app/explore/resources/type/sermons/church/jesmond-parish-church/from/2021-08-24/to/2021-10-05/sort/date/direction/desc/resource/4193/title/success-comes-from-god
8020,YT3660Sermon12.09.21,transcript_link,https://www.printandaudio.org.uk/app/explore/resources/type/sermons/church/jesmond-parish-church/from/2021-08-24/to/2021-10-05/sort/date/direction/desc/resource/4192/title/the-rock-that-is-higher-than-i,https://www.printandaudio.org.uk/app/explore/resources/type/sermons/church/jesmond-parish-church/from/2021-08-24/to/2021-10-05/sort/date/direction/desc/resource/4192/title/the-rock-that-is-higher-than-i
8034,YT3667SermonPM19.9.21  ,transcript_link,https://www.printandaudio.org.uk/app/explore/resources/type/sermons/church/jesmond-parish-church/from/2021-08-24/to/2021-10-05/sort/date/direction/desc/resource/4194/title/be-holy,https://www.printandaudio.org.uk/app/explore/resources/type/sermons/church/jesmond-parish-church/from/2021-08-24/to/2021-10-05/sort/date/direction/desc/resource/4194/title/be-holy
8039,YT3673SermonAM26.9.21,transcript_link,https://www.printandaudio.org.uk/app/explore/resources/type/sermons/church/jesmond-parish-church/from/2021-08-24/to/2021-10-05/sort/date/direction/desc/resource/4196/title/the-making-of-disciples,https://www.printandaudio.org.uk/app/explore/resources/type/sermons/church/jesmond-parish-church/from/2021-08-24/to/2021-10-05/sort/date/direction/desc/resource/4196/title/the-making-of-disciples
8040,YT3674SermonPM26.9.21,transcript_link,https://www.printandaudio.org.uk/app/explore/resources/type/sermons/church/jesmond-parish-church/from/2021-08-24/to/2021-10-05/sort/date/direction/desc/resource/4195/title/is-it-worth-it,https://www.printandaudio.org.uk/app/explore/resources/type/sermons/church/jesmond-parish-church/from/2021-08-24/to/2021-10-05/sort/date/direction/desc/resource/4195/title/is-it-worth-it
8049,YT3680SermonAM03.10.21,transcript_link,https://www.printandaudio.org.uk/app/explore/resources/type/sermons/church/jesmond-parish-church/from/2021-09-21/to/2021-11-02/sort/date/direction/desc/resource/4200/title/what-are-you-working-for,https://www.printandaudio.org.uk/app/explore/resources/type/sermons/church/jesmond-parish-church/from/2021-09-21/to/2021-11-02/sort/date/direction/desc/resource/4200/title/what-are-you-working-for
8050,YT3681SermonPM3.10.21,transcript_link,https://www.printandaudio.org.uk/app/explore/resources/type/sermons/church/jesmond-parish-church/from/2021-09-21/to/2021-11-02/sort/date/direction/desc/resource/4197/title/three-revelations,https://www.printandaudio.org.uk/app/explore/resources/type/sermons/church/jesmond-parish-church/from/2021-09-21/to/2021-11-02/sort/date/direction/desc/resource/4197/title/three-revelations
8082,YT3684MasterJPCLIVEAM10.10.21,transcript_link,https://www.printandaudio.org.uk/app/explore/resources/type/sermons/church/jesmond-parish-church/from/2021-09-21/to/2021-11-02/sort/date/direction/desc/resource/4198/title/can-life-have-meaning-without-god,https://www.printandaudio.org.uk/app/explore/resources/type/sermons/church/jesmond-parish-church/from/2021-09-21/to/2021-11-02/sort/date/direction/desc/resource/4198/title/can-life-have-meaning-without-god
8083,YT3688SermonPM10.10.21,transcript_link,https://www.printandaudio.org.uk/app/explore/resources/type/sermons/church/jesmond-parish-church/from/2021-09-21/to/2021-11-02/sort/date/direction/desc/resource/4199/title/irrelevant-intolerant-and-out-of-date,https://www.printandaudio.org.uk/app/explore/resources/type/sermons/church/jesmond-parish-church/from/2021-09-21/to/2021-11-02/sort/date/direction/desc/resource/4199/title/irrelevant-intolerant-and-out-of-date
8126,YT3731SermonPM17.10.21,transcript_link,https://www.printandaudio.org.uk/app/explore/resources/type/sermons/church/jesmond-parish-church/from/2021-09-21/to/2021-11-02/sort/date/direction/desc/resource/4201/title/lessons-for-serving,https://www.printandaudio.org.uk/app/explore/resources/type/sermons/church/jesmond-parish-church/from/2021-09-21/to/2021-11-02/sort/date/direction/desc/resource/4201/title/lessons-for-serving
8141,YT3738SermonAM24.10.21,transcript_link,https://www.printandaudio.org.uk/app/explore/resources/type/sermons/church/jesmond-parish-church/from/2021-09-21/to/2021-11-02/sort/date/direction/desc/resource/4207/title/a-passion-for-life,https://www.printandaudio.org.uk/app/explore/resources/type/sermons/church/jesmond-parish-church/from/2021-09-21/to/2021-11-02/sort/date/direction/desc/resource/4207/title/a-passion-for-life
8142,YT3739SermonPM24.10.21,transcript_link,https://www.printandaudio.org.uk/app/explore/resources/type/sermons/church/jesmond-parish-church/from/2021-09-21/to/2021-11-02/sort/date/direction/desc/resource/4208/title/true-greatness,https://www.printandaudio.org.uk/app/explore/resources/type/sermons/church/jesmond-parish-church/from/2021-09-21/to/2021-11-02/sort/date/direction/desc/resource/4208/title/true-greatness
8148,YT3745SermonAM31.10.21,transcript_link,https://www.printandaudio.org.uk/app/explore/resources/type/sermons/church/jesmond-parish-church/from/2021-09-21/to/2021-11-02/sort/date/direction/desc/resource/4209/title/will-faith-keep-going,https://www.printandaudio.org.uk/app/explore/resources/type/sermons/church/jesmond-parish-church/from/2021-09-21/to/2021-11-02/sort/date/direction/desc/resource/4209/title/will-faith-keep-going
8149,YT3746SermonPM31.10.21,transcript_link,https://www.printandaudio.org.uk/app/explore/resources/type/sermons/church/jesmond-parish-church/from/2021-09-21/to/2021-11-02/sort/date/direction/desc/resource/4210/title/beware,https://www.printandaudio.org.uk/app/explore/resources/type/sermons/church/jesmond-parish-church/from/2021-09-21/to/2021-11-02/sort/date/direction/desc/resource/4210/title/beware
8168,YT3752SermonAM7.11.21,transcript_link,https://www.printandaudio.org.uk/app/explore/resources/type/sermons/church/jesmond-parish-church/from/2021-10-20/to/2021-12-01/sort/date/direction/desc/resource/4220/title/what-is-gods-will-for-my-life,https://www.printandaudio.org.uk/app/explore/resources/type/sermons/church/jesmond-parish-church/from/2021-10-20/to/2021-12-01/sort/date/direction/desc/resource/4220/title/what-is-gods-will-for-my-life
8169,YT3753SermonPM7.11.21,transcript_link,https://www.printandaudio.org.uk/app/explore/resources/type/sermons/church/jesmond-parish-church/from/2021-10-20/to/2021-12-01/sort/date/direction/desc/resource/4212/title/marriage-divorce-and-remarriage,https://www.printandaudio.org.uk/app/explore/resources/type/sermons/church/jesmond-parish-church/from/2021-10-20/to/2021-12-01/sort/date/direction/desc/resource/4212/title/marriage-divorce-and-remarriage
8186,YT3761SermonAM14.11.21,transcript_link,https://www.printandaudio.org.uk/app/explore/resources/type/sermons/church/jesmond-parish-church/from/2021-10-20/to/2021-12-01/sort/date/direction/desc/resource/4211/title/always-with-the-lord,https://www.printandaudio.org.uk/app/explore/resources/type/sermons/church/jesmond-parish-church/from/2021-10-20/to/2021-12-01/sort/date/direction/desc/resource/4211/title/always-with-the-lord
8189,YT3762SermonPM14.11.21,transcript_link,https://www.printandaudio.org.uk/app/explore/resources/type/sermons/church/jesmond-parish-church/from/2021-10-20/to/2021-12-01/sort/date/direction/desc/resource/4221/title/what-it-means-to-have-jesus-as-king,https://www.printandaudio.org.uk/app/explore/resources/type/sermons/church/jesmond-parish-church/from/2021-10-20/to/2021-12-01/sort/date/direction/desc/resource/4221/title/what-it-means-to-have-jesus-as-king
8204,YT3769SermonPM21.11.21,transcript_link,https://www.printandaudio.org.uk/app/explore/resources/type/sermons/church/jesmond-parish-church/from/2021-10-20/to/2021-12-01/sort/date/direction/desc/resource/4224/title/the-king-who-came-to-serve,https://www.printandaudio.org.uk/app/explore/resources/type/sermons/church/jesmond-parish-church/from/2021-10-20/to/2021-12-01/sort/date/direction/desc/resource/4224/title/the-king-who-came-to-serve
8218,YT3806SermonPM28.11.21,transcript_link,https://www.printandaudio.org.uk/app/explore/resources/type/sermons/church/jesmond-parish-church/from/2021-10-20/to/2021-12-01/sort/date/direction/desc/resource/4226/title/a-suffering,https://www.printandaudio.org.uk/app/explore/resources/type/sermons/church/jesmond-parish-church/from/2021-10-20/to/2021-12-01/sort/date/direction/desc/resource/4226/title/a-suffering
8219,YT3805SermonAM28.11.21,transcript_link,https://www.printandaudio.org.uk/app/explore/resources/type/sermons/church/jesmond-parish-church/from/2021-10-20/to/2021-12-01/sort/date/direction/desc/resource/4225/title/the-key-to-life,https://www.printandaudio.org.uk/app/explore/resources/type/sermons/church/jesmond-parish-church/from/2021-10-20/to/2021-12-01/sort/date/direction/desc/resource/4225/title/the-key-to-life
8223,YT3810SermonAM5.12.21,transcript_link,https://www.printandaudio.org.uk/app/explore/resources/type/sermons/church/jesmond-parish-church/from/2021-11-24/to/2022-01-05/sort/date/direction/desc/resource/4228/title/what-keeps-a-church-going,https://www.printandaudio.org.uk/app/explore/resources/type/sermons/church/jesmond-parish-church/from/2021-11-24/to/2022-01-05/sort/date/direction/desc/resource/4228/title/what-keeps-a-church-going
8231,YT3813SermonAM12.12.21,transcript_link,https://www.printandaudio.org.uk/app/explore/resources/type/sermons/church/jesmond-parish-church/from/2021-11-24/to/2022-01-05/sort/date/direction/desc/resource/4233/title/good-news-for-everyone,https://www.printandaudio.org.uk/app/explore/resources/type/sermons/church/jesmond-parish-church/from/2021-11-24/to/2022-01-05/sort/date/direction/desc/resource/4233/title/good-news-for-everyone
8237,YT3834Sermon19.12.21,transcript_link,https://www.printandaudio.org.uk/app/explore/resources/type/sermons/church/jesmond-parish-church/from/2021-11-24/to/2022-01-05/sort/date/direction/desc/resource/4235/title/god-with-us,https://www.printandaudio.org.uk/app/explore/resources/type/sermons/church/jesmond-parish-church/from/2021-11-24/to/2022-01-05/sort/date/direction/desc/resource/4235/title/god-with-us
8250,YT3847SermonAM02.01.22,transcript_link,https://www.printandaudio.org.uk/app/explore/resources/type/sermons/church/jesmond-parish-church/from/2021-12-21/to/2022-02-01/sort/date/direction/desc/resource/4240/title/magi-kings-and-ancient-prophecies,https://www.printandaudio.org.uk/app/explore/resources/type/sermons/church/jesmond-parish-church/from/2021-12-21/to/2022-02-01/sort/date/direction/desc/resource/4240/title/magi-kings-and-ancient-prophecies
8260,YT3854SermonAM09.01.22,transcript_link,https://www.printandaudio.org.uk/app/explore/resources/type/sermons/church/jesmond-parish-church/from/2021-12-21/to/2022-02-01/sort/date/direction/desc/resource/4245/title/the-ten-commandments,https://www.printandaudio.org.uk/app/explore/resources/type/sermons/church/jesmond-parish-church/from/2021-12-21/to/2022-02-01/sort/date/direction/desc/resource/4245/title/the-ten-commandments
8261,YT3855SermonPM09.01.22,transcript_link,https://www.printandaudio.org.uk/app/explore/resources/type/sermons/church/jesmond-parish-church/from/2021-12-21/to/2022-02-01/sort/date/direction/desc/resource/4246/title/what-is-true-blessing,https://www.printandaudio.org.uk/app/explore/resources/type/sermons/church/jesmond-parish-church/from/2021-12-21/to/2022-02-01/sort/date/direction/desc/resource/4246/title/what-is-true-blessing
8273,YT3861SermonPM16.01.22,transcript_link,https://www.printandaudio.org.uk/app/explore/resources/type/sermons/church/jesmond-parish-church/from/2021-12-21/to/2022-02-01/sort/date/direction/desc/resource/4257/title/discovering-the-faithfulness-of-god,https://www.printandaudio.org.uk/app/explore/resources/type/sermons/church/jesmond-parish-church/from/2021-12-21/to/2022-02-01/sort/date/direction/desc/resource/4257/title/discovering-the-faithfulness-of-god
8278,YT3860SermonAM16.01.22,transcript_link,https://www.printandaudio.org.uk/app/explore/resources/type/sermons/church/jesmond-parish-church/from/2021-12-21/to/2022-02-01/sort/date/direction/desc/resource/4256/title/the-first-commandment,https://www.printandaudio.org.uk/app/explore/resources/type/sermons/church/jesmond-parish-church/from/2021-12-21/to/2022-02-01/sort/date/direction/desc/resource/4256/title/the-first-commandment
8284,YT3872SermonPM23.01.22,transcript_link,https://www.printandaudio.org.uk/app/explore/resources/type/sermons/church/jesmond-parish-church/from/2021-12-21/to/2022-02-01/sort/date/direction/desc/resource/4278/title/where-is-our-security,https://www.printandaudio.org.uk/app/explore/resources/type/sermons/church/jesmond-parish-church/from/2021-12-21/to/2022-02-01/sort/date/direction/desc/resource/4278/title/where-is-our-security
8298,YT3879SermonAM30.01.22,transcript_link,https://www.printandaudio.org.uk/app/explore/resources/type/sermons/church/jesmond-parish-church/from/2021-12-21/to/2022-02-01/sort/date/direction/desc/resource/4277/title/the-name-of-the-lord-deserves-our-highest-honour,https://www.printandaudio.org.uk/app/explore/resources/type/sermons/church/jesmond-parish-church/from/2021-12-21/to/2022-02-01/sort/date/direction/desc/resource/4277/title/the-name-of-the-lord-deserves-our-highest-honour
8299,YT3880SermonPM30.01.22,transcript_link,https://www.printandaudio.org.uk/app/explore/resources/type/sermons/church/jesmond-parish-church/from/2022-01-19/to/2022-03-02/sort/date/direction/desc/resource/4278/title/living-by-faith-in-god,https://www.printandaudio.org.uk/app/explore/resources/type/sermons/church/jesmond-parish-church/from/2022-01-19/to/2022-03-02/sort/date/direction/desc/resource/4278/title/living-by-faith-in-god
8356,YT3888SermonPM06.02.22,transcript_link,https://www.printandaudio.org.uk/app/explore/resources/type/sermons/church/jesmond-parish-church/from/2022-01-19/to/2022-03-02/sort/date/direction/desc/resource/4282/title/from-the-resurrection-to-the-collection,https://www.printandaudio.org.uk/app/explore/resources/type/sermons/church/jesmond-parish-church/from/2022-01-19/to/2022-03-02/sort/date/direction/desc/resource/4282/title/from-the-resurrection-to-the-collection
8367,YT3887SermonAM06.02.22,transcript_link,https://www.printandaudio.org.uk/app/explore/resources/type/sermons/church/jesmond-parish-church/from/2022-01-19/to/2022-03-02/sort/date/direction/desc/resource/4281/title/motivation-for-giving,https://www.printandaudio.org.uk/app/explore/resources/type/sermons/church/jesmond-parish-church/from/2022-01-19/to/2022-03-02/sort/date/direction/desc/resource/4281/title/motivation-for-giving
8477,YT4121SermonAM13.02.22,transcript_link,https://www.printandaudio.org.uk/app/explore/resources/type/sermons/church/jesmond-parish-church/from/2022-01-19/to/2022-03-02/sort/date/direction/desc/resource/4295/title/godly-giving,https://www.printandaudio.org.uk/app/explore/resources/type/sermons/church/jesmond-parish-church/from/2022-01-19/to/2022-03-02/sort/date/direction/desc/resource/4295/title/godly-giving
8478,YT4122SermonPM13.02.22,transcript_link,https://www.printandaudio.org.uk/app/explore/resources/type/sermons/church/jesmond-parish-church/from/2022-01-19/to/2022-03-02/sort/date/direction/desc/resource/4296/title/the-prosperity-gospel-a-problem-or-a-blessing,https://www.printandaudio.org.uk/app/explore/resources/type/sermons/church/jesmond-parish-church/from/2022-01-19/to/2022-03-02/sort/date/direction/desc/resource/4296/title/the-prosperity-gospel-a-problem-or-a-blessing
8484,YT4128SermonAM20.02.22,transcript_link,https://www.printandaudio.org.uk/app/explore/resources/type/sermons/church/jesmond-parish-church/from/2022-01-19/to/2022-03-02/sort/date/direction/desc/resource/4303/title/observe-the-sabbath,https://www.printandaudio.org.uk/app/explore/resources/type/sermons/church/jesmond-parish-church/from/2022-01-19/to/2022-03-02/sort/date/direction/desc/resource/4303/title/observe-the-sabbath
8489,YT4129SermonPM20.02.22,transcript_link,https://www.printandaudio.org.uk/app/explore/resources/type/sermons/church/jesmond-parish-church/from/2022-01-19/to/2022-03-02/sort/date/direction/desc/resource/4304/title/forget-it-god-ill-do-it-myself,https://www.printandaudio.org.uk/app/explore/resources/type/sermons/church/jesmond-parish-church/from/2022-01-19/to/2022-03-02/sort/date/direction/desc/resource/4304/title/forget-it-god-ill-do-it-myself
8564,YT4143SermonPM06.03.22,transcript_link,https://www.printandaudio.org.uk/app/explore/resources/type/sermons/church/jesmond-parish-church/from/2022-02-21/to/2022-04-04/sort/date/direction/desc/resource/4319/title/confirmed-in-love,https://www.printandaudio.org.uk/app/explore/resources/type/sermons/church/jesmond-parish-church/from/2022-02-21/to/2022-04-04/sort/date/direction/desc/resource/4319/title/confirmed-in-love
8576,YT4149SermonAM13.03.22,transcript_link,https://www.printandaudio.org.uk/app/explore/resources/type/sermons/church/jesmond-parish-church/from/2022-02-21/to/2022-04-04/sort/date/direction/desc/resource/4332/title/an-affair-of-the-heart,https://www.printandaudio.org.uk/app/explore/resources/type/sermons/church/jesmond-parish-church/from/2022-02-21/to/2022-04-04/sort/date/direction/desc/resource/4332/title/an-affair-of-the-heart
8577,YT4150SermonPM13.03.22,transcript_link,https://www.printandaudio.org.uk/app/explore/resources/type/sermons/church/jesmond-parish-church/from/2022-02-21/to/2022-04-04/sort/date/direction/desc/resource/4329/title/the-sealing-of-gods-promise-of-salvation,https://www.printandaudio.org.uk/app/explore/resources/type/sermons/church/jesmond-parish-church/from/2022-02-21/to/2022-04-04/sort/date/direction/desc/resource/4329/title/the-sealing-of-gods-promise-of-salvation
8594,YT4163SermonPM20.03.22,transcript_link,https://www.printandaudio.org.uk/app/explore/resources/type/sermons/church/jesmond-parish-church/from/2022-02-21/to/2022-04-04/sort/date/direction/desc/resource/4339/title/unforgiving-or-merciful-god,https://www.printandaudio.org.uk/app/explore/resources/type/sermons/church/jesmond-parish-church/from/2022-02-21/to/2022-04-04/sort/date/direction/desc/resource/4339/title/unforgiving-or-merciful-god
8603,YT4169SermonAM27.03.22,transcript_link,https://www.printandaudio.org.uk/app/explore/resources/type/sermons/church/jesmond-parish-church/from/2022-03-22/to/2022-05-03/sort/date/direction/desc/resource/4348/title/live-not-by-lies,https://www.printandaudio.org.uk/app/explore/resources/type/sermons/church/jesmond-parish-church/from/2022-03-22/to/2022-05-03/sort/date/direction/desc/resource/4348/title/live-not-by-lies
8604,YT4170SermonPM27.03.22,transcript_link,https://www.printandaudio.org.uk/app/explore/resources/type/sermons/church/jesmond-parish-church/from/2022-03-22/to/2022-05-03/sort/date/direction/desc/resource/4347/title/a-meal-with-god,https://www.printandaudio.org.uk/app/explore/resources/type/sermons/church/jesmond-parish-church/from/2022-03-22/to/2022-05-03/sort/date/direction/desc/resource/4347/title/a-meal-with-god
8612,YT4177SermonAM03.04.22,transcript_link,https://www.printandaudio.org.uk/app/explore/resources/type/sermons/church/jesmond-parish-church/from/2022-03-22/to/2022-05-03/sort/date/direction/desc/resource/4349/title/whose-desire-rules,https://www.printandaudio.org.uk/app/explore/resources/type/sermons/church/jesmond-parish-church/from/2022-03-22/to/2022-05-03/sort/date/direction/desc/resource/4349/title/whose-desire-rules
8613,YT4178SermonPM03.04.22,transcript_link,https://www.printandaudio.org.uk/app/explore/resources/type/sermons/church/jesmond-parish-church/from/2022-03-22/to/2022-05-03/sort/date/direction/desc/resource/4350/title/living-for-a-crucified-lord,https://www.printandaudio.org.uk/app/explore/resources/type/sermons/church/jesmond-parish-church/from/2022-03-22/to/2022-05-03/sort/date/direction/desc/resource/4350/title/living-for-a-crucified-lord
8622,YT4184SermonAM10.04.22,transcript_link,https://www.printandaudio.org.uk/app/explore/resources/type/sermons/church/jesmond-parish-church/from/2022-03-22/to/2022-05-03/sort/date/direction/desc/resource/4351/title/jesus-enters-jerusalem,https://www.printandaudio.org.uk/app/explore/resources/type/sermons/church/jesmond-parish-church/from/2022-03-22/to/2022-05-03/sort/date/direction/desc/resource/4351/title/jesus-enters-jerusalem
8623,YT4185SermonPM10.04.22,transcript_link,https://www.printandaudio.org.uk/app/explore/resources/type/sermons/church/jesmond-parish-church/from/2022-03-22/to/2022-05-03/sort/date/direction/desc/resource/4352/title/the-choice-that-jesus-made,https://www.printandaudio.org.uk/app/explore/resources/type/sermons/church/jesmond-parish-church/from/2022-03-22/to/2022-05-03/sort/date/direction/desc/resource/4352/title/the-choice-that-jesus-made
8646,YT4193SermonAM17.04.22,transcript_link,https://www.printandaudio.org.uk/app/explore/resources/type/sermons/church/jesmond-parish-church/from/2022-03-22/to/2022-05-03/sort/date/direction/desc/resource/4353/title/easter-day-according-to-mark,https://www.printandaudio.org.uk/app/explore/resources/type/sermons/church/jesmond-parish-church/from/2022-03-22/to/2022-05-03/sort/date/direction/desc/resource/4353/title/easter-day-according-to-mark
8652,YT4194SermonPM17.04.22,transcript_link,https://www.printandaudio.org.uk/app/explore/resources/type/sermons/church/jesmond-parish-church/from/2022-03-22/to/2022-05-03/sort/date/direction/desc/resource/4354/title/the-unified-story,https://www.printandaudio.org.uk/app/explore/resources/type/sermons/church/jesmond-parish-church/from/2022-03-22/to/2022-05-03/sort/date/direction/desc/resource/4354/title/the-unified-story
8657,YT4223SermonAM24.04.22,transcript_link,https://www.printandaudio.org.uk/app/explore/resources/type/sermons/church/jesmond-parish-church/from/2022-03-22/to/2022-05-03/sort/date/direction/desc/resource/4356/title/introducing-jesus,https://www.printandaudio.org.uk/app/explore/resources/type/sermons/church/jesmond-parish-church/from/2022-03-22/to/2022-05-03/sort/date/direction/desc/resource/4356/title/introducing-jesus
8671,YT4231SermonPM01.05.22,transcript_link,https://www.printandaudio.org.uk/app/explore/resources/type/sermons/church/jesmond-parish-church/from/2022-04-26/to/2022-06-07/sort/date/direction/desc/resource/4358/title/advancing-the-gospel,https://www.printandaudio.org.uk/app/explore/resources/type/sermons/church/jesmond-parish-church/from/2022-04-26/to/2022-06-07/sort/date/direction/desc/resource/4358/title/advancing-the-gospel
8675,YT4230SermonAM01.05.22,transcript_link,https://www.printandaudio.org.uk/app/explore/resources/type/sermons/church/jesmond-parish-church/from/2022-04-26/to/2022-06-07/sort/date/direction/desc/resource/4359/title/who-is-jesus-whats-your-verdicthttps://www.printandaudio.org.uk/app/explore/resources/type/sermons/church/jesmond-parish-church/from/2022-04-26/to/2022-06-07/sort/date/direction/desc/resource/4359/title/who-is-jesus-whats-your-verdict,https://www.printandaudio.org.uk/app/explore/resources/type/sermons/church/jesmond-parish-church/from/2022-04-26/to/2022-06-07/sort/date/direction/desc/resource/4359/title/who-is-jesus-whats-your-verdicthttps://www.printandaudio.org.uk/app/explore/resources/type/sermons/church/jesmond-parish-church/from/2022-04-26/to/2022-06-07/sort/date/direction/desc/resource/4359/title/who-is-jesus-whats-your-verdict
8692,YT4238SermonPM08.05.22,transcript_link,https://www.printandaudio.org.uk/app/explore/resources/type/sermons/church/jesmond-parish-church/from/2022-04-26/to/2022-06-07/sort/date/direction/desc/resource/4360/title/the-reason-to-live-christ-or-self,https://www.printandaudio.org.uk/app/explore/resources/type/sermons/church/jesmond-parish-church/from/2022-04-26/to/2022-06-07/sort/date/direction/desc/resource/4360/title/the-reason-to-live-christ-or-self
8705,YT4251SermonAM22.05.22,transcript_link,https://www.printandaudio.org.uk/app/explore/resources/type/sermons/church/jesmond-parish-church/from/2022-04-26/to/2022-06-07/sort/date/direction/desc/resource/4363/title/wholehearted-worship,https://www.printandaudio.org.uk/app/explore/resources/type/sermons/church/jesmond-parish-church/from/2022-04-26/to/2022-06-07/sort/date/direction/desc/resource/4363/title/wholehearted-worship
8706,YT4252SermonPM22.05.22,transcript_link,https://www.printandaudio.org.uk/app/explore/resources/type/sermons/church/jesmond-parish-church/from/2022-04-26/to/2022-06-07/sort/date/direction/desc/resource/4364/title/hold-fast-to-the-word-of-life,https://www.printandaudio.org.uk/app/explore/resources/type/sermons/church/jesmond-parish-church/from/2022-04-26/to/2022-06-07/sort/date/direction/desc/resource/4364/title/hold-fast-to-the-word-of-life
8713,YT4258SermonAM29.05.22,transcript_link,https://www.printandaudio.org.uk/app/explore/resources/type/sermons/church/jesmond-parish-church/from/2022-04-26/to/2022-06-07/sort/date/direction/desc/resource/4365/title/ruin-regeneration-and-redemption,https://www.printandaudio.org.uk/app/explore/resources/type/sermons/church/jesmond-parish-church/from/2022-04-26/to/2022-06-07/sort/date/direction/desc/resource/4365/title/ruin-regeneration-and-redemption
8714,YT4259SermonPM29.05.22,transcript_link,https://www.printandaudio.org.uk/app/explore/resources/type/sermons/church/jesmond-parish-church/from/2022-04-26/to/2022-06-07/sort/date/direction/desc/resource/4366/title/shine-like-stars,https://www.printandaudio.org.uk/app/explore/resources/type/sermons/church/jesmond-parish-church/from/2022-04-26/to/2022-06-07/sort/date/direction/desc/resource/4366/title/shine-like-stars
8769,YT4266SermonPM05.06.22,transcript_link,https://www.printandaudio.org.uk/app/explore/resources/type/sermons/church/jesmond-parish-church/from/2022-05-24/to/2022-07-05/sort/date/direction/desc/resource/4367/title/rejoice-in-the-lord,https://www.printandaudio.org.uk/app/explore/resources/type/sermons/church/jesmond-parish-church/from/2022-05-24/to/2022-07-05/sort/date/direction/desc/resource/4367/title/rejoice-in-the-lord
8780,YT4327SermonAM12.06.22,transcript_link,https://www.printandaudio.org.uk/app/explore/resources/type/sermons/church/jesmond-parish-church/from/2022-05-24/to/2022-07-05/sort/date/direction/desc/resource/4368/title/why-did-god-give-his-only-son,https://www.printandaudio.org.uk/app/explore/resources/type/sermons/church/jesmond-parish-church/from/2022-05-24/to/2022-07-05/sort/date/direction/desc/resource/4368/title/why-did-god-give-his-only-son
8788,YT4335SermonPM19.06.22,transcript_link,https://www.printandaudio.org.uk/app/explore/resources/type/sermons/church/jesmond-parish-church/from/2022-05-24/to/2022-07-05/sort/date/direction/desc/resource/4370/title/how-to-carry-on-in-faith,https://www.printandaudio.org.uk/app/explore/resources/type/sermons/church/jesmond-parish-church/from/2022-05-24/to/2022-07-05/sort/date/direction/desc/resource/4370/title/how-to-carry-on-in-faith
8789,YT4334SermonAM19.06.22,transcript_link,https://www.printandaudio.org.uk/app/explore/resources/type/sermons/church/jesmond-parish-church/from/2022-05-24/to/2022-07-05/sort/date/direction/desc/resource/4369/title/does-religion-poison-everything,https://www.printandaudio.org.uk/app/explore/resources/type/sermons/church/jesmond-parish-church/from/2022-05-24/to/2022-07-05/sort/date/direction/desc/resource/4369/title/does-religion-poison-everything
8795,YT4341SermonAM26.06.22,transcript_link,https://www.printandaudio.org.uk/app/explore/resources/type/sermons/church/jesmond-parish-church/from/2022-05-24/to/2022-07-05/sort/date/direction/desc/resource/4372/title/the-gift-of-god,https://www.printandaudio.org.uk/app/explore/resources/type/sermons/church/jesmond-parish-church/from/2022-05-24/to/2022-07-05/sort/date/direction/desc/resource/4372/title/the-gift-of-god
8796,YT4342SermonPM26.06.22,transcript_link,https://www.printandaudio.org.uk/app/explore/resources/type/sermons/church/jesmond-parish-church/from/2022-05-24/to/2022-07-05/sort/date/direction/desc/resource/4371/title/giving-and-receiving,https://www.printandaudio.org.uk/app/explore/resources/type/sermons/church/jesmond-parish-church/from/2022-05-24/to/2022-07-05/sort/date/direction/desc/resource/4371/title/giving-and-receiving
8802,YT4349SermonPM03.07.22,transcript_link,https://www.printandaudio.org.uk/app/explore/resources/type/sermons/church/jesmond-parish-church/from/2022-06-16/to/2022-07-28/sort/date/direction/desc/resource/4373/title/contending-for-truth,https://www.printandaudio.org.uk/app/explore/resources/type/sermons/church/jesmond-parish-church/from/2022-06-16/to/2022-07-28/sort/date/direction/desc/resource/4373/title/contending-for-truth
8815,YT4355SermonAM10.07.22,transcript_link,https://www.printandaudio.org.uk/app/explore/resources/type/sermons/church/jesmond-parish-church/from/2022-06-16/to/2022-07-28/sort/date/direction/desc/resource/4374/title/friendship,https://www.printandaudio.org.uk/app/explore/resources/type/sermons/church/jesmond-parish-church/from/2022-06-16/to/2022-07-28/sort/date/direction/desc/resource/4374/title/friendship
8841,YT4369SermonAM24.07.22,transcript_link,https://www.printandaudio.org.uk/app/explore/resources/type/sermons/church/jesmond-parish-church/from/2022-07-21/to/2022-09-01/sort/date/direction/desc/resource/4380/title/marriage,https://www.printandaudio.org.uk/app/explore/resources/type/sermons/church/jesmond-parish-church/from/2022-07-21/to/2022-09-01/sort/date/direction/desc/resource/4380/title/marriage
8842,YT4370SermonPM24.07.22,transcript_link,https://www.printandaudio.org.uk/app/explore/resources/type/sermons/church/jesmond-parish-church/from/2022-07-05/to/2022-08-16/sort/date/direction/desc/resource/4381/title/the-situation-the-solution-and-the-saviour,https://www.printandaudio.org.uk/app/explore/resources/type/sermons/church/jesmond-parish-church/from/2022-07-05/to/2022-08-16/sort/date/direction/desc/resource/4381/title/the-situation-the-solution-and-the-saviour
8843,YT4363SermonPM17.07.22,transcript_link,https://www.printandaudio.org.uk/app/explore/resources/type/sermons/church/jesmond-parish-church/from/2022-06-16/to/2022-07-28/sort/date/direction/desc/resource/4375/title/how-not-to-be-knocked-off-course,https://www.printandaudio.org.uk/app/explore/resources/type/sermons/church/jesmond-parish-church/from/2022-06-16/to/2022-07-28/sort/date/direction/desc/resource/4375/title/how-not-to-be-knocked-off-course
8852,YT4377SermonPM31.07.22,transcript_link,https://www.printandaudio.org.uk/app/explore/resources/type/sermons/church/jesmond-parish-church/from/2022-07-05/to/2022-08-16/sort/date/direction/desc/resource/4376/title/expressions-of-confidence,https://www.printandaudio.org.uk/app/explore/resources/type/sermons/church/jesmond-parish-church/from/2022-07-05/to/2022-08-16/sort/date/direction/desc/resource/4376/title/expressions-of-confidence
8856,YT4379SermonAM07.08.22,transcript_link,https://www.printandaudio.org.uk/app/explore/resources/type/sermons/church/jesmond-parish-church/from/2022-07-05/to/2022-08-16/sort/date/direction/desc/resource/4378/title/gods-love,https://www.printandaudio.org.uk/app/explore/resources/type/sermons/church/jesmond-parish-church/from/2022-07-05/to/2022-08-16/sort/date/direction/desc/resource/4378/title/gods-love
8857,YT4380SermonPM07.08.22,transcript_link,https://www.printandaudio.org.uk/app/explore/resources/type/sermons/church/jesmond-parish-church/from/2022-07-05/to/2022-08-16/sort/date/direction/desc/resource/4379/title/practicing-the-dynamics-of-spiritual-resilience,https://www.printandaudio.org.uk/app/explore/resources/type/sermons/church/jesmond-parish-church/from/2022-07-05/to/2022-08-16/sort/date/direction/desc/resource/4379/title/practicing-the-dynamics-of-spiritual-resilience
8882,YT4391SermonPM14.08.22,transcript_link,https://www.printandaudio.org.uk/app/explore/resources/type/sermons/church/jesmond-parish-church/from/2022-07-21/to/2022-09-01/sort/date/direction/desc/resource/4382/title/how-fear-can-turn-to-joy,https://www.printandaudio.org.uk/app/explore/resources/type/sermons/church/jesmond-parish-church/from/2022-07-21/to/2022-09-01/sort/date/direction/desc/resource/4382/title/how-fear-can-turn-to-joy
8883,YT4390SermonAM14.09.22,transcript_link,https://www.printandaudio.org.uk/app/explore/resources/type/sermons/church/jesmond-parish-church/from/2022-07-21/to/2022-09-01/sort/date/direction/desc/resource/4383/title/how-to-refocus-on-god,https://www.printandaudio.org.uk/app/explore/resources/type/sermons/church/jesmond-parish-church/from/2022-07-21/to/2022-09-01/sort/date/direction/desc/resource/4383/title/how-to-refocus-on-god
8889,YT4397SermonAM21.08.22,transcript_link,https://www.printandaudio.org.uk/app/explore/resources/type/sermons/church/jesmond-parish-church/from/2022-07-21/to/2022-09-01/sort/date/direction/desc/resource/4384/title/do-not-be-faithless,https://www.printandaudio.org.uk/app/explore/resources/type/sermons/church/jesmond-parish-church/from/2022-07-21/to/2022-09-01/sort/date/direction/desc/resource/4384/title/do-not-be-faithless
8891,YT4398SermonPM21.08.22,transcript_link,https://www.printandaudio.org.uk/app/explore/resources/type/sermons/church/jesmond-parish-church/from/2022-07-21/to/2022-09-01/sort/date/direction/desc/resource/4385/title/the-god-who-deserves-all-praise,https://www.printandaudio.org.uk/app/explore/resources/type/sermons/church/jesmond-parish-church/from/2022-07-21/to/2022-09-01/sort/date/direction/desc/resource/4385/title/the-god-who-deserves-all-praise
8934,YT4411SermonAM04.08.22,transcript_link,https://www.printandaudio.org.uk/app/explore/resources/type/sermons/church/jesmond-parish-church/from/2022-08-23/to/2022-10-04/sort/date/direction/desc/resource/4386/title/gods-refining-love,https://www.printandaudio.org.uk/app/explore/resources/type/sermons/church/jesmond-parish-church/from/2022-08-23/to/2022-10-04/sort/date/direction/desc/resource/4386/title/gods-refining-love
8951,YT4449SermonAM11.09.22,transcript_link,https://www.printandaudio.org.uk/app/explore/resources/type/sermons/church/jesmond-parish-church/from/2022-08-23/to/2022-10-04/sort/date/direction/desc/resource/4388/title/generous-giving,https://www.printandaudio.org.uk/app/explore/resources/type/sermons/church/jesmond-parish-church/from/2022-08-23/to/2022-10-04/sort/date/direction/desc/resource/4388/title/generous-giving
8952,YT4450SermonPM11.09.22,transcript_link,https://www.printandaudio.org.uk/app/explore/resources/type/sermons/church/jesmond-parish-church/from/2022-08-23/to/2022-10-04/sort/date/direction/desc/resource/4387/title/christian-love-and-life,https://www.printandaudio.org.uk/app/explore/resources/type/sermons/church/jesmond-parish-church/from/2022-08-23/to/2022-10-04/sort/date/direction/desc/resource/4387/title/christian-love-and-life
8959,YT4457SermonPM18.09.22,transcript_link,https://www.printandaudio.org.uk/app/explore/resources/type/sermons/church/jesmond-parish-church/from/2022-08-23/to/2022-10-04/sort/date/direction/desc/resource/4392/title/forgiveness-is-our-greatest-need,https://www.printandaudio.org.uk/app/explore/resources/type/sermons/church/jesmond-parish-church/from/2022-08-23/to/2022-10-04/sort/date/direction/desc/resource/4392/title/forgiveness-is-our-greatest-need
8966,YT4491SermonAM25.09.22,transcript_link,https://www.printandaudio.org.uk/app/explore/resources/type/sermons/church/jesmond-parish-church/from/2022-08-23/to/2022-10-04/sort/date/direction/desc/resource/4393/title/whats-the-profit-of-serving-god,https://www.printandaudio.org.uk/app/explore/resources/type/sermons/church/jesmond-parish-church/from/2022-08-23/to/2022-10-04/sort/date/direction/desc/resource/4393/title/whats-the-profit-of-serving-god
8988,YT4498SermonAM02.10.22,transcript_link,https://www.printandaudio.org.uk/app/explore/resources/type/sermons/church/jesmond-parish-church/from/2022-09-20/to/2022-11-01/sort/date/direction/desc/resource/4394/title/the-only-way-up-is-down,https://www.printandaudio.org.uk/app/explore/resources/type/sermons/church/jesmond-parish-church/from/2022-09-20/to/2022-11-01/sort/date/direction/desc/resource/4394/title/the-only-way-up-is-down
8989,YT4499SermonPM02.10.22,transcript_link,https://www.printandaudio.org.uk/app/explore/resources/type/sermons/church/jesmond-parish-church/from/2022-09-20/to/2022-11-01/sort/date/direction/desc/resource/4396/title/love-like-no-other,https://www.printandaudio.org.uk/app/explore/resources/type/sermons/church/jesmond-parish-church/from/2022-09-20/to/2022-11-01/sort/date/direction/desc/resource/4396/title/love-like-no-other
9005,YT4514SermonAM09.10.22,transcript_link,https://www.printandaudio.org.uk/app/explore/resources/type/sermons/church/jesmond-parish-church/from/2022-09-20/to/2022-11-01/sort/date/direction/desc/resource/4398/title/what-hope-do-we-have,https://www.printandaudio.org.uk/app/explore/resources/type/sermons/church/jesmond-parish-church/from/2022-09-20/to/2022-11-01/sort/date/direction/desc/resource/4398/title/what-hope-do-we-have
9006,YT4515SermonPM09.10.22,transcript_link,https://www.printandaudio.org.uk/app/explore/resources/type/sermons/church/jesmond-parish-church/from/2022-09-20/to/2022-11-01/sort/date/direction/desc/resource/4397/title/life-that-doesnt-end,https://www.printandaudio.org.uk/app/explore/resources/type/sermons/church/jesmond-parish-church/from/2022-09-20/to/2022-11-01/sort/date/direction/desc/resource/4397/title/life-that-doesnt-end
9019,YT4522SermonPM16.10.22,transcript_link,https://www.printandaudio.org.uk/app/explore/resources/type/sermons/church/jesmond-parish-church/from/2022-09-20/to/2022-11-01/sort/date/direction/desc/resource/4399/title/jesus-master-over-mortality,https://www.printandaudio.org.uk/app/explore/resources/type/sermons/church/jesmond-parish-church/from/2022-09-20/to/2022-11-01/sort/date/direction/desc/resource/4399/title/jesus-master-over-mortality
9024,YT4528SermonAM23.10.22,transcript_link,https://www.printandaudio.org.uk/app/explore/resources/type/sermons/church/jesmond-parish-church/from/2022-09-20/to/2022-11-01/sort/date/direction/desc/resource/4400/title/do-not-be-ashamed,https://www.printandaudio.org.uk/app/explore/resources/type/sermons/church/jesmond-parish-church/from/2022-09-20/to/2022-11-01/sort/date/direction/desc/resource/4400/title/do-not-be-ashamed
9025,YT4529SermonPM23.10.22,transcript_link,https://www.printandaudio.org.uk/app/explore/resources/type/sermons/church/jesmond-parish-church/from/2022-09-20/to/2022-11-01/sort/date/direction/desc/resource/4401/title/jesus-is-worthy-of-faith,https://www.printandaudio.org.uk/app/explore/resources/type/sermons/church/jesmond-parish-church/from/2022-09-20/to/2022-11-01/sort/date/direction/desc/resource/4401/title/jesus-is-worthy-of-faith
9033,YT4535SermonAM30.10.22,transcript_link,https://www.printandaudio.org.uk/app/explore/resources/type/sermons/church/jesmond-parish-church/from/2022-09-20/to/2022-11-01/sort/date/direction/desc/resource/4402/title/pass-the-gospel-on,https://www.printandaudio.org.uk/app/explore/resources/type/sermons/church/jesmond-parish-church/from/2022-09-20/to/2022-11-01/sort/date/direction/desc/resource/4402/title/pass-the-gospel-on
9080,YT4546SermonAM06.11.22,transcript_link,https://www.printandaudio.org.uk/app/explore/resources/type/sermons/church/jesmond-parish-church/from/2022-10-25/to/2022-12-06/sort/date/direction/desc/resource/4405/title/mission-sunday,https://www.printandaudio.org.uk/app/explore/resources/type/sermons/church/jesmond-parish-church/from/2022-10-25/to/2022-12-06/sort/date/direction/desc/resource/4405/title/mission-sunday
9081,YT4547SermonPM06.11.22,transcript_link,https://www.printandaudio.org.uk/app/explore/resources/type/sermons/church/jesmond-parish-church/from/2022-10-25/to/2022-12-06/sort/date/direction/desc/resource/4404/title/on-assignment-for-god,https://www.printandaudio.org.uk/app/explore/resources/type/sermons/church/jesmond-parish-church/from/2022-10-25/to/2022-12-06/sort/date/direction/desc/resource/4404/title/on-assignment-for-god
9138,YT4555SermonAM13.11.22,transcript_link,https://www.printandaudio.org.uk/app/explore/resources/type/sermons/church/jesmond-parish-church/from/2022-10-25/to/2022-12-06/sort/date/direction/desc/resource/4407/title/wars-and-how-to-respond,https://www.printandaudio.org.uk/app/explore/resources/type/sermons/church/jesmond-parish-church/from/2022-10-25/to/2022-12-06/sort/date/direction/desc/resource/4407/title/wars-and-how-to-respond
9139,YT4556SermonPM13.11.22,transcript_link,https://www.printandaudio.org.uk/app/explore/resources/type/sermons/church/jesmond-parish-church/from/2022-10-25/to/2022-12-06/sort/date/direction/desc/resource/4406/title/what-does-following-jesus-cost,https://www.printandaudio.org.uk/app/explore/resources/type/sermons/church/jesmond-parish-church/from/2022-10-25/to/2022-12-06/sort/date/direction/desc/resource/4406/title/what-does-following-jesus-cost
9176,YT4620SermonPM20.11.22,transcript_link,https://www.printandaudio.org.uk/app/explore/resources/type/sermons/church/jesmond-parish-church/from/2022-10-25/to/2022-12-06/sort/date/direction/desc/resource/4408/title/dont-be-afraid,https://www.printandaudio.org.uk/app/explore/resources/type/sermons/church/jesmond-parish-church/from/2022-10-25/to/2022-12-06/sort/date/direction/desc/resource/4408/title/dont-be-afraid
9184,YT4626SermonAM27.11.22,transcript_link,https://www.printandaudio.org.uk/app/explore/resources/type/sermons/church/jesmond-parish-church/from/2022-10-25/to/2022-12-06/sort/date/direction/desc/resource/4409/title/what-bible-teaching-teachers-should-be,https://www.printandaudio.org.uk/app/explore/resources/type/sermons/church/jesmond-parish-church/from/2022-10-25/to/2022-12-06/sort/date/direction/desc/resource/4409/title/what-bible-teaching-teachers-should-be
9185,YT4627SermonPM27.11.22,transcript_link,https://www.printandaudio.org.uk/app/explore/resources/type/sermons/church/jesmond-parish-church/from/2022-10-25/to/2022-12-06/sort/date/direction/desc/resource/4410/title/does-jesus-divide-families,https://www.printandaudio.org.uk/app/explore/resources/type/sermons/church/jesmond-parish-church/from/2022-10-25/to/2022-12-06/sort/date/direction/desc/resource/4410/title/does-jesus-divide-families
9233,YT4685SermonPM01.01.23,transcript_link,https://www.printandaudio.org.uk/app/explore/resources/type/sermons/church/jesmond-parish-church/from/2022-12-29/to/2023-02-09/sort/date/direction/desc/resource/4416/title/god-is-your-guard,https://www.printandaudio.org.uk/app/explore/resources/type/sermons/church/jesmond-parish-church/from/2022-12-29/to/2023-02-09/sort/date/direction/desc/resource/4416/title/god-is-your-guard
9233,YT4685SermonPM01.01.23,audio_link,https://www.printandaudio.org.uk/app/explore/resources/type/sermons/church/jesmond-parish-church/from/2022-12-29/to/2023-02-09/sort/date/direction/desc/resource/4416/title/god-is-your-guard,https://www.printandaudio.org.uk/app/explore/resources/type/sermons/church/jesmond-parish-church/from/2022-12-29/to/2023-02-09/sort/date/direction/desc/resource/4416/title/god-is-your-guard
9234,MD7152AskPaulTripp1,transcript_link,https://www.paultripp.com/ask-paul-tripp/posts/why-does-god-allow-disability,https://www.paultripp.com/ask-paul-tripp/posts/why-does-god-allow-disability
9235,MD7153AskPaulTripp2,transcript_link,https://www.paultripp.com/ask-paul-tripp/posts/should-christians-be-on-social-media,https://www.paultripp.com/ask-paul-tripp/posts/should-christians-be-on-social-media
9236,MD7154AskPaulTripp3,transcript_link,https://www.paultripp.com/ask-paul-tripp/posts/should-i-find-a-mentor,https://www.paultripp.com/ask-paul-tripp/posts/should-i-find-a-mentor
9237,MD7155AskPaulTripp4,transcript_link,https://www.paultripp.com/ask-paul-tripp/posts/should-i-force-my-child-to-spend-time-with-us,https://www.paultripp.com/ask-paul-tripp/posts/should-i-force-my-child-to-spend-time-with-us
9238,MD7156AskPaulTripp5,transcript_link,https://www.paultripp.com/ask-paul-tripp/posts/what-are-the-3-most-essential-books-for-the-christian,https://www.paultripp.com/ask-paul-tripp/posts/what-are-the-3-most-essential-books-for-the-christian
9239,MD7157AskPaulTripp6,transcript_link,https://www.paultripp.com/ask-paul-tripp/posts/why-do-i-still-struggle-with-the-same-sin,https://www.paultripp.com/ask-paul-tripp/posts/why-do-i-still-struggle-with-the-same-sin
9241,MD7158AskPaulTripp7,transcript_link,https://www.paultripp.com/ask-paul-tripp/posts/how-do-i-live-as-a-christian-in-a-non-christian-world,https://www.paultripp.com/ask-paul-tripp/posts/how-do-i-live-as-a-christian-in-a-non-christian-world
9242,MD7159AskPaulTripp8,transcript_link,https://www.paultripp.com/ask-paul-tripp/posts/ask-paul-tripp-is-the-gospel-political,https://www.paultripp.com/ask-paul-tripp/posts/ask-paul-tripp-is-the-gospel-political
9244,MD7161AskPaulTripp10,transcript_link,https://www.paultripp.com/ask-paul-tripp/posts/can-you-explain-the-cultural-mandate,https://www.paultripp.com/ask-paul-tripp/posts/can-you-explain-the-cultural-mandate
9245,MD7162AskPaulTripp11,transcript_link,https://www.paultripp.com/ask-paul-tripp/posts/how-can-i-be-a-better-evangelist-for-the-gospel,https://www.paultripp.com/ask-paul-tripp/posts/how-can-i-be-a-better-evangelist-for-the-gospel
9246,MD7163AskPaulTripp12,transcript_link,https://www.paultripp.com/ask-paul-tripp/posts/how-can-i-encourage-my-struggling-spouse,https://www.paultripp.com/ask-paul-tripp/posts/how-can-i-encourage-my-struggling-spouse
9247,MD7164AskPaulTripp13,transcript_link,https://www.paultripp.com/ask-paul-tripp/posts/how-do-i-discern-the-will-of-god,https://www.paultripp.com/ask-paul-tripp/posts/how-do-i-discern-the-will-of-god
9248,MD7165AskPaulTripp14,transcript_link,https://www.paultripp.com/ask-paul-tripp/posts/how-should-parents-talk-to-their-kids-about-social-me,https://www.paultripp.com/ask-paul-tripp/posts/how-should-parents-talk-to-their-kids-about-social-me
9249,MD7166AskPaulTripp15,transcript_link,https://www.paultripp.com/ask-paul-tripp/posts/how-do-i-love-my-gay-neighbor,https://www.paultripp.com/ask-paul-tripp/posts/how-do-i-love-my-gay-neighbor
9250,MD7167AskPaulTripp16,transcript_link,https://www.paultripp.com/ask-paul-tripp/posts/how-do-we-adjust-to-newborn-children,https://www.paultripp.com/ask-paul-tripp/posts/how-do-we-adjust-to-newborn-children
9251,MD7168AskPaulTripp17,transcript_link,https://www.paultripp.com/ask-paul-tripp/posts/how-do-we-protect-our-marriage-in-ministry,https://www.paultripp.com/ask-paul-tripp/posts/how-do-we-protect-our-marriage-in-ministry
9252,MD7169AskPaulTripp18,transcript_link,https://www.paultripp.com/ask-paul-tripp/posts/should-i-join-a-small-group,https://www.paultripp.com/ask-paul-tripp/posts/should-i-join-a-small-group
9253,MD7170AskPaulTripp19,transcript_link,https://www.paultripp.com/ask-paul-tripp/posts/what-advice-do-you-have-for-singles,https://www.paultripp.com/ask-paul-tripp/posts/what-advice-do-you-have-for-singles
9254,MD7171AskPaulTripp20,transcript_link,https://www.paultripp.com/ask-paul-tripp/posts/what-does-it-mean-to-be-one-flesh,https://www.paultripp.com/ask-paul-tripp/posts/what-does-it-mean-to-be-one-flesh
9255,MD7172AskPaulTripp21,transcript_link,https://www.paultripp.com/ask-paul-tripp/posts/whats-the-point-of-going-to-church,https://www.paultripp.com/ask-paul-tripp/posts/whats-the-point-of-going-to-church
9256,MD7173AskPaulTripp22,transcript_link,https://www.paultripp.com/ask-paul-tripp/posts/why-does-a-loving-god-send-people-to-hell,https://www.paultripp.com/ask-paul-tripp/posts/why-does-a-loving-god-send-people-to-hell
9282,YT4692SermonPM08.01.23,transcript_link,https://www.printandaudio.org.uk/app/explore/resources/type/sermons/church/jesmond-parish-church/from/2022-12-29/to/2023-02-09/sort/date/direction/desc/resource/4417/title/grace-abounding,https://www.printandaudio.org.uk/app/explore/resources/type/sermons/church/jesmond-parish-church/from/2022-12-29/to/2023-02-09/sort/date/direction/desc/resource/4417/title/grace-abounding
9282,YT4692SermonPM08.01.23,audio_link,https://www.printandaudio.org.uk/app/explore/resources/type/sermons/church/jesmond-parish-church/from/2022-12-29/to/2023-02-09/sort/date/direction/desc/resource/4417/title/grace-abounding,https://www.printandaudio.org.uk/app/explore/resources/type/sermons/church/jesmond-parish-church/from/2022-12-29/to/2023-02-09/sort/date/direction/desc/resource/4417/title/grace-abounding
9308,YT4702SermonPM15.01.23,transcript_link,https://www.printandaudio.org.uk/app/explore/resources/type/sermons/church/jesmond-parish-church/from/2022-12-29/to/2023-02-09/sort/date/direction/desc/resource/4419/title/does-god-really-care-about-me,https://www.printandaudio.org.uk/app/explore/resources/type/sermons/church/jesmond-parish-church/from/2022-12-29/to/2023-02-09/sort/date/direction/desc/resource/4419/title/does-god-really-care-about-me
9308,YT4702SermonPM15.01.23,audio_link,https://www.printandaudio.org.uk/app/explore/resources/type/sermons/church/jesmond-parish-church/from/2022-12-29/to/2023-02-09/sort/date/direction/desc/resource/4419/title/does-god-really-care-about-me,https://www.printandaudio.org.uk/app/explore/resources/type/sermons/church/jesmond-parish-church/from/2022-12-29/to/2023-02-09/sort/date/direction/desc/resource/4419/title/does-god-really-care-about-me
9319,YT4719SermonPM22.01.23,transcript_link,https://www.printandaudio.org.uk/app/explore/resources/type/sermons/church/jesmond-parish-church/from/2022-12-29/to/2023-02-09/sort/date/direction/desc/resource/4420/title/am-i-a-fool-for-believing-in-jesus,https://www.printandaudio.org.uk/app/explore/resources/type/sermons/church/jesmond-parish-church/from/2022-12-29/to/2023-02-09/sort/date/direction/desc/resource/4420/title/am-i-a-fool-for-believing-in-jesus
9319,YT4719SermonPM22.01.23,audio_link,https://www.printandaudio.org.uk/app/explore/resources/type/sermons/church/jesmond-parish-church/from/2022-12-29/to/2023-02-09/sort/date/direction/desc/resource/4420/title/am-i-a-fool-for-believing-in-jesus,https://www.printandaudio.org.uk/app/explore/resources/type/sermons/church/jesmond-parish-church/from/2022-12-29/to/2023-02-09/sort/date/direction/desc/resource/4420/title/am-i-a-fool-for-believing-in-jesus
9328,YT4752SermonAM29.01.23,transcript_link,https://www.printandaudio.org.uk/app/explore/resources/type/sermons/church/jesmond-parish-church/from/2022-12-29/to/2023-02-09/sort/date/direction/desc/resource/4424/title/a-cry-of-god-forsakedness,https://www.printandaudio.org.uk/app/explore/resources/type/sermons/church/jesmond-parish-church/from/2022-12-29/to/2023-02-09/sort/date/direction/desc/resource/4424/title/a-cry-of-god-forsakedness
9328,YT4752SermonAM29.01.23,audio_link,https://www.printandaudio.org.uk/app/explore/resources/type/sermons/church/jesmond-parish-church/from/2022-12-29/to/2023-02-09/sort/date/direction/desc/resource/4424/title/a-cry-of-god-forsakedness,https://www.printandaudio.org.uk/app/explore/resources/type/sermons/church/jesmond-parish-church/from/2022-12-29/to/2023-02-09/sort/date/direction/desc/resource/4424/title/a-cry-of-god-forsakedness
9351,YT4764SermonAM05.02.23,transcript_link,https://www.printandaudio.org.uk/app/explore/resources/type/sermons/church/jesmond-parish-church/from/2022-12-29/to/2023-02-09/sort/date/direction/desc/resource/4425/title/where-is-jesus-in-psalm-110,https://www.printandaudio.org.uk/app/explore/resources/type/sermons/church/jesmond-parish-church/from/2022-12-29/to/2023-02-09/sort/date/direction/desc/resource/4425/title/where-is-jesus-in-psalm-110
9351,YT4764SermonAM05.02.23,audio_link,https://www.printandaudio.org.uk/app/explore/resources/type/sermons/church/jesmond-parish-church/from/2022-12-29/to/2023-02-09/sort/date/direction/desc/resource/4425/title/where-is-jesus-in-psalm-110,https://www.printandaudio.org.uk/app/explore/resources/type/sermons/church/jesmond-parish-church/from/2022-12-29/to/2023-02-09/sort/date/direction/desc/resource/4425/title/where-is-jesus-in-psalm-110
9352,YT4765SermonPM05.02.23,transcript_link,https://www.printandaudio.org.uk/app/explore/resources/type/sermons/church/jesmond-parish-church/from/2022-12-29/to/2023-02-09/sort/date/direction/desc/resource/4421/title/how-to-be-truly-happy,https://www.printandaudio.org.uk/app/explore/resources/type/sermons/church/jesmond-parish-church/from/2022-12-29/to/2023-02-09/sort/date/direction/desc/resource/4421/title/how-to-be-truly-happy
9352,YT4765SermonPM05.02.23,audio_link,https://www.printandaudio.org.uk/app/explore/resources/type/sermons/church/jesmond-parish-church/from/2022-12-29/to/2023-02-09/sort/date/direction/desc/resource/4421/title/how-to-be-truly-happy,https://www.printandaudio.org.uk/app/explore/resources/type/sermons/church/jesmond-parish-church/from/2022-12-29/to/2023-02-09/sort/date/direction/desc/resource/4421/title/how-to-be-truly-happy
9386,YT4792SermonPM19.02.23,transcript_link,https://www.printandaudio.org.uk/app/explore/resources/type/sermons/church/jesmond-parish-church/from/2023-01-23/to/2023-03-06/sort/date/direction/desc/resource/4428/title/doesnt-grace-encourage-sin,https://www.printandaudio.org.uk/app/explore/resources/type/sermons/church/jesmond-parish-church/from/2023-01-23/to/2023-03-06/sort/date/direction/desc/resource/4428/title/doesnt-grace-encourage-sin
9386,YT4792SermonPM19.02.23,audio_link,https://www.printandaudio.org.uk/app/explore/resources/type/sermons/church/jesmond-parish-church/from/2023-01-23/to/2023-03-06/sort/date/direction/desc/resource/4428/title/doesnt-grace-encourage-sin,https://www.printandaudio.org.uk/app/explore/resources/type/sermons/church/jesmond-parish-church/from/2023-01-23/to/2023-03-06/sort/date/direction/desc/resource/4428/title/doesnt-grace-encourage-sin
9395,YT4799SermonAM26.02.23,transcript_link,https://www.printandaudio.org.uk/app/explore/resources/type/sermons/church/jesmond-parish-church/from/2023-01-23/to/2023-03-06/sort/date/direction/desc/resource/4429/title/how-to-enter-the-kingdom,https://www.printandaudio.org.uk/app/explore/resources/type/sermons/church/jesmond-parish-church/from/2023-01-23/to/2023-03-06/sort/date/direction/desc/resource/4429/title/how-to-enter-the-kingdom
9395,YT4799SermonAM26.02.23,audio_link,https://www.printandaudio.org.uk/app/explore/resources/type/sermons/church/jesmond-parish-church/from/2023-01-23/to/2023-03-06/sort/date/direction/desc/resource/4429/title/how-to-enter-the-kingdom,https://www.printandaudio.org.uk/app/explore/resources/type/sermons/church/jesmond-parish-church/from/2023-01-23/to/2023-03-06/sort/date/direction/desc/resource/4429/title/how-to-enter-the-kingdom
9396,YT4800SermonPM26.02.23,transcript_link,https://www.printandaudio.org.uk/app/explore/resources/type/sermons/church/jesmond-parish-church/from/2023-01-23/to/2023-03-06/sort/date/direction/desc/resource/4430/title/freedom-from-the-power-of-sin,https://www.printandaudio.org.uk/app/explore/resources/type/sermons/church/jesmond-parish-church/from/2023-01-23/to/2023-03-06/sort/date/direction/desc/resource/4430/title/freedom-from-the-power-of-sin
9396,YT4800SermonPM26.02.23,audio_link,https://www.printandaudio.org.uk/app/explore/resources/type/sermons/church/jesmond-parish-church/from/2023-01-23/to/2023-03-06/sort/date/direction/desc/resource/4430/title/freedom-from-the-power-of-sin,https://www.printandaudio.org.uk/app/explore/resources/type/sermons/church/jesmond-parish-church/from/2023-01-23/to/2023-03-06/sort/date/direction/desc/resource/4430/title/freedom-from-the-power-of-sin
9397,YT4808DesiringGodAskPastorJohn1,transcript_link,https://www.desiringgod.org/interviews/satan-cannot-scare-you-into-hell,https://www.desiringgod.org/interviews/satan-cannot-scare-you-into-hell
9397,YT4808DesiringGodAskPastorJohn1,audio_link,https://www.desiringgod.org/interviews/satan-cannot-scare-you-into-hell,https://www.desiringgod.org/interviews/satan-cannot-scare-you-into-hell
9398,YT4809DesiringGodAskPastorJohn2,transcript_link,https://www.desiringgod.org/interviews/how-can-i-cast-my-cares-on-god,https://www.desiringgod.org/interviews/how-can-i-cast-my-cares-on-god
9398,YT4809DesiringGodAskPastorJohn2,audio_link,https://www.desiringgod.org/interviews/how-can-i-cast-my-cares-on-god,https://www.desiringgod.org/interviews/how-can-i-cast-my-cares-on-god
9399,YT4810DesiringGodAskPastorJohn3,transcript_link,https://www.desiringgod.org/interviews/what-makes-my-gift-a-spiritual-gift,https://www.desiringgod.org/interviews/what-makes-my-gift-a-spiritual-gift
9399,YT4810DesiringGodAskPastorJohn3,audio_link,https://www.desiringgod.org/interviews/what-makes-my-gift-a-spiritual-gift,https://www.desiringgod.org/interviews/what-makes-my-gift-a-spiritual-gift
9400,YT4811DesiringGodAskPastorJohn4,transcript_link,https://www.desiringgod.org/interviews/will-my-spouse-be-my-best-friend-in-heaven,https://www.desiringgod.org/interviews/will-my-spouse-be-my-best-friend-in-heaven
9400,YT4811DesiringGodAskPastorJohn4,audio_link,https://www.desiringgod.org/interviews/will-my-spouse-be-my-best-friend-in-heaven,https://www.desiringgod.org/interviews/will-my-spouse-be-my-best-friend-in-heaven
9401,YT4812DesiringGodAskPastorJohn5,transcript_link,https://www.desiringgod.org/interviews/how-do-i-see-the-glory-of-christ,https://www.desiringgod.org/interviews/how-do-i-see-the-glory-of-christ
9401,YT4812DesiringGodAskPastorJohn5,audio_link,https://www.desiringgod.org/interviews/how-do-i-see-the-glory-of-christ,https://www.desiringgod.org/interviews/how-do-i-see-the-glory-of-christ
9402,YT4813DesiringGodAskPastorJohn6,transcript_link,https://www.desiringgod.org/interviews/gospel-drift-and-how-to-avoid-it,https://www.desiringgod.org/interviews/gospel-drift-and-how-to-avoid-it
9402,YT4813DesiringGodAskPastorJohn6,audio_link,https://www.desiringgod.org/interviews/gospel-drift-and-how-to-avoid-it,https://www.desiringgod.org/interviews/gospel-drift-and-how-to-avoid-it
9403,YT4814DesiringGodAskPastorJohn7,transcript_link,https://www.desiringgod.org/interviews/sustain-your-prayer-life-with-sleep,https://www.desiringgod.org/interviews/sustain-your-prayer-life-with-sleep
9403,YT4814DesiringGodAskPastorJohn7,audio_link,https://www.desiringgod.org/interviews/sustain-your-prayer-life-with-sleep,https://www.desiringgod.org/interviews/sustain-your-prayer-life-with-sleep
9404,YT4815DesiringGodAskPastorJohn8,transcript_link,https://www.desiringgod.org/interviews/is-god-present-or-absent-in-hell,https://www.desiringgod.org/interviews/is-god-present-or-absent-in-hell
9404,YT4815DesiringGodAskPastorJohn8,audio_link,https://www.desiringgod.org/interviews/is-god-present-or-absent-in-hell,https://www.desiringgod.org/interviews/is-god-present-or-absent-in-hell
9405,YT4816DesiringGodAskPastorJohn9,transcript_link,https://www.desiringgod.org/interviews/counsel-for-wives-with-harsh-husbands,https://www.desiringgod.org/interviews/counsel-for-wives-with-harsh-husbands
9405,YT4816DesiringGodAskPastorJohn9,audio_link,https://www.desiringgod.org/interviews/counsel-for-wives-with-harsh-husbands,https://www.desiringgod.org/interviews/counsel-for-wives-with-harsh-husbands
9406,YT4817DesiringGodAskPastorJohn10,transcript_link,https://www.desiringgod.org/interviews/what-is-the-rapture,https://www.desiringgod.org/interviews/what-is-the-rapture
9406,YT4817DesiringGodAskPastorJohn10,audio_link,https://www.desiringgod.org/interviews/what-is-the-rapture,https://www.desiringgod.org/interviews/what-is-the-rapture
9407,YT4818DesiringGodAskPastorJohn11,transcript_link,https://www.desiringgod.org/interviews/turn-down-the-noise-and-listen-to-jesus,https://www.desiringgod.org/interviews/turn-down-the-noise-and-listen-to-jesus
9407,YT4818DesiringGodAskPastorJohn11,audio_link,https://www.desiringgod.org/interviews/turn-down-the-noise-and-listen-to-jesus,https://www.desiringgod.org/interviews/turn-down-the-noise-and-listen-to-jesus
9408,YT4819DesiringGodAskPastorJohn12,transcript_link,https://www.desiringgod.org/interviews/prayer-in-the-age-of-global-hate,https://www.desiringgod.org/interviews/prayer-in-the-age-of-global-hate
9408,YT4819DesiringGodAskPastorJohn12,audio_link,https://www.desiringgod.org/interviews/prayer-in-the-age-of-global-hate,https://www.desiringgod.org/interviews/prayer-in-the-age-of-global-hate
9409,YT4820DesiringGodAskPastorJohn13,transcript_link,https://www.desiringgod.org/interviews/how-greatly-am-i-loved,https://www.desiringgod.org/interviews/how-greatly-am-i-loved
9409,YT4820DesiringGodAskPastorJohn13,audio_link,https://www.desiringgod.org/interviews/how-greatly-am-i-loved,https://www.desiringgod.org/interviews/how-greatly-am-i-loved
9410,YT4821DesiringGodAskPastorJohn14,transcript_link,https://www.desiringgod.org/interviews/does-romans-7-describe-a-christian,https://www.desiringgod.org/interviews/does-romans-7-describe-a-christian
9410,YT4821DesiringGodAskPastorJohn14,audio_link,https://www.desiringgod.org/interviews/does-romans-7-describe-a-christian,https://www.desiringgod.org/interviews/does-romans-7-describe-a-christian
9411,YT4822DesiringGodAskPastorJohn15,transcript_link,https://www.desiringgod.org/interviews/how-fleeting-pleasures-sidetrack-our-love,https://www.desiringgod.org/interviews/how-fleeting-pleasures-sidetrack-our-love
9411,YT4822DesiringGodAskPastorJohn15,audio_link,https://www.desiringgod.org/interviews/how-fleeting-pleasures-sidetrack-our-love,https://www.desiringgod.org/interviews/how-fleeting-pleasures-sidetrack-our-love
9412,YT4823DesiringGodAskPastorJohn16,transcript_link,https://www.desiringgod.org/interviews/in-our-racial-differences-how-is-christ-all-and-in-all,https://www.desiringgod.org/interviews/in-our-racial-differences-how-is-christ-all-and-in-all
9412,YT4823DesiringGodAskPastorJohn16,audio_link,https://www.desiringgod.org/interviews/in-our-racial-differences-how-is-christ-all-and-in-all,https://www.desiringgod.org/interviews/in-our-racial-differences-how-is-christ-all-and-in-all
9413,YT4824DesiringGodAskPastorJohn17,transcript_link,https://www.desiringgod.org/interviews/how-does-god-lead-us-in-daily-decisions,https://www.desiringgod.org/interviews/how-does-god-lead-us-in-daily-decisions
9413,YT4824DesiringGodAskPastorJohn17,audio_link,https://www.desiringgod.org/interviews/how-does-god-lead-us-in-daily-decisions,https://www.desiringgod.org/interviews/how-does-god-lead-us-in-daily-decisions
9414,YT4825DesiringGodAskPastorJohn18,transcript_link,https://www.desiringgod.org/interviews/i-enjoy-being-alone-is-that-unloving,https://www.desiringgod.org/interviews/i-enjoy-being-alone-is-that-unloving
9414,YT4825DesiringGodAskPastorJohn18,audio_link,https://www.desiringgod.org/interviews/i-enjoy-being-alone-is-that-unloving,https://www.desiringgod.org/interviews/i-enjoy-being-alone-is-that-unloving
9415,YT4826DesiringGodAskPastorJohn19,transcript_link,https://www.desiringgod.org/interviews/end-of-life-medical-intervention-or-not,https://www.desiringgod.org/interviews/end-of-life-medical-intervention-or-not
9415,YT4826DesiringGodAskPastorJohn19,audio_link,https://www.desiringgod.org/interviews/end-of-life-medical-intervention-or-not,https://www.desiringgod.org/interviews/end-of-life-medical-intervention-or-not
9416,YT4827DesiringGodAskPastorJohn20,transcript_link,https://www.desiringgod.org/interviews/five-ways-pastors-fail,https://www.desiringgod.org/interviews/five-ways-pastors-fail
9416,YT4827DesiringGodAskPastorJohn20,audio_link,https://www.desiringgod.org/interviews/five-ways-pastors-fail,https://www.desiringgod.org/interviews/five-ways-pastors-fail
9417,YT4828DesiringGodAskPastorJohn21,transcript_link,https://www.desiringgod.org/interviews/you-dont-need-more-self-love,https://www.desiringgod.org/interviews/you-dont-need-more-self-love
9417,YT4828DesiringGodAskPastorJohn21,audio_link,https://www.desiringgod.org/interviews/you-dont-need-more-self-love,https://www.desiringgod.org/interviews/you-dont-need-more-self-love
9418,YT4829DesiringGodAskPastorJohn22,transcript_link,https://www.desiringgod.org/interviews/how-much-media-is-too-much-media,https://www.desiringgod.org/interviews/how-much-media-is-too-much-media
9418,YT4829DesiringGodAskPastorJohn22,audio_link,https://www.desiringgod.org/interviews/how-much-media-is-too-much-media,https://www.desiringgod.org/interviews/how-much-media-is-too-much-media
9419,YT4830DesiringGodAskPastorJohn23,transcript_link,https://www.desiringgod.org/interviews/why-comfortable-christians-go-prayerless,https://www.desiringgod.org/interviews/why-comfortable-christians-go-prayerless
9419,YT4830DesiringGodAskPastorJohn23,audio_link,https://www.desiringgod.org/interviews/why-comfortable-christians-go-prayerless,https://www.desiringgod.org/interviews/why-comfortable-christians-go-prayerless
9420,YT4831DesiringGodAskPastorJohn24,transcript_link,https://www.desiringgod.org/interviews/why-would-god-create-a-baby-to-live-for-two-minutes,https://www.desiringgod.org/interviews/why-would-god-create-a-baby-to-live-for-two-minutes
9420,YT4831DesiringGodAskPastorJohn24,audio_link,https://www.desiringgod.org/interviews/why-would-god-create-a-baby-to-live-for-two-minutes,https://www.desiringgod.org/interviews/why-would-god-create-a-baby-to-live-for-two-minutes
9421,YT4832DesiringGodAskPastorJohn25,transcript_link,https://www.desiringgod.org/interviews/how-not-to-correct-a-fellow-christian,https://www.desiringgod.org/interviews/how-not-to-correct-a-fellow-christian
9421,YT4832DesiringGodAskPastorJohn25,audio_link,https://www.desiringgod.org/interviews/how-not-to-correct-a-fellow-christian,https://www.desiringgod.org/interviews/how-not-to-correct-a-fellow-christian
9422,YT4833DesiringGodAskPastorJohn26,transcript_link,https://www.desiringgod.org/interviews/the-disabled-wife-and-the-proverbs-31-woman,https://www.desiringgod.org/interviews/the-disabled-wife-and-the-proverbs-31-woman
9422,YT4833DesiringGodAskPastorJohn26,audio_link,https://www.desiringgod.org/interviews/the-disabled-wife-and-the-proverbs-31-woman,https://www.desiringgod.org/interviews/the-disabled-wife-and-the-proverbs-31-woman
9423,YT4834DesiringGodAskPastorJohn27,transcript_link,https://www.desiringgod.org/interviews/how-do-i-serve-dying-unbelievers,https://www.desiringgod.org/interviews/how-do-i-serve-dying-unbelievers
9423,YT4834DesiringGodAskPastorJohn27,audio_link,https://www.desiringgod.org/interviews/how-do-i-serve-dying-unbelievers,https://www.desiringgod.org/interviews/how-do-i-serve-dying-unbelievers
9424,YT4835DesiringGodAskPastorJohn28,transcript_link,https://www.desiringgod.org/interviews/why-have-africans-suffered-so-much,https://www.desiringgod.org/interviews/why-have-africans-suffered-so-much
9424,YT4835DesiringGodAskPastorJohn28,audio_link,https://www.desiringgod.org/interviews/why-have-africans-suffered-so-much,https://www.desiringgod.org/interviews/why-have-africans-suffered-so-much
9425,YT4836DesiringGodAskPastorJohn29,transcript_link,https://www.desiringgod.org/interviews/is-my-repentance-real-if-i-keep-committing-the-same-sin,https://www.desiringgod.org/interviews/is-my-repentance-real-if-i-keep-committing-the-same-sin
9425,YT4836DesiringGodAskPastorJohn29,audio_link,https://www.desiringgod.org/interviews/is-my-repentance-real-if-i-keep-committing-the-same-sin,https://www.desiringgod.org/interviews/is-my-repentance-real-if-i-keep-committing-the-same-sin
9426,YT4837DesiringGodAskPastorJohn30,transcript_link,https://www.desiringgod.org/interviews/why-did-the-first-humans-live-for-so-long,https://www.desiringgod.org/interviews/why-did-the-first-humans-live-for-so-long
9426,YT4837DesiringGodAskPastorJohn30,audio_link,https://www.desiringgod.org/interviews/why-did-the-first-humans-live-for-so-long,https://www.desiringgod.org/interviews/why-did-the-first-humans-live-for-so-long
9427,YT4838DesiringGodAskPastorJohn31,transcript_link,https://www.desiringgod.org/interviews/how-have-you-processed-the-sin-of-ravi-zacharias,https://www.desiringgod.org/interviews/how-have-you-processed-the-sin-of-ravi-zacharias
9427,YT4838DesiringGodAskPastorJohn31,audio_link,https://www.desiringgod.org/interviews/how-have-you-processed-the-sin-of-ravi-zacharias,https://www.desiringgod.org/interviews/how-have-you-processed-the-sin-of-ravi-zacharias
9428,YT4839DesiringGodAskPastorJohn32,transcript_link,https://www.desiringgod.org/interviews/how-can-i-fight-sin-without-losing-sight-of-christ,https://www.desiringgod.org/interviews/how-can-i-fight-sin-without-losing-sight-of-christ
9428,YT4839DesiringGodAskPastorJohn32,audio_link,https://www.desiringgod.org/interviews/how-can-i-fight-sin-without-losing-sight-of-christ,https://www.desiringgod.org/interviews/how-can-i-fight-sin-without-losing-sight-of-christ
9429,YT4840DesiringGodAskPastorJohn33,transcript_link,https://www.desiringgod.org/interviews/why-did-god-create-us,https://www.desiringgod.org/interviews/why-did-god-create-us
9429,YT4840DesiringGodAskPastorJohn33,audio_link,https://www.desiringgod.org/interviews/why-did-god-create-us,https://www.desiringgod.org/interviews/why-did-god-create-us
9430,YT4841DesiringGodAskPastorJohn34,transcript_link,https://www.desiringgod.org/interviews/how-do-i-become-passionate-about-bible-reading,https://www.desiringgod.org/interviews/how-do-i-become-passionate-about-bible-reading
9430,YT4841DesiringGodAskPastorJohn34,audio_link,https://www.desiringgod.org/interviews/how-do-i-become-passionate-about-bible-reading,https://www.desiringgod.org/interviews/how-do-i-become-passionate-about-bible-reading
9444,YT4806SermonAM05.03.23,transcript_link,https://www.printandaudio.org.uk/app/explore/resources/type/sermons/church/jesmond-parish-church/from/2023-01-23/to/2023-03-06/sort/date/direction/desc/resource/4431/title/have-you-understood-the-cross,https://www.printandaudio.org.uk/app/explore/resources/type/sermons/church/jesmond-parish-church/from/2023-01-23/to/2023-03-06/sort/date/direction/desc/resource/4431/title/have-you-understood-the-cross
9444,YT4806SermonAM05.03.23,audio_link,https://www.printandaudio.org.uk/app/explore/resources/type/sermons/church/jesmond-parish-church/from/2023-01-23/to/2023-03-06/sort/date/direction/desc/resource/4431/title/have-you-understood-the-cross,https://www.printandaudio.org.uk/app/explore/resources/type/sermons/church/jesmond-parish-church/from/2023-01-23/to/2023-03-06/sort/date/direction/desc/resource/4431/title/have-you-understood-the-cross
9445,YT4807SermonPM05.03.23,transcript_link,https://www.printandaudio.org.uk/app/explore/resources/type/sermons/church/jesmond-parish-church/from/2023-01-23/to/2023-03-06/sort/date/direction/desc/resource/4432/title/the-loving-kindness-of-god,https://www.printandaudio.org.uk/app/explore/resources/type/sermons/church/jesmond-parish-church/from/2023-01-23/to/2023-03-06/sort/date/direction/desc/resource/4432/title/the-loving-kindness-of-god
9445,YT4807SermonPM05.03.23,audio_link,https://www.printandaudio.org.uk/app/explore/resources/type/sermons/church/jesmond-parish-church/from/2023-01-23/to/2023-03-06/sort/date/direction/desc/resource/4432/title/the-loving-kindness-of-god,https://www.printandaudio.org.uk/app/explore/resources/type/sermons/church/jesmond-parish-church/from/2023-01-23/to/2023-03-06/sort/date/direction/desc/resource/4432/title/the-loving-kindness-of-god
9468,YT4847SermonAM12.03.23,transcript_link,https://www.printandaudio.org.uk/app/explore/resources/type/sermons/church/jesmond-parish-church/from/2023-02-20/to/2023-04-03/sort/date/direction/desc/resource/4434/title/seeing-jesus-for-who-he-really-is,https://www.printandaudio.org.uk/app/explore/resources/type/sermons/church/jesmond-parish-church/from/2023-02-20/to/2023-04-03/sort/date/direction/desc/resource/4434/title/seeing-jesus-for-who-he-really-is
9468,YT4847SermonAM12.03.23,audio_link,https://www.printandaudio.org.uk/app/explore/resources/type/sermons/church/jesmond-parish-church/from/2023-02-20/to/2023-04-03/sort/date/direction/desc/resource/4434/title/seeing-jesus-for-who-he-really-is,https://www.printandaudio.org.uk/app/explore/resources/type/sermons/church/jesmond-parish-church/from/2023-02-20/to/2023-04-03/sort/date/direction/desc/resource/4434/title/seeing-jesus-for-who-he-really-is
9469,YT4848SermonPM12.03.23,transcript_link,https://www.printandaudio.org.uk/app/explore/resources/type/sermons/church/jesmond-parish-church/from/2023-02-20/to/2023-04-03/sort/date/direction/desc/resource/4433/title/is-christianity-good-for-the-world,https://www.printandaudio.org.uk/app/explore/resources/type/sermons/church/jesmond-parish-church/from/2023-02-20/to/2023-04-03/sort/date/direction/desc/resource/4433/title/is-christianity-good-for-the-world
9469,YT4848SermonPM12.03.23,audio_link,https://www.printandaudio.org.uk/app/explore/resources/type/sermons/church/jesmond-parish-church/from/2023-02-20/to/2023-04-03/sort/date/direction/desc/resource/4433/title/is-christianity-good-for-the-world,https://www.printandaudio.org.uk/app/explore/resources/type/sermons/church/jesmond-parish-church/from/2023-02-20/to/2023-04-03/sort/date/direction/desc/resource/4433/title/is-christianity-good-for-the-world
9479,YT4870SermonPM19.03.23,transcript_link,https://www.printandaudio.org.uk/app/explore/resources/type/sermons/church/jesmond-parish-church/from/2023-02-20/to/2023-04-03/sort/date/direction/desc/resource/4435/title/easter-in-isaiah,https://www.printandaudio.org.uk/app/explore/resources/type/sermons/church/jesmond-parish-church/from/2023-02-20/to/2023-04-03/sort/date/direction/desc/resource/4435/title/easter-in-isaiah
9479,YT4870SermonPM19.03.23,audio_link,https://www.printandaudio.org.uk/app/explore/resources/type/sermons/church/jesmond-parish-church/from/2023-02-20/to/2023-04-03/sort/date/direction/desc/resource/4435/title/easter-in-isaiah,https://www.printandaudio.org.uk/app/explore/resources/type/sermons/church/jesmond-parish-church/from/2023-02-20/to/2023-04-03/sort/date/direction/desc/resource/4435/title/easter-in-isaiah
9507,YT4894SermonPM26.03.23,transcript_link,https://www.printandaudio.org.uk/app/explore/resources/type/sermons/church/jesmond-parish-church/from/2023-02-20/to/2023-04-03/sort/date/direction/desc/resource/4437/title/the-suffering-servant,https://www.printandaudio.org.uk/app/explore/resources/type/sermons/church/jesmond-parish-church/from/2023-02-20/to/2023-04-03/sort/date/direction/desc/resource/4437/title/the-suffering-servant
9507,YT4894SermonPM26.03.23,audio_link,https://www.printandaudio.org.uk/app/explore/resources/type/sermons/church/jesmond-parish-church/from/2023-02-20/to/2023-04-03/sort/date/direction/desc/resource/4437/title/the-suffering-servant,https://www.printandaudio.org.uk/app/explore/resources/type/sermons/church/jesmond-parish-church/from/2023-02-20/to/2023-04-03/sort/date/direction/desc/resource/4437/title/the-suffering-servant
9508,YT4893SermonAM26.03.23,audio_link,https://www.printandaudio.org.uk/app/explore/resources/type/sermons/church/jesmond-parish-church/from/2023-02-20/to/2023-04-03/sort/date/direction/desc/resource/4438/title/be-wise-with-what-you-have,https://www.printandaudio.org.uk/app/explore/resources/type/sermons/church/jesmond-parish-church/from/2023-02-20/to/2023-04-03/sort/date/direction/desc/resource/4438/title/be-wise-with-what-you-have
9518,YT4903SermonAM02.04.23,transcript_link,https://www.printandaudio.org.uk/app/explore/resources/type/sermons/church/jesmond-parish-church/from/2023-02-20/to/2023-04-03/sort/date/direction/desc/resource/4439/title/behold-your-king,https://www.printandaudio.org.uk/app/explore/resources/type/sermons/church/jesmond-parish-church/from/2023-02-20/to/2023-04-03/sort/date/direction/desc/resource/4439/title/behold-your-king
9520,YT4904SermonPM02.04.23,transcript_link,https://www.printandaudio.org.uk/app/explore/resources/type/sermons/church/jesmond-parish-church/from/2023-03-22/to/2023-05-03/sort/date/direction/desc/resource/4440/title/the-glory-of-the-suffering-servant,https://www.printandaudio.org.uk/app/explore/resources/type/sermons/church/jesmond-parish-church/from/2023-03-22/to/2023-05-03/sort/date/direction/desc/resource/4440/title/the-glory-of-the-suffering-servant
9530,YT4913SermonAM09.04.23,transcript_link,https://www.printandaudio.org.uk/app/explore/resources/type/sermons/church/jesmond-parish-church/from/2023-03-22/to/2023-05-03/sort/date/direction/desc/resource/4441/title/seven-stages-of-resurrection-revelation,https://www.printandaudio.org.uk/app/explore/resources/type/sermons/church/jesmond-parish-church/from/2023-03-22/to/2023-05-03/sort/date/direction/desc/resource/4441/title/seven-stages-of-resurrection-revelation
9530,YT4913SermonAM09.04.23,audio_link,https://www.printandaudio.org.uk/app/explore/resources/type/sermons/church/jesmond-parish-church/from/2023-03-22/to/2023-05-03/sort/date/direction/desc/resource/4441/title/seven-stages-of-resurrection-revelation,https://www.printandaudio.org.uk/app/explore/resources/type/sermons/church/jesmond-parish-church/from/2023-03-22/to/2023-05-03/sort/date/direction/desc/resource/4441/title/seven-stages-of-resurrection-revelation
9535,YT4914SermonPM09.04.23,transcript_link,https://www.printandaudio.org.uk/app/explore/resources/type/sermons/church/jesmond-parish-church/from/2023-03-22/to/2023-05-03/sort/date/direction/desc/resource/4442/title/what-are-the-implications-of-the-resurrection,https://www.printandaudio.org.uk/app/explore/resources/type/sermons/church/jesmond-parish-church/from/2023-03-22/to/2023-05-03/sort/date/direction/desc/resource/4442/title/what-are-the-implications-of-the-resurrection
9538,YT4922SermonPM16.04.23,transcript_link,https://www.printandaudio.org.uk/app/explore/resources/type/sermons/church/jesmond-parish-church/from/2023-03-22/to/2023-05-03/sort/date/direction/desc/resource/4447/title/a-journey-through-acts,https://www.printandaudio.org.uk/app/explore/resources/type/sermons/church/jesmond-parish-church/from/2023-03-22/to/2023-05-03/sort/date/direction/desc/resource/4447/title/a-journey-through-acts
9538,YT4922SermonPM16.04.23,audio_link,https://www.printandaudio.org.uk/app/explore/resources/type/sermons/church/jesmond-parish-church/from/2023-03-22/to/2023-05-03/sort/date/direction/desc/resource/4447/title/a-journey-through-acts,https://www.printandaudio.org.uk/app/explore/resources/type/sermons/church/jesmond-parish-church/from/2023-03-22/to/2023-05-03/sort/date/direction/desc/resource/4447/title/a-journey-through-acts
9543,YT4928SermonAM23.04.23,transcript_link,https://www.printandaudio.org.uk/app/explore/resources/type/sermons/church/jesmond-parish-church/from/2023-03-22/to/2023-05-03/sort/date/direction/desc/resource/4443/title/the-church-identity-crisis,https://www.printandaudio.org.uk/app/explore/resources/type/sermons/church/jesmond-parish-church/from/2023-03-22/to/2023-05-03/sort/date/direction/desc/resource/4443/title/the-church-identity-crisis
9543,YT4928SermonAM23.04.23,audio_link,https://www.printandaudio.org.uk/app/explore/resources/type/sermons/church/jesmond-parish-church/from/2023-03-22/to/2023-05-03/sort/date/direction/desc/resource/4443/title/the-church-identity-crisis,https://www.printandaudio.org.uk/app/explore/resources/type/sermons/church/jesmond-parish-church/from/2023-03-22/to/2023-05-03/sort/date/direction/desc/resource/4443/title/the-church-identity-crisis
9551,YT4934SermonAM30.04.23,transcript_link,https://www.printandaudio.org.uk/app/explore/resources/type/sermons/church/jesmond-parish-church/from/2023-03-22/to/2023-05-03/sort/date/direction/desc/resource/4445/title/working-for-god,https://www.printandaudio.org.uk/app/explore/resources/type/sermons/church/jesmond-parish-church/from/2023-03-22/to/2023-05-03/sort/date/direction/desc/resource/4445/title/working-for-god
9551,YT4934SermonAM30.04.23,audio_link,https://www.printandaudio.org.uk/app/explore/resources/type/sermons/church/jesmond-parish-church/from/2023-03-22/to/2023-05-03/sort/date/direction/desc/resource/4445/title/working-for-god,https://www.printandaudio.org.uk/app/explore/resources/type/sermons/church/jesmond-parish-church/from/2023-03-22/to/2023-05-03/sort/date/direction/desc/resource/4445/title/working-for-god
9553,YT4935SermonPM30.04.23,transcript_link,https://www.printandaudio.org.uk/app/explore/resources/type/sermons/church/jesmond-parish-church/from/2023-03-22/to/2023-05-03/sort/date/direction/desc/resource/4446/title/no-opposition-is-too-great-for-god,https://www.printandaudio.org.uk/app/explore/resources/type/sermons/church/jesmond-parish-church/from/2023-03-22/to/2023-05-03/sort/date/direction/desc/resource/4446/title/no-opposition-is-too-great-for-god
9553,YT4935SermonPM30.04.23,audio_link,https://www.printandaudio.org.uk/app/explore/resources/type/sermons/church/jesmond-parish-church/from/2023-03-22/to/2023-05-03/sort/date/direction/desc/resource/4446/title/no-opposition-is-too-great-for-god,https://www.printandaudio.org.uk/app/explore/resources/type/sermons/church/jesmond-parish-church/from/2023-03-22/to/2023-05-03/sort/date/direction/desc/resource/4446/title/no-opposition-is-too-great-for-god
9554,YT4929SermonPM23.04.23,transcript_link,https://www.printandaudio.org.uk/app/explore/resources/type/sermons/church/jesmond-parish-church/from/2023-03-22/to/2023-05-03/sort/date/direction/desc/resource/4444/title/finding-freedom-through-christ,https://www.printandaudio.org.uk/app/explore/resources/type/sermons/church/jesmond-parish-church/from/2023-03-22/to/2023-05-03/sort/date/direction/desc/resource/4444/title/finding-freedom-through-christ
9571,YT4941SermonAM07.05.23,transcript_link,https://www.printandaudio.org.uk/app/explore/resources/type/sermons/church/jesmond-parish-church/from/2023-04-25/to/2023-06-06/sort/date/direction/desc/resource/4449/title/care-for-gods-family,https://www.printandaudio.org.uk/app/explore/resources/type/sermons/church/jesmond-parish-church/from/2023-04-25/to/2023-06-06/sort/date/direction/desc/resource/4449/title/care-for-gods-family
9572,YT4942SermonPM07.05.23,transcript_link,https://www.printandaudio.org.uk/app/explore/resources/type/sermons/church/jesmond-parish-church/from/2023-04-25/to/2023-06-06/sort/date/direction/desc/resource/4448/title/dont-give-up,https://www.printandaudio.org.uk/app/explore/resources/type/sermons/church/jesmond-parish-church/from/2023-04-25/to/2023-06-06/sort/date/direction/desc/resource/4448/title/dont-give-up
9577,YT4962SermonAM14.05.23,transcript_link,https://www.printandaudio.org.uk/app/explore/resources/type/sermons/church/jesmond-parish-church/from/2023-04-25/to/2023-06-06/sort/date/direction/desc/resource/4450/title/perseverance,https://www.printandaudio.org.uk/app/explore/resources/type/sermons/church/jesmond-parish-church/from/2023-04-25/to/2023-06-06/sort/date/direction/desc/resource/4450/title/perseverance
9577,YT4962SermonAM14.05.23,audio_link,https://www.printandaudio.org.uk/app/explore/resources/type/sermons/church/jesmond-parish-church/from/2023-04-25/to/2023-06-06/sort/date/direction/desc/resource/4450/title/perseverance,https://www.printandaudio.org.uk/app/explore/resources/type/sermons/church/jesmond-parish-church/from/2023-04-25/to/2023-06-06/sort/date/direction/desc/resource/4450/title/perseverance
9578,YT4963SermonPM14.05.23,transcript_link,https://www.printandaudio.org.uk/app/explore/resources/type/sermons/church/jesmond-parish-church/from/2023-04-25/to/2023-06-06/sort/date/direction/desc/resource/4451/title/taking-jesus-to-other-planets,https://www.printandaudio.org.uk/app/explore/resources/type/sermons/church/jesmond-parish-church/from/2023-04-25/to/2023-06-06/sort/date/direction/desc/resource/4451/title/taking-jesus-to-other-planets
9578,YT4963SermonPM14.05.23,audio_link,https://www.printandaudio.org.uk/app/explore/resources/type/sermons/church/jesmond-parish-church/from/2023-04-25/to/2023-06-06/sort/date/direction/desc/resource/4451/title/taking-jesus-to-other-planets,https://www.printandaudio.org.uk/app/explore/resources/type/sermons/church/jesmond-parish-church/from/2023-04-25/to/2023-06-06/sort/date/direction/desc/resource/4451/title/taking-jesus-to-other-planets
9594,YT4969SermonPM21.05.23,transcript_link,https://www.printandaudio.org.uk/app/explore/resources/type/sermons/church/jesmond-parish-church/from/2023-04-25/to/2023-06-06/sort/date/direction/desc/resource/4452/title/trusting-god-with-our-evangelism,https://www.printandaudio.org.uk/app/explore/resources/type/sermons/church/jesmond-parish-church/from/2023-04-25/to/2023-06-06/sort/date/direction/desc/resource/4452/title/trusting-god-with-our-evangelism
9594,YT4969SermonPM21.05.23,audio_link,https://www.printandaudio.org.uk/app/explore/resources/type/sermons/church/jesmond-parish-church/from/2023-04-25/to/2023-06-06/sort/date/direction/desc/resource/4452/title/trusting-god-with-our-evangelism,https://www.printandaudio.org.uk/app/explore/resources/type/sermons/church/jesmond-parish-church/from/2023-04-25/to/2023-06-06/sort/date/direction/desc/resource/4452/title/trusting-god-with-our-evangelism
9598,YT4974SermonAM28.05.23,transcript_link,https://www.printandaudio.org.uk/app/explore/resources/type/sermons/church/jesmond-parish-church/from/2023-04-25/to/2023-06-06/sort/date/direction/desc/resource/4454/title/revived-by-gods-word,https://www.printandaudio.org.uk/app/explore/resources/type/sermons/church/jesmond-parish-church/from/2023-04-25/to/2023-06-06/sort/date/direction/desc/resource/4454/title/revived-by-gods-word
9598,YT4974SermonAM28.05.23,audio_link,https://www.printandaudio.org.uk/app/explore/resources/type/sermons/church/jesmond-parish-church/from/2023-04-25/to/2023-06-06/sort/date/direction/desc/resource/4454/title/revived-by-gods-word,https://www.printandaudio.org.uk/app/explore/resources/type/sermons/church/jesmond-parish-church/from/2023-04-25/to/2023-06-06/sort/date/direction/desc/resource/4454/title/revived-by-gods-word
9599,YT4975SermonPM28.05.23,transcript_link,https://www.printandaudio.org.uk/app/explore/resources/type/sermons/church/jesmond-parish-church/from/2023-04-25/to/2023-06-06/sort/date/direction/desc/resource/4453/title/the-apostle-pauls-missionary-methods,https://www.printandaudio.org.uk/app/explore/resources/type/sermons/church/jesmond-parish-church/from/2023-04-25/to/2023-06-06/sort/date/direction/desc/resource/4453/title/the-apostle-pauls-missionary-methods
9599,YT4975SermonPM28.05.23,audio_link,https://www.printandaudio.org.uk/app/explore/resources/type/sermons/church/jesmond-parish-church/from/2023-04-25/to/2023-06-06/sort/date/direction/desc/resource/4453/title/the-apostle-pauls-missionary-methods,https://www.printandaudio.org.uk/app/explore/resources/type/sermons/church/jesmond-parish-church/from/2023-04-25/to/2023-06-06/sort/date/direction/desc/resource/4453/title/the-apostle-pauls-missionary-methods
9611,YT4980SermonAM04.06.23,transcript_link,https://www.printandaudio.org.uk/app/explore/resources/type/sermons/church/jesmond-parish-church/from/2023-05-01/to/2023-06-12/sort/date/direction/desc/resource/4455/title/the-god-who-welcomes-us-back,https://www.printandaudio.org.uk/app/explore/resources/type/sermons/church/jesmond-parish-church/from/2023-05-01/to/2023-06-12/sort/date/direction/desc/resource/4455/title/the-god-who-welcomes-us-back
9611,YT4980SermonAM04.06.23,audio_link,https://www.printandaudio.org.uk/app/explore/resources/type/sermons/church/jesmond-parish-church/from/2023-05-22/to/2023-07-03/sort/date/direction/desc/resource/4455/title/the-god-who-welcomes-us-back,https://www.printandaudio.org.uk/app/explore/resources/type/sermons/church/jesmond-parish-church/from/2023-05-22/to/2023-07-03/sort/date/direction/desc/resource/4455/title/the-god-who-welcomes-us-back
9612,YT4981SermonPM04.06.23,transcript_link,https://www.printandaudio.org.uk/app/explore/resources/type/sermons/church/jesmond-parish-church/from/2023-05-01/to/2023-06-12/sort/date/direction/desc/resource/4456/title/the-holy-spirit-changes-us,https://www.printandaudio.org.uk/app/explore/resources/type/sermons/church/jesmond-parish-church/from/2023-05-01/to/2023-06-12/sort/date/direction/desc/resource/4456/title/the-holy-spirit-changes-us
9612,YT4981SermonPM04.06.23,audio_link,https://www.printandaudio.org.uk/app/explore/resources/type/sermons/church/jesmond-parish-church/from/2023-05-22/to/2023-07-03/sort/date/direction/desc/resource/4456/title/the-holy-spirit-changes-us,https://www.printandaudio.org.uk/app/explore/resources/type/sermons/church/jesmond-parish-church/from/2023-05-22/to/2023-07-03/sort/date/direction/desc/resource/4456/title/the-holy-spirit-changes-us
9638,YT4986SermonAM11.06.23,transcript_link,https://www.printandaudio.org.uk/app/explore/resources/type/sermons/church/jesmond-parish-church/from/2023-05-22/to/2023-07-03/sort/date/direction/desc/resource/4457/title/the-life-were-forgiven-for,https://www.printandaudio.org.uk/app/explore/resources/type/sermons/church/jesmond-parish-church/from/2023-05-22/to/2023-07-03/sort/date/direction/desc/resource/4457/title/the-life-were-forgiven-for
9638,YT4986SermonAM11.06.23,audio_link,https://www.printandaudio.org.uk/app/explore/resources/type/sermons/church/jesmond-parish-church/from/2023-05-22/to/2023-07-03/sort/date/direction/desc/resource/4457/title/the-life-were-forgiven-for,https://www.printandaudio.org.uk/app/explore/resources/type/sermons/church/jesmond-parish-church/from/2023-05-22/to/2023-07-03/sort/date/direction/desc/resource/4457/title/the-life-were-forgiven-for
9659,YT4993SermonPM18.06.23,transcript_link,https://www.printandaudio.org.uk/app/explore/resources/type/sermons/church/jesmond-parish-church/from/2023-05-22/to/2023-07-03/sort/date/direction/desc/resource/4459/title/and-god,https://www.printandaudio.org.uk/app/explore/resources/type/sermons/church/jesmond-parish-church/from/2023-05-22/to/2023-07-03/sort/date/direction/desc/resource/4459/title/and-god
9659,YT4993SermonPM18.06.23,audio_link,https://www.printandaudio.org.uk/app/explore/resources/type/sermons/church/jesmond-parish-church/from/2023-05-22/to/2023-07-03/sort/date/direction/desc/resource/4459/title/and-god,https://www.printandaudio.org.uk/app/explore/resources/type/sermons/church/jesmond-parish-church/from/2023-05-22/to/2023-07-03/sort/date/direction/desc/resource/4459/title/and-god
9667,YT5010SermonAM25.06.23,transcript_link,https://www.printandaudio.org.uk/app/explore/resources/type/sermons/church/jesmond-parish-church/from/2023-05-22/to/2023-07-03/sort/date/direction/desc/resource/4461/title/the-hope-of-holiness,https://www.printandaudio.org.uk/app/explore/resources/type/sermons/church/jesmond-parish-church/from/2023-05-22/to/2023-07-03/sort/date/direction/desc/resource/4461/title/the-hope-of-holiness
9667,YT5010SermonAM25.06.23,audio_link,https://www.printandaudio.org.uk/app/explore/resources/type/sermons/church/jesmond-parish-church/from/2023-05-22/to/2023-07-03/sort/date/direction/desc/resource/4461/title/the-hope-of-holiness,https://www.printandaudio.org.uk/app/explore/resources/type/sermons/church/jesmond-parish-church/from/2023-05-22/to/2023-07-03/sort/date/direction/desc/resource/4461/title/the-hope-of-holiness
9703,YT5011SermonPM25.06.23,transcript_link,https://www.printandaudio.org.uk/app/explore/resources/type/sermons/church/jesmond-parish-church/from/2023-05-22/to/2023-07-03/sort/date/direction/desc/resource/4460/title/the-prevailing-world,https://www.printandaudio.org.uk/app/explore/resources/type/sermons/church/jesmond-parish-church/from/2023-05-22/to/2023-07-03/sort/date/direction/desc/resource/4460/title/the-prevailing-world
9703,YT5011SermonPM25.06.23,audio_link,https://www.printandaudio.org.uk/app/explore/resources/type/sermons/church/jesmond-parish-church/from/2023-05-22/to/2023-07-03/sort/date/direction/desc/resource/4460/title/the-prevailing-world,https://www.printandaudio.org.uk/app/explore/resources/type/sermons/church/jesmond-parish-church/from/2023-05-22/to/2023-07-03/sort/date/direction/desc/resource/4460/title/the-prevailing-world
9735,YT5039SermonPM02.07.23,transcript_link,https://www.printandaudio.org.uk/app/explore/resources/type/sermons/church/jesmond-parish-church/from/2023-06-21/to/2023-08-02/sort/date/direction/desc/resource/4463/title/jesus-on-men-and-women,https://www.printandaudio.org.uk/app/explore/resources/type/sermons/church/jesmond-parish-church/from/2023-06-21/to/2023-08-02/sort/date/direction/desc/resource/4463/title/jesus-on-men-and-women
9735,YT5039SermonPM02.07.23,audio_link,https://www.printandaudio.org.uk/app/explore/resources/type/sermons/church/jesmond-parish-church/from/2023-06-21/to/2023-08-02/sort/date/direction/desc/resource/4463/title/jesus-on-men-and-women,https://www.printandaudio.org.uk/app/explore/resources/type/sermons/church/jesmond-parish-church/from/2023-06-21/to/2023-08-02/sort/date/direction/desc/resource/4463/title/jesus-on-men-and-women
9744,YT5038SermonAM02.07.23,transcript_link,https://www.printandaudio.org.uk/app/explore/resources/type/sermons/church/jesmond-parish-church/from/2023-06-21/to/2023-08-02/sort/date/direction/desc/resource/4462/title/the-death-of-death,https://www.printandaudio.org.uk/app/explore/resources/type/sermons/church/jesmond-parish-church/from/2023-06-21/to/2023-08-02/sort/date/direction/desc/resource/4462/title/the-death-of-death
9744,YT5038SermonAM02.07.23,audio_link,https://www.printandaudio.org.uk/app/explore/resources/type/sermons/church/jesmond-parish-church/from/2023-06-21/to/2023-08-02/sort/date/direction/desc/resource/4462/title/the-death-of-death,https://www.printandaudio.org.uk/app/explore/resources/type/sermons/church/jesmond-parish-church/from/2023-06-21/to/2023-08-02/sort/date/direction/desc/resource/4462/title/the-death-of-death
9761,YT5045SermonAM09.07.23,transcript_link,https://www.printandaudio.org.uk/app/explore/resources/type/sermons/church/jesmond-parish-church/from/2023-06-21/to/2023-08-02/sort/date/direction/desc/resource/4464/title/what-hope-is-there-for-the-church,https://www.printandaudio.org.uk/app/explore/resources/type/sermons/church/jesmond-parish-church/from/2023-06-21/to/2023-08-02/sort/date/direction/desc/resource/4464/title/what-hope-is-there-for-the-church
9761,YT5045SermonAM09.07.23,audio_link,https://www.printandaudio.org.uk/app/explore/resources/type/sermons/church/jesmond-parish-church/from/2023-06-21/to/2023-08-02/sort/date/direction/desc/resource/4464/title/what-hope-is-there-for-the-church,https://www.printandaudio.org.uk/app/explore/resources/type/sermons/church/jesmond-parish-church/from/2023-06-21/to/2023-08-02/sort/date/direction/desc/resource/4464/title/what-hope-is-there-for-the-church
9762,YT5046SermonPM09.07.23,transcript_link,https://www.printandaudio.org.uk/app/explore/resources/type/sermons/church/jesmond-parish-church/from/2023-06-21/to/2023-08-02/sort/date/direction/desc/resource/4465/title/what-marriage-is-and-what-its-for,https://www.printandaudio.org.uk/app/explore/resources/type/sermons/church/jesmond-parish-church/from/2023-06-21/to/2023-08-02/sort/date/direction/desc/resource/4465/title/what-marriage-is-and-what-its-for
9762,YT5046SermonPM09.07.23,audio_link,https://www.printandaudio.org.uk/app/explore/resources/type/sermons/church/jesmond-parish-church/from/2023-06-21/to/2023-08-02/sort/date/direction/desc/resource/4465/title/what-marriage-is-and-what-its-for,https://www.printandaudio.org.uk/app/explore/resources/type/sermons/church/jesmond-parish-church/from/2023-06-21/to/2023-08-02/sort/date/direction/desc/resource/4465/title/what-marriage-is-and-what-its-for
9829,YT5052MasterSermonAM16.07.23,transcript_link,https://www.printandaudio.org.uk/app/explore/resources/type/sermons/church/jesmond-parish-church/from/2023-06-21/to/2023-08-02/sort/date/direction/desc/resource/4466/title/seeing-gods-face-and-reigning-with-him,https://www.printandaudio.org.uk/app/explore/resources/type/sermons/church/jesmond-parish-church/from/2023-06-21/to/2023-08-02/sort/date/direction/desc/resource/4466/title/seeing-gods-face-and-reigning-with-him
9829,YT5052MasterSermonAM16.07.23,audio_link,https://www.printandaudio.org.uk/app/explore/resources/type/sermons/church/jesmond-parish-church/from/2023-06-21/to/2023-08-02/sort/date/direction/desc/resource/4466/title/seeing-gods-face-and-reigning-with-him,https://www.printandaudio.org.uk/app/explore/resources/type/sermons/church/jesmond-parish-church/from/2023-06-21/to/2023-08-02/sort/date/direction/desc/resource/4466/title/seeing-gods-face-and-reigning-with-him
9835,YT5053MasterSermonPM16.07.23,transcript_link,https://www.printandaudio.org.uk/app/explore/resources/type/sermons/church/jesmond-parish-church/from/2023-06-21/to/2023-08-02/sort/date/direction/desc/resource/4467/title/jesus-teaching-on-divorce,https://www.printandaudio.org.uk/app/explore/resources/type/sermons/church/jesmond-parish-church/from/2023-06-21/to/2023-08-02/sort/date/direction/desc/resource/4467/title/jesus-teaching-on-divorce
9835,YT5053MasterSermonPM16.07.23,audio_link,https://www.printandaudio.org.uk/app/explore/resources/type/sermons/church/jesmond-parish-church/from/2023-06-21/to/2023-08-02/sort/date/direction/desc/resource/4467/title/jesus-teaching-on-divorce,https://www.printandaudio.org.uk/app/explore/resources/type/sermons/church/jesmond-parish-church/from/2023-06-21/to/2023-08-02/sort/date/direction/desc/resource/4467/title/jesus-teaching-on-divorce
9847,YT5114SermonPM23.07.23,transcript_link,https://www.printandaudio.org.uk/app/explore/resources/type/sermons/church/jesmond-parish-church/from/2023-06-21/to/2023-08-02/sort/date/direction/desc/resource/4468/title/singleness-and-how-to-live-it,https://www.printandaudio.org.uk/app/explore/resources/type/sermons/church/jesmond-parish-church/from/2023-06-21/to/2023-08-02/sort/date/direction/desc/resource/4468/title/singleness-and-how-to-live-it
9847,YT5114SermonPM23.07.23,audio_link,https://www.printandaudio.org.uk/app/explore/resources/type/sermons/church/jesmond-parish-church/from/2023-06-21/to/2023-08-02/sort/date/direction/desc/resource/4468/title/singleness-and-how-to-live-it,https://www.printandaudio.org.uk/app/explore/resources/type/sermons/church/jesmond-parish-church/from/2023-06-21/to/2023-08-02/sort/date/direction/desc/resource/4468/title/singleness-and-how-to-live-it
9850,YT5113SermonAM23.07.23,transcript_link,https://www.printandaudio.org.uk/app/explore/resources/type/sermons/church/jesmond-parish-church/from/2023-06-21/to/2023-08-02/sort/date/direction/desc/resource/4469/title/the-return-of-the-king,https://www.printandaudio.org.uk/app/explore/resources/type/sermons/church/jesmond-parish-church/from/2023-06-21/to/2023-08-02/sort/date/direction/desc/resource/4469/title/the-return-of-the-king
9850,YT5113SermonAM23.07.23,audio_link,https://www.printandaudio.org.uk/app/explore/resources/type/sermons/church/jesmond-parish-church/from/2023-06-21/to/2023-08-02/sort/date/direction/desc/resource/4469/title/the-return-of-the-king,https://www.printandaudio.org.uk/app/explore/resources/type/sermons/church/jesmond-parish-church/from/2023-06-21/to/2023-08-02/sort/date/direction/desc/resource/4469/title/the-return-of-the-king
9860,YT5121SermonPM30.07.23,transcript_link,https://www.printandaudio.org.uk/app/explore/resources/type/sermons/church/jesmond-parish-church/from/2023-06-21/to/2023-08-02/sort/date/direction/desc/resource/4471/title/a-pattern-of-repentance,https://www.printandaudio.org.uk/app/explore/resources/type/sermons/church/jesmond-parish-church/from/2023-06-21/to/2023-08-02/sort/date/direction/desc/resource/4471/title/a-pattern-of-repentance
9860,YT5121SermonPM30.07.23,audio_link,https://www.printandaudio.org.uk/app/explore/resources/type/sermons/church/jesmond-parish-church/from/2023-07-24/to/2023-09-04/sort/date/direction/desc/resource/4471/title/a-pattern-of-repentance,https://www.printandaudio.org.uk/app/explore/resources/type/sermons/church/jesmond-parish-church/from/2023-07-24/to/2023-09-04/sort/date/direction/desc/resource/4471/title/a-pattern-of-repentance
9864,YT5126SermonAM06.08.23,transcript_link,https://www.printandaudio.org.uk/app/explore/resources/type/sermons/church/jesmond-parish-church/from/2023-07-24/to/2023-09-04/sort/date/direction/desc/resource/4472/title/true-wisdom-to-live-by,https://www.printandaudio.org.uk/app/explore/resources/type/sermons/church/jesmond-parish-church/from/2023-07-24/to/2023-09-04/sort/date/direction/desc/resource/4472/title/true-wisdom-to-live-by
9864,YT5126SermonAM06.08.23,audio_link,https://www.printandaudio.org.uk/app/explore/resources/type/sermons/church/jesmond-parish-church/from/2023-07-24/to/2023-09-04/sort/date/direction/desc/resource/4472/title/true-wisdom-to-live-by,https://www.printandaudio.org.uk/app/explore/resources/type/sermons/church/jesmond-parish-church/from/2023-07-24/to/2023-09-04/sort/date/direction/desc/resource/4472/title/true-wisdom-to-live-by
9915,YT5127SermonPM06.08.23,transcript_link,https://www.printandaudio.org.uk/app/explore/resources/type/sermons/church/jesmond-parish-church/from/2023-07-24/to/2023-09-04/sort/date/direction/desc/resource/4473/title/psalm-32,https://www.printandaudio.org.uk/app/explore/resources/type/sermons/church/jesmond-parish-church/from/2023-07-24/to/2023-09-04/sort/date/direction/desc/resource/4473/title/psalm-32
9915,YT5127SermonPM06.08.23,audio_link,https://www.printandaudio.org.uk/app/explore/resources/type/sermons/church/jesmond-parish-church/from/2023-07-24/to/2023-09-04/sort/date/direction/desc/resource/4473/title/psalm-32,https://www.printandaudio.org.uk/app/explore/resources/type/sermons/church/jesmond-parish-church/from/2023-07-24/to/2023-09-04/sort/date/direction/desc/resource/4473/title/psalm-32
9939,YT5180SermonAM13.08.23,transcript_link,https://www.printandaudio.org.uk/app/explore/resources/type/sermons/church/jesmond-parish-church/from/2023-07-24/to/2023-09-04/sort/date/direction/desc/resource/4474/title/how-to-have-a-glad-heart,https://www.printandaudio.org.uk/app/explore/resources/type/sermons/church/jesmond-parish-church/from/2023-07-24/to/2023-09-04/sort/date/direction/desc/resource/4474/title/how-to-have-a-glad-heart
9939,YT5180SermonAM13.08.23,audio_link,https://www.printandaudio.org.uk/app/explore/resources/type/sermons/church/jesmond-parish-church/from/2023-07-24/to/2023-09-04/sort/date/direction/desc/resource/4474/title/how-to-have-a-glad-heart,https://www.printandaudio.org.uk/app/explore/resources/type/sermons/church/jesmond-parish-church/from/2023-07-24/to/2023-09-04/sort/date/direction/desc/resource/4474/title/how-to-have-a-glad-heart
9942,YT5176SermonPM13.08.23,transcript_link,https://www.printandaudio.org.uk/app/explore/resources/type/sermons/church/jesmond-parish-church/from/2023-07-24/to/2023-09-04/sort/date/direction/desc/resource/4475/title/king-davids-song-of-praise,https://www.printandaudio.org.uk/app/explore/resources/type/sermons/church/jesmond-parish-church/from/2023-07-24/to/2023-09-04/sort/date/direction/desc/resource/4475/title/king-davids-song-of-praise
9942,YT5176SermonPM13.08.23,audio_link,https://www.printandaudio.org.uk/app/explore/resources/type/sermons/church/jesmond-parish-church/from/2023-07-24/to/2023-09-04/sort/date/direction/desc/resource/4475/title/king-davids-song-of-praise,https://www.printandaudio.org.uk/app/explore/resources/type/sermons/church/jesmond-parish-church/from/2023-07-24/to/2023-09-04/sort/date/direction/desc/resource/4475/title/king-davids-song-of-praise
9943,YT5186SermonAM20.08.23,transcript_link,https://www.printandaudio.org.uk/app/explore/resources/type/sermons/church/jesmond-parish-church/from/2023-07-24/to/2023-09-04/sort/date/direction/desc/resource/4476/title/wise-prayer,https://www.printandaudio.org.uk/app/explore/resources/type/sermons/church/jesmond-parish-church/from/2023-07-24/to/2023-09-04/sort/date/direction/desc/resource/4476/title/wise-prayer
9943,YT5186SermonAM20.08.23,audio_link,https://www.printandaudio.org.uk/app/explore/resources/type/sermons/church/jesmond-parish-church/from/2023-07-24/to/2023-09-04/sort/date/direction/desc/resource/4476/title/wise-prayer,https://www.printandaudio.org.uk/app/explore/resources/type/sermons/church/jesmond-parish-church/from/2023-07-24/to/2023-09-04/sort/date/direction/desc/resource/4476/title/wise-prayer
9944,YT5182SermonPM20.08.23,transcript_link,https://www.printandaudio.org.uk/app/explore/resources/type/sermons/church/jesmond-parish-church/from/2023-07-24/to/2023-09-04/sort/date/direction/desc/resource/4477/title/shepherd-of-the-soul,https://www.printandaudio.org.uk/app/explore/resources/type/sermons/church/jesmond-parish-church/from/2023-07-24/to/2023-09-04/sort/date/direction/desc/resource/4477/title/shepherd-of-the-soul
9944,YT5182SermonPM20.08.23,audio_link,https://www.printandaudio.org.uk/app/explore/resources/type/sermons/church/jesmond-parish-church/from/2023-07-24/to/2023-09-04/sort/date/direction/desc/resource/4477/title/shepherd-of-the-soul,https://www.printandaudio.org.uk/app/explore/resources/type/sermons/church/jesmond-parish-church/from/2023-07-24/to/2023-09-04/sort/date/direction/desc/resource/4477/title/shepherd-of-the-soul
9957,YT5208SermonPM27.08.23,transcript_link,https://www.printandaudio.org.uk/app/explore/resources/type/sermons/church/jesmond-parish-church/from/2023-07-24/to/2023-09-04/sort/date/direction/desc/resource/4478/title/longing-to-be-home,https://www.printandaudio.org.uk/app/explore/resources/type/sermons/church/jesmond-parish-church/from/2023-07-24/to/2023-09-04/sort/date/direction/desc/resource/4478/title/longing-to-be-home
9957,YT5208SermonPM27.08.23,audio_link,https://www.printandaudio.org.uk/app/explore/resources/type/sermons/church/jesmond-parish-church/from/2023-07-24/to/2023-09-04/sort/date/direction/desc/resource/4478/title/longing-to-be-home,https://www.printandaudio.org.uk/app/explore/resources/type/sermons/church/jesmond-parish-church/from/2023-07-24/to/2023-09-04/sort/date/direction/desc/resource/4478/title/longing-to-be-home
9970,YT5214SermonAM03.09.23,transcript_link,https://www.printandaudio.org.uk/app/explore/resources/type/sermons/church/jesmond-parish-church/from/2023-08-21/to/2023-10-02/sort/date/direction/desc/resource/4479/title/be-thankful,https://www.printandaudio.org.uk/app/explore/resources/type/sermons/church/jesmond-parish-church/from/2023-08-21/to/2023-10-02/sort/date/direction/desc/resource/4479/title/be-thankful
9970,YT5214SermonAM03.09.23,audio_link,https://www.printandaudio.org.uk/app/explore/resources/type/sermons/church/jesmond-parish-church/from/2023-08-21/to/2023-10-02/sort/date/direction/desc/resource/4479/title/be-thankful,https://www.printandaudio.org.uk/app/explore/resources/type/sermons/church/jesmond-parish-church/from/2023-08-21/to/2023-10-02/sort/date/direction/desc/resource/4479/title/be-thankful
9974,YT5219SermonAM10.09.23,transcript_link,https://www.printandaudio.org.uk/app/explore/resources/type/sermons/church/jesmond-parish-church/from/2023-08-21/to/2023-10-02/sort/date/direction/desc/resource/4482/title/how-can-we-pray-for-each-other,https://www.printandaudio.org.uk/app/explore/resources/type/sermons/church/jesmond-parish-church/from/2023-08-21/to/2023-10-02/sort/date/direction/desc/resource/4482/title/how-can-we-pray-for-each-other
9974,YT5219SermonAM10.09.23,audio_link,https://www.printandaudio.org.uk/app/explore/resources/type/sermons/church/jesmond-parish-church/from/2023-08-21/to/2023-10-02/sort/date/direction/desc/resource/4482/title/how-can-we-pray-for-each-other,https://www.printandaudio.org.uk/app/explore/resources/type/sermons/church/jesmond-parish-church/from/2023-08-21/to/2023-10-02/sort/date/direction/desc/resource/4482/title/how-can-we-pray-for-each-other
9975,YT5220SermonPM10.09.23,transcript_link,https://www.printandaudio.org.uk/app/explore/resources/type/sermons/church/jesmond-parish-church/from/2023-08-21/to/2023-10-02/sort/date/direction/desc/resource/4481/title/jesus-on-service,https://www.printandaudio.org.uk/app/explore/resources/type/sermons/church/jesmond-parish-church/from/2023-08-21/to/2023-10-02/sort/date/direction/desc/resource/4481/title/jesus-on-service
9976,YT5213SermonPM03.09.23,transcript_link,https://www.printandaudio.org.uk/app/explore/resources/type/sermons/church/jesmond-parish-church/from/2023-08-21/to/2023-10-02/sort/date/direction/desc/resource/4480/title/amazing-faith,https://www.printandaudio.org.uk/app/explore/resources/type/sermons/church/jesmond-parish-church/from/2023-08-21/to/2023-10-02/sort/date/direction/desc/resource/4480/title/amazing-faith
9976,YT5213SermonPM03.09.23,audio_link,https://www.printandaudio.org.uk/app/explore/resources/type/sermons/church/jesmond-parish-church/from/2023-08-21/to/2023-10-02/sort/date/direction/desc/resource/4480/title/amazing-faith,https://www.printandaudio.org.uk/app/explore/resources/type/sermons/church/jesmond-parish-church/from/2023-08-21/to/2023-10-02/sort/date/direction/desc/resource/4480/title/amazing-faith
9988,YT5226SermonPM17.09.23,transcript_link,https://www.printandaudio.org.uk/app/explore/resources/type/sermons/church/jesmond-parish-church/from/2023-08-21/to/2023-10-02/sort/date/direction/desc/resource/4483/title/christs-compassion-in-the-face-of-grief,https://www.printandaudio.org.uk/app/explore/resources/type/sermons/church/jesmond-parish-church/from/2023-08-21/to/2023-10-02/sort/date/direction/desc/resource/4483/title/christs-compassion-in-the-face-of-grief
9988,YT5226SermonPM17.09.23,audio_link,https://www.printandaudio.org.uk/app/explore/resources/type/sermons/church/jesmond-parish-church/from/2023-08-21/to/2023-10-02/sort/date/direction/desc/resource/4483/title/christs-compassion-in-the-face-of-grief,https://www.printandaudio.org.uk/app/explore/resources/type/sermons/church/jesmond-parish-church/from/2023-08-21/to/2023-10-02/sort/date/direction/desc/resource/4483/title/christs-compassion-in-the-face-of-grief
9999,YT5231SermonAM24.09.23,transcript_link,https://www.printandaudio.org.uk/app/explore/resources/type/sermons/church/jesmond-parish-church/from/2023-08-21/to/2023-10-02/sort/date/direction/desc/resource/4485/title/the-true-g-o-a-t-greatest-of-all-time,https://www.printandaudio.org.uk/app/explore/resources/type/sermons/church/jesmond-parish-church/from/2023-08-21/to/2023-10-02/sort/date/direction/desc/resource/4485/title/the-true-g-o-a-t-greatest-of-all-time
9999,YT5231SermonAM24.09.23,audio_link,https://www.printandaudio.org.uk/app/explore/resources/type/sermons/church/jesmond-parish-church/from/2023-08-21/to/2023-10-02/sort/date/direction/desc/resource/4485/title/the-true-g-o-a-t-greatest-of-all-time,https://www.printandaudio.org.uk/app/explore/resources/type/sermons/church/jesmond-parish-church/from/2023-08-21/to/2023-10-02/sort/date/direction/desc/resource/4485/title/the-true-g-o-a-t-greatest-of-all-time
10000,YT5232SermonPM24.09.23,transcript_link,https://www.printandaudio.org.uk/app/explore/resources/type/sermons/church/jesmond-parish-church/from/2023-08-21/to/2023-10-02/sort/date/direction/desc/resource/4484/title/do-i-really-want-to-live-as-a-christian,https://www.printandaudio.org.uk/app/explore/resources/type/sermons/church/jesmond-parish-church/from/2023-08-21/to/2023-10-02/sort/date/direction/desc/resource/4484/title/do-i-really-want-to-live-as-a-christian
10000,YT5232SermonPM24.09.23,audio_link,https://www.printandaudio.org.uk/app/explore/resources/type/sermons/church/jesmond-parish-church/from/2023-08-21/to/2023-10-02/sort/date/direction/desc/resource/4484/title/do-i-really-want-to-live-as-a-christian,https://www.printandaudio.org.uk/app/explore/resources/type/sermons/church/jesmond-parish-church/from/2023-08-21/to/2023-10-02/sort/date/direction/desc/resource/4484/title/do-i-really-want-to-live-as-a-christian
10005,YT5237SermonAM01.10.23,transcript_link,https://www.printandaudio.org.uk/app/explore/resources/type/sermons/church/jesmond-parish-church/from/2023-09-25/to/2023-11-06/sort/date/direction/desc/resource/4487/title/guarding-the-gospel,https://www.printandaudio.org.uk/app/explore/resources/type/sermons/church/jesmond-parish-church/from/2023-09-25/to/2023-11-06/sort/date/direction/desc/resource/4487/title/guarding-the-gospel
10005,YT5237SermonAM01.10.23,audio_link,https://www.printandaudio.org.uk/app/explore/resources/type/sermons/church/jesmond-parish-church/from/2023-09-25/to/2023-11-06/sort/date/direction/desc/resource/4487/title/guarding-the-gospel,https://www.printandaudio.org.uk/app/explore/resources/type/sermons/church/jesmond-parish-church/from/2023-09-25/to/2023-11-06/sort/date/direction/desc/resource/4487/title/guarding-the-gospel
10013,YT5238SermonPM01.10.23,transcript_link,https://www.printandaudio.org.uk/app/explore/resources/type/sermons/church/jesmond-parish-church/from/2023-09-25/to/2023-11-06/sort/date/direction/desc/resource/4486/title/where-does-your-heart-belong,https://www.printandaudio.org.uk/app/explore/resources/type/sermons/church/jesmond-parish-church/from/2023-09-25/to/2023-11-06/sort/date/direction/desc/resource/4486/title/where-does-your-heart-belong
10013,YT5238SermonPM01.10.23,audio_link,https://www.printandaudio.org.uk/app/explore/resources/type/sermons/church/jesmond-parish-church/from/2023-09-25/to/2023-11-06/sort/date/direction/desc/resource/4486/title/where-does-your-heart-belong,https://www.printandaudio.org.uk/app/explore/resources/type/sermons/church/jesmond-parish-church/from/2023-09-25/to/2023-11-06/sort/date/direction/desc/resource/4486/title/where-does-your-heart-belong
10026,YT5244SermonPM08.10.23,transcript_link,https://www.printandaudio.org.uk/app/explore/resources/type/sermons/church/jesmond-parish-church/from/2023-09-25/to/2023-11-06/sort/date/direction/desc/resource/4489/title/what-are-you-like,https://www.printandaudio.org.uk/app/explore/resources/type/sermons/church/jesmond-parish-church/from/2023-09-25/to/2023-11-06/sort/date/direction/desc/resource/4489/title/what-are-you-like
10026,YT5244SermonPM08.10.23,audio_link,https://www.printandaudio.org.uk/app/explore/resources/type/sermons/church/jesmond-parish-church/from/2023-09-25/to/2023-11-06/sort/date/direction/desc/resource/4489/title/what-are-you-like,https://www.printandaudio.org.uk/app/explore/resources/type/sermons/church/jesmond-parish-church/from/2023-09-25/to/2023-11-06/sort/date/direction/desc/resource/4489/title/what-are-you-like
10027,YT5243SermonAM08.10.23,transcript_link,https://www.printandaudio.org.uk/app/explore/resources/type/sermons/church/jesmond-parish-church/from/2023-09-25/to/2023-11-06/sort/date/direction/desc/resource/4488/title/continue-as-you-started,https://www.printandaudio.org.uk/app/explore/resources/type/sermons/church/jesmond-parish-church/from/2023-09-25/to/2023-11-06/sort/date/direction/desc/resource/4488/title/continue-as-you-started
10027,YT5243SermonAM08.10.23,audio_link,https://www.printandaudio.org.uk/app/explore/resources/type/sermons/church/jesmond-parish-church/from/2023-09-25/to/2023-11-06/sort/date/direction/desc/resource/4488/title/continue-as-you-started,https://www.printandaudio.org.uk/app/explore/resources/type/sermons/church/jesmond-parish-church/from/2023-09-25/to/2023-11-06/sort/date/direction/desc/resource/4488/title/continue-as-you-started
10034,YT5266SermonPM15.10.23,transcript_link,https://www.printandaudio.org.uk/app/explore/resources/type/sermons/church/jesmond-parish-church/from/2023-09-25/to/2023-11-06/sort/date/direction/desc/resource/4490/title/take-care-how-you-hear,https://www.printandaudio.org.uk/app/explore/resources/type/sermons/church/jesmond-parish-church/from/2023-09-25/to/2023-11-06/sort/date/direction/desc/resource/4490/title/take-care-how-you-hear
10034,YT5266SermonPM15.10.23,audio_link,https://www.printandaudio.org.uk/app/explore/resources/type/sermons/church/jesmond-parish-church/from/2023-09-25/to/2023-11-06/sort/date/direction/desc/resource/4490/title/take-care-how-you-hear,https://www.printandaudio.org.uk/app/explore/resources/type/sermons/church/jesmond-parish-church/from/2023-09-25/to/2023-11-06/sort/date/direction/desc/resource/4490/title/take-care-how-you-hear
10092,YT5277SermonAM29.10.23,transcript_link,https://www.printandaudio.org.uk/app/explore/resources/type/sermons/church/jesmond-parish-church/from/2023-10-23/to/2023-12-04/sort/date/direction/desc/resource/4492/title/colossians-28-15,https://www.printandaudio.org.uk/app/explore/resources/type/sermons/church/jesmond-parish-church/from/2023-10-23/to/2023-12-04/sort/date/direction/desc/resource/4492/title/colossians-28-15
10092,YT5277SermonAM29.10.23,audio_link,https://www.printandaudio.org.uk/app/explore/resources/type/sermons/church/jesmond-parish-church/from/2023-10-23/to/2023-12-04/sort/date/direction/desc/resource/4492/title/colossians-28-15,https://www.printandaudio.org.uk/app/explore/resources/type/sermons/church/jesmond-parish-church/from/2023-10-23/to/2023-12-04/sort/date/direction/desc/resource/4492/title/colossians-28-15
10095,YT5278SermonPM29.10.23,transcript_link,https://www.printandaudio.org.uk/app/explore/resources/type/sermons/church/jesmond-parish-church/from/2023-10-23/to/2023-12-04/sort/date/direction/desc/resource/4491/title/jesus-calms-a-storm,https://www.printandaudio.org.uk/app/explore/resources/type/sermons/church/jesmond-parish-church/from/2023-10-23/to/2023-12-04/sort/date/direction/desc/resource/4491/title/jesus-calms-a-storm
10095,YT5278SermonPM29.10.23,audio_link,https://www.printandaudio.org.uk/app/explore/resources/type/sermons/church/jesmond-parish-church/from/2023-10-23/to/2023-12-04/sort/date/direction/desc/resource/4491/title/jesus-calms-a-storm,https://www.printandaudio.org.uk/app/explore/resources/type/sermons/church/jesmond-parish-church/from/2023-10-23/to/2023-12-04/sort/date/direction/desc/resource/4491/title/jesus-calms-a-storm
10107,YT5283SermonAM05.11.23,transcript_link,https://www.printandaudio.org.uk/app/explore/resources/type/sermons/church/jesmond-parish-church/from/2023-10-23/to/2023-12-04/sort/date/direction/desc/resource/4493/title/in-christ-alone,https://www.printandaudio.org.uk/app/explore/resources/type/sermons/church/jesmond-parish-church/from/2023-10-23/to/2023-12-04/sort/date/direction/desc/resource/4493/title/in-christ-alone
10107,YT5283SermonAM05.11.23,audio_link,https://www.printandaudio.org.uk/app/explore/resources/type/sermons/church/jesmond-parish-church/from/2023-10-23/to/2023-12-04/sort/date/direction/desc/resource/4493/title/in-christ-alone,https://www.printandaudio.org.uk/app/explore/resources/type/sermons/church/jesmond-parish-church/from/2023-10-23/to/2023-12-04/sort/date/direction/desc/resource/4493/title/in-christ-alone
10108,YT5284SermonPM05.11.23,transcript_link,https://www.printandaudio.org.uk/app/explore/resources/type/sermons/church/jesmond-parish-church/from/2023-10-23/to/2023-12-04/sort/date/direction/desc/resource/4495/title/faith-fear-and-freedom,https://www.printandaudio.org.uk/app/explore/resources/type/sermons/church/jesmond-parish-church/from/2023-10-23/to/2023-12-04/sort/date/direction/desc/resource/4495/title/faith-fear-and-freedom
10108,YT5284SermonPM05.11.23,audio_link,https://www.printandaudio.org.uk/app/explore/resources/type/sermons/church/jesmond-parish-church/from/2023-10-23/to/2023-12-04/sort/date/direction/desc/resource/4495/title/faith-fear-and-freedom,https://www.printandaudio.org.uk/app/explore/resources/type/sermons/church/jesmond-parish-church/from/2023-10-23/to/2023-12-04/sort/date/direction/desc/resource/4495/title/faith-fear-and-freedom
10144,YT5289SermonAM12.11.23,transcript_link,https://www.printandaudio.org.uk/app/explore/resources/type/sermons/church/jesmond-parish-church/from/2023-10-23/to/2023-12-04/sort/date/direction/desc/resource/4494/title/what-does-being-a-christian-look-like,https://www.printandaudio.org.uk/app/explore/resources/type/sermons/church/jesmond-parish-church/from/2023-10-23/to/2023-12-04/sort/date/direction/desc/resource/4494/title/what-does-being-a-christian-look-like
10144,YT5289SermonAM12.11.23,audio_link,https://www.printandaudio.org.uk/app/explore/resources/type/sermons/church/jesmond-parish-church/from/2023-10-23/to/2023-12-04/sort/date/direction/desc/resource/4494/title/what-does-being-a-christian-look-like,https://www.printandaudio.org.uk/app/explore/resources/type/sermons/church/jesmond-parish-church/from/2023-10-23/to/2023-12-04/sort/date/direction/desc/resource/4494/title/what-does-being-a-christian-look-like
10145,YT5290SermonPM12.11.23,transcript_link,https://www.printandaudio.org.uk/app/explore/resources/type/sermons/church/jesmond-parish-church/from/2023-10-23/to/2023-12-04/sort/date/direction/desc/resource/4496/title/faith-in-the-face-of-desperation,https://www.printandaudio.org.uk/app/explore/resources/type/sermons/church/jesmond-parish-church/from/2023-10-23/to/2023-12-04/sort/date/direction/desc/resource/4496/title/faith-in-the-face-of-desperation
10145,YT5290SermonPM12.11.23,audio_link,https://www.printandaudio.org.uk/app/explore/resources/type/sermons/church/jesmond-parish-church/from/2023-10-23/to/2023-12-04/sort/date/direction/desc/resource/4496/title/faith-in-the-face-of-desperation,https://www.printandaudio.org.uk/app/explore/resources/type/sermons/church/jesmond-parish-church/from/2023-10-23/to/2023-12-04/sort/date/direction/desc/resource/4496/title/faith-in-the-face-of-desperation
10194,YT5333SermonPM19.11.23,transcript_link,https://www.printandaudio.org.uk/app/explore/resources/type/sermons/church/jesmond-parish-church/from/2023-10-23/to/2023-12-04/sort/date/direction/desc/resource/4497/title/what-is-the-source-of-satisfaction-in-your-life,https://www.printandaudio.org.uk/app/explore/resources/type/sermons/church/jesmond-parish-church/from/2023-10-23/to/2023-12-04/sort/date/direction/desc/resource/4497/title/what-is-the-source-of-satisfaction-in-your-life
10194,YT5333SermonPM19.11.23,audio_link,https://www.printandaudio.org.uk/app/explore/resources/type/sermons/church/jesmond-parish-church/from/2023-10-23/to/2023-12-04/sort/date/direction/desc/resource/4497/title/what-is-the-source-of-satisfaction-in-your-life,https://www.printandaudio.org.uk/app/explore/resources/type/sermons/church/jesmond-parish-church/from/2023-10-23/to/2023-12-04/sort/date/direction/desc/resource/4497/title/what-is-the-source-of-satisfaction-in-your-life
10210,YT5382SermonAM26.11.23,transcript_link,https://www.printandaudio.org.uk/app/explore/resources/type/sermons/church/jesmond-parish-church/from/2023-10-23/to/2023-12-04/sort/date/direction/desc/resource/4498/title/walking-in-christ,https://www.printandaudio.org.uk/app/explore/resources/type/sermons/church/jesmond-parish-church/from/2023-10-23/to/2023-12-04/sort/date/direction/desc/resource/4498/title/walking-in-christ
10210,YT5382SermonAM26.11.23,audio_link,https://www.printandaudio.org.uk/app/explore/resources/type/sermons/church/jesmond-parish-church/from/2023-10-23/to/2023-12-04/sort/date/direction/desc/resource/4498/title/walking-in-christ,https://www.printandaudio.org.uk/app/explore/resources/type/sermons/church/jesmond-parish-church/from/2023-10-23/to/2023-12-04/sort/date/direction/desc/resource/4498/title/walking-in-christ
10211,YT5383SermonPM26.11.23,transcript_link,https://www.printandaudio.org.uk/app/explore/resources/type/sermons/church/jesmond-parish-church/from/2023-10-23/to/2023-12-04/sort/date/direction/desc/resource/4499/title/who-do-you-say-jesus-is,https://www.printandaudio.org.uk/app/explore/resources/type/sermons/church/jesmond-parish-church/from/2023-10-23/to/2023-12-04/sort/date/direction/desc/resource/4499/title/who-do-you-say-jesus-is
10211,YT5383SermonPM26.11.23,audio_link,https://www.printandaudio.org.uk/app/explore/resources/type/sermons/church/jesmond-parish-church/from/2023-10-23/to/2023-12-04/sort/date/direction/desc/resource/4499/title/who-do-you-say-jesus-is,https://www.printandaudio.org.uk/app/explore/resources/type/sermons/church/jesmond-parish-church/from/2023-10-23/to/2023-12-04/sort/date/direction/desc/resource/4499/title/who-do-you-say-jesus-is
10236,YT5390SermonAM03.12.23,transcript_link,https://www.printandaudio.org.uk/app/explore/resources/type/sermons/church/jesmond-parish-church/from/2023-11-21/to/2024-01-02/sort/date/direction/desc/resource/4500/title/serving-christ-in-our-relationships,https://www.printandaudio.org.uk/app/explore/resources/type/sermons/church/jesmond-parish-church/from/2023-11-21/to/2024-01-02/sort/date/direction/desc/resource/4500/title/serving-christ-in-our-relationships
10236,YT5390SermonAM03.12.23,audio_link,https://www.printandaudio.org.uk/app/explore/resources/type/sermons/church/jesmond-parish-church/from/2023-11-21/to/2024-01-02/sort/date/direction/desc/resource/4500/title/serving-christ-in-our-relationships,https://www.printandaudio.org.uk/app/explore/resources/type/sermons/church/jesmond-parish-church/from/2023-11-21/to/2024-01-02/sort/date/direction/desc/resource/4500/title/serving-christ-in-our-relationships
10237,YT5389SermonPM03.12.23,transcript_link,https://www.printandaudio.org.uk/app/explore/resources/type/sermons/church/jesmond-parish-church/from/2023-11-21/to/2024-01-02/sort/date/direction/desc/resource/4501/title/why-follow-jesus-when-it-costs,https://www.printandaudio.org.uk/app/explore/resources/type/sermons/church/jesmond-parish-church/from/2023-11-21/to/2024-01-02/sort/date/direction/desc/resource/4501/title/why-follow-jesus-when-it-costs
10237,YT5389SermonPM03.12.23,audio_link,https://www.printandaudio.org.uk/app/explore/resources/type/sermons/church/jesmond-parish-church/from/2023-11-21/to/2024-01-02/sort/date/direction/desc/resource/4501/title/why-follow-jesus-when-it-costs,https://www.printandaudio.org.uk/app/explore/resources/type/sermons/church/jesmond-parish-church/from/2023-11-21/to/2024-01-02/sort/date/direction/desc/resource/4501/title/why-follow-jesus-when-it-costs
10300,YT5429SermonAM10.12.23,transcript_link,https://www.printandaudio.org.uk/app/explore/resources/type/sermons/church/jesmond-parish-church/from/2023-11-21/to/2024-01-02/sort/date/direction/desc/resource/4502/title/living-in-the-latter-days,https://www.printandaudio.org.uk/app/explore/resources/type/sermons/church/jesmond-parish-church/from/2023-11-21/to/2024-01-02/sort/date/direction/desc/resource/4502/title/living-in-the-latter-days
10300,YT5429SermonAM10.12.23,audio_link,https://www.printandaudio.org.uk/app/explore/resources/type/sermons/church/jesmond-parish-church/from/2023-11-21/to/2024-01-02/sort/date/direction/desc/resource/4502/title/living-in-the-latter-days,https://www.printandaudio.org.uk/app/explore/resources/type/sermons/church/jesmond-parish-church/from/2023-11-21/to/2024-01-02/sort/date/direction/desc/resource/4502/title/living-in-the-latter-days
10357,YT5550SermonPM07.01.24,transcript_link,https://www.printandaudio.org.uk/app/explore/resources/type/sermons/church/jesmond-parish-church/from/2023-12-26/to/2024-02-06/sort/date/direction/desc/resource/4507/title/no-other-gospel,https://www.printandaudio.org.uk/app/explore/resources/type/sermons/church/jesmond-parish-church/from/2023-12-26/to/2024-02-06/sort/date/direction/desc/resource/4507/title/no-other-gospel
10357,YT5550SermonPM07.01.24,audio_link,https://www.printandaudio.org.uk/app/explore/resources/type/sermons/church/jesmond-parish-church/from/2023-12-26/to/2024-02-06/sort/date/direction/desc/resource/4507/title/no-other-gospel,https://www.printandaudio.org.uk/app/explore/resources/type/sermons/church/jesmond-parish-church/from/2023-12-26/to/2024-02-06/sort/date/direction/desc/resource/4507/title/no-other-gospel
10358,YT5549SermonAM07.01.24,transcript_link,https://www.printandaudio.org.uk/app/explore/resources/type/sermons/church/jesmond-parish-church/from/2023-12-26/to/2024-02-06/sort/date/direction/desc/resource/4508/title/oppression,https://www.printandaudio.org.uk/app/explore/resources/type/sermons/church/jesmond-parish-church/from/2023-12-26/to/2024-02-06/sort/date/direction/desc/resource/4508/title/oppression
10358,YT5549SermonAM07.01.24,audio_link,https://www.printandaudio.org.uk/app/explore/resources/type/sermons/church/jesmond-parish-church/from/2023-12-26/to/2024-02-06/sort/date/direction/desc/resource/4508/title/oppression,https://www.printandaudio.org.uk/app/explore/resources/type/sermons/church/jesmond-parish-church/from/2023-12-26/to/2024-02-06/sort/date/direction/desc/resource/4508/title/oppression
10364,YT5555SermonAM14.01.24,transcript_link,https://www.printandaudio.org.uk/app/explore/resources/type/sermons/church/jesmond-parish-church/from/2023-12-26/to/2024-02-06/sort/date/direction/desc/resource/4510/title/faith-beyond-sight-the-unseen-hand-of-a-faithful-god,https://www.printandaudio.org.uk/app/explore/resources/type/sermons/church/jesmond-parish-church/from/2023-12-26/to/2024-02-06/sort/date/direction/desc/resource/4510/title/faith-beyond-sight-the-unseen-hand-of-a-faithful-god
10364,YT5555SermonAM14.01.24,audio_link,https://www.printandaudio.org.uk/app/explore/resources/type/sermons/church/jesmond-parish-church/from/2023-12-26/to/2024-02-06/sort/date/direction/desc/resource/4510/title/faith-beyond-sight-the-unseen-hand-of-a-faithful-god,https://www.printandaudio.org.uk/app/explore/resources/type/sermons/church/jesmond-parish-church/from/2023-12-26/to/2024-02-06/sort/date/direction/desc/resource/4510/title/faith-beyond-sight-the-unseen-hand-of-a-faithful-god
10365,YT5556SermonPM14.01.24,transcript_link,https://www.printandaudio.org.uk/app/explore/resources/type/sermons/church/jesmond-parish-church/from/2023-12-26/to/2024-02-06/sort/date/direction/desc/resource/4509/title/paul-an-apostle,https://www.printandaudio.org.uk/app/explore/resources/type/sermons/church/jesmond-parish-church/from/2023-12-26/to/2024-02-06/sort/date/direction/desc/resource/4509/title/paul-an-apostle
10365,YT5556SermonPM14.01.24,audio_link,https://www.printandaudio.org.uk/app/explore/resources/type/sermons/church/jesmond-parish-church/from/2023-12-26/to/2024-02-06/sort/date/direction/desc/resource/4509/title/paul-an-apostle,https://www.printandaudio.org.uk/app/explore/resources/type/sermons/church/jesmond-parish-church/from/2023-12-26/to/2024-02-06/sort/date/direction/desc/resource/4509/title/paul-an-apostle
10376,YT5568SermonPM21.01.24,transcript_link,https://www.printandaudio.org.uk/app/explore/resources/type/sermons/church/jesmond-parish-church/from/2023-12-26/to/2024-02-06/sort/date/direction/desc/resource/4511/title/is-jesus-enough,https://www.printandaudio.org.uk/app/explore/resources/type/sermons/church/jesmond-parish-church/from/2023-12-26/to/2024-02-06/sort/date/direction/desc/resource/4511/title/is-jesus-enough
10376,YT5568SermonPM21.01.24,audio_link,https://www.printandaudio.org.uk/app/explore/resources/type/sermons/church/jesmond-parish-church/from/2023-12-26/to/2024-02-06/sort/date/direction/desc/resource/4511/title/is-jesus-enough,https://www.printandaudio.org.uk/app/explore/resources/type/sermons/church/jesmond-parish-church/from/2023-12-26/to/2024-02-06/sort/date/direction/desc/resource/4511/title/is-jesus-enough
10385,YT5573SermonAM28.01.24,transcript_link,https://www.printandaudio.org.uk/app/explore/resources/type/sermons/church/jesmond-parish-church/from/2023-12-26/to/2024-02-06/sort/date/direction/desc/resource/4514/title/educating-gods-children-teach-the-story,https://www.printandaudio.org.uk/app/explore/resources/type/sermons/church/jesmond-parish-church/from/2023-12-26/to/2024-02-06/sort/date/direction/desc/resource/4514/title/educating-gods-children-teach-the-story
10385,YT5573SermonAM28.01.24,audio_link,https://www.printandaudio.org.uk/app/explore/resources/type/sermons/church/jesmond-parish-church/from/2023-12-26/to/2024-02-06/sort/date/direction/desc/resource/4514/title/educating-gods-children-teach-the-story,https://www.printandaudio.org.uk/app/explore/resources/type/sermons/church/jesmond-parish-church/from/2023-12-26/to/2024-02-06/sort/date/direction/desc/resource/4514/title/educating-gods-children-teach-the-story
10386,YT5574SermonPM28.01.24,transcript_link,https://www.printandaudio.org.uk/app/explore/resources/type/sermons/church/jesmond-parish-church/from/2023-12-26/to/2024-02-06/sort/date/direction/desc/resource/4513/title/getting-right-with-god,https://www.printandaudio.org.uk/app/explore/resources/type/sermons/church/jesmond-parish-church/from/2023-12-26/to/2024-02-06/sort/date/direction/desc/resource/4513/title/getting-right-with-god
10386,YT5574SermonPM28.01.24,audio_link,https://www.printandaudio.org.uk/app/explore/resources/type/sermons/church/jesmond-parish-church/from/2023-12-26/to/2024-02-06/sort/date/direction/desc/resource/4513/title/getting-right-with-god,https://www.printandaudio.org.uk/app/explore/resources/type/sermons/church/jesmond-parish-church/from/2023-12-26/to/2024-02-06/sort/date/direction/desc/resource/4513/title/getting-right-with-god
10397,YT5580SermonPM04.02.24,transcript_link,https://www.printandaudio.org.uk/app/explore/resources/type/sermons/church/jesmond-parish-church/from/2023-12-26/to/2024-02-06/sort/date/direction/desc/resource/4515/title/building-gods-house,https://www.printandaudio.org.uk/app/explore/resources/type/sermons/church/jesmond-parish-church/from/2023-12-26/to/2024-02-06/sort/date/direction/desc/resource/4515/title/building-gods-house
10397,YT5580SermonPM04.02.24,audio_link,https://www.printandaudio.org.uk/app/explore/resources/type/sermons/church/jesmond-parish-church/from/2023-12-26/to/2024-02-06/sort/date/direction/desc/resource/4515/title/building-gods-house,https://www.printandaudio.org.uk/app/explore/resources/type/sermons/church/jesmond-parish-church/from/2023-12-26/to/2024-02-06/sort/date/direction/desc/resource/4515/title/building-gods-house
10399,YT5579SermonAM04.02.24,transcript_link,https://www.printandaudio.org.uk/app/explore/resources/type/sermons/church/jesmond-parish-church/from/2024-01-19/to/2024-03-01/sort/date/direction/desc/resource/4518/title/moses-and-the-burning-bush,https://www.printandaudio.org.uk/app/explore/resources/type/sermons/church/jesmond-parish-church/from/2024-01-19/to/2024-03-01/sort/date/direction/desc/resource/4518/title/moses-and-the-burning-bush
10399,YT5579SermonAM04.02.24,audio_link,https://www.printandaudio.org.uk/app/explore/resources/type/sermons/church/jesmond-parish-church/from/2024-01-19/to/2024-03-01/sort/date/direction/desc/resource/4518/title/moses-and-the-burning-bush,https://www.printandaudio.org.uk/app/explore/resources/type/sermons/church/jesmond-parish-church/from/2024-01-19/to/2024-03-01/sort/date/direction/desc/resource/4518/title/moses-and-the-burning-bush
10411,YT5592SermonPM18.02.24,transcript_link,https://www.printandaudio.org.uk/app/explore/resources/type/sermons/church/jesmond-parish-church/from/2024-01-19/to/2024-03-01/sort/date/direction/desc/resource/4517/title/from-slavery-to-freedom,https://www.printandaudio.org.uk/app/explore/resources/type/sermons/church/jesmond-parish-church/from/2024-01-19/to/2024-03-01/sort/date/direction/desc/resource/4517/title/from-slavery-to-freedom
10411,YT5592SermonPM18.02.24,audio_link,https://www.printandaudio.org.uk/app/explore/resources/type/sermons/church/jesmond-parish-church/from/2024-01-19/to/2024-03-01/sort/date/direction/desc/resource/4517/title/from-slavery-to-freedom,https://www.printandaudio.org.uk/app/explore/resources/type/sermons/church/jesmond-parish-church/from/2024-01-19/to/2024-03-01/sort/date/direction/desc/resource/4517/title/from-slavery-to-freedom
10412,YT5597SermonAM25.02.24,transcript_link,https://www.printandaudio.org.uk/app/explore/resources/type/sermons/church/jesmond-parish-church/from/2024-01-19/to/2024-03-01/sort/date/direction/desc/resource/4520/title/why-does-god-allow-evil-against-his-people,https://www.printandaudio.org.uk/app/explore/resources/type/sermons/church/jesmond-parish-church/from/2024-01-19/to/2024-03-01/sort/date/direction/desc/resource/4520/title/why-does-god-allow-evil-against-his-people
10412,YT5597SermonAM25.02.24,audio_link,https://www.printandaudio.org.uk/app/explore/resources/type/sermons/church/jesmond-parish-church/from/2024-01-19/to/2024-03-01/sort/date/direction/desc/resource/4520/title/why-does-god-allow-evil-against-his-people,https://www.printandaudio.org.uk/app/explore/resources/type/sermons/church/jesmond-parish-church/from/2024-01-19/to/2024-03-01/sort/date/direction/desc/resource/4520/title/why-does-god-allow-evil-against-his-people
10416,YT5592SermonPM25.02.24,transcript_link,https://www.printandaudio.org.uk/app/explore/resources/type/sermons/church/jesmond-parish-church/from/2024-01-19/to/2024-03-01/sort/date/direction/desc/resource/4519/title/how-do-i-find-eternal-life-with-god,https://www.printandaudio.org.uk/app/explore/resources/type/sermons/church/jesmond-parish-church/from/2024-01-19/to/2024-03-01/sort/date/direction/desc/resource/4519/title/how-do-i-find-eternal-life-with-god
10416,YT5592SermonPM25.02.24,audio_link,https://www.printandaudio.org.uk/app/explore/resources/type/sermons/church/jesmond-parish-church/from/2024-01-19/to/2024-03-01/sort/date/direction/desc/resource/4519/title/how-do-i-find-eternal-life-with-god,https://www.printandaudio.org.uk/app/explore/resources/type/sermons/church/jesmond-parish-church/from/2024-01-19/to/2024-03-01/sort/date/direction/desc/resource/4519/title/how-do-i-find-eternal-life-with-god
10424,YT5603SermonAM03.03.24,transcript_link,https://www.printandaudio.org.uk/app/explore/resources/type/sermons/church/jesmond-parish-church/from/2024-02-23/to/2024-04-05/sort/date/direction/desc/resource/4521/title/let-my-people-go,https://www.printandaudio.org.uk/app/explore/resources/type/sermons/church/jesmond-parish-church/from/2024-02-23/to/2024-04-05/sort/date/direction/desc/resource/4521/title/let-my-people-go
10424,YT5603SermonAM03.03.24,audio_link,https://www.printandaudio.org.uk/app/explore/resources/type/sermons/church/jesmond-parish-church/from/2024-02-23/to/2024-04-05/sort/date/direction/desc/resource/4521/title/let-my-people-go,https://www.printandaudio.org.uk/app/explore/resources/type/sermons/church/jesmond-parish-church/from/2024-02-23/to/2024-04-05/sort/date/direction/desc/resource/4521/title/let-my-people-go
10425,YT5604SermonPM03.03.24,transcript_link,https://www.printandaudio.org.uk/app/explore/resources/type/sermons/church/jesmond-parish-church/from/2024-02-23/to/2024-04-05/sort/date/direction/desc/resource/4522/title/who-is-jesus-why-did-he-die-and-what-does-he-want,https://www.printandaudio.org.uk/app/explore/resources/type/sermons/church/jesmond-parish-church/from/2024-02-23/to/2024-04-05/sort/date/direction/desc/resource/4522/title/who-is-jesus-why-did-he-die-and-what-does-he-want
10425,YT5604SermonPM03.03.24,audio_link,https://www.printandaudio.org.uk/app/explore/resources/type/sermons/church/jesmond-parish-church/from/2024-02-23/to/2024-04-05/sort/date/direction/desc/resource/4522/title/who-is-jesus-why-did-he-die-and-what-does-he-want,https://www.printandaudio.org.uk/app/explore/resources/type/sermons/church/jesmond-parish-church/from/2024-02-23/to/2024-04-05/sort/date/direction/desc/resource/4522/title/who-is-jesus-why-did-he-die-and-what-does-he-want
10429,YT5609SermonAM10.03.24,transcript_link,https://www.printandaudio.org.uk/app/explore/resources/type/sermons/church/jesmond-parish-church/from/2024-02-23/to/2024-04-05/sort/date/direction/desc/resource/4523/title/gods-glory-in-salvation-through-judgement,https://www.printandaudio.org.uk/app/explore/resources/type/sermons/church/jesmond-parish-church/from/2024-02-23/to/2024-04-05/sort/date/direction/desc/resource/4523/title/gods-glory-in-salvation-through-judgement
10429,YT5609SermonAM10.03.24,audio_link,https://www.printandaudio.org.uk/app/explore/resources/type/sermons/church/jesmond-parish-church/from/2024-02-23/to/2024-04-05/sort/date/direction/desc/resource/4523/title/gods-glory-in-salvation-through-judgement,https://www.printandaudio.org.uk/app/explore/resources/type/sermons/church/jesmond-parish-church/from/2024-02-23/to/2024-04-05/sort/date/direction/desc/resource/4523/title/gods-glory-in-salvation-through-judgement
10430,YT5610SermonPM10.03.24,transcript_link,https://www.printandaudio.org.uk/app/explore/resources/type/sermons/church/jesmond-parish-church/from/2024-02-23/to/2024-04-05/sort/date/direction/desc/resource/4524/title/guarding-gospel-freedom,https://www.printandaudio.org.uk/app/explore/resources/type/sermons/church/jesmond-parish-church/from/2024-02-23/to/2024-04-05/sort/date/direction/desc/resource/4524/title/guarding-gospel-freedom
10430,YT5610SermonPM10.03.24,audio_link,https://www.printandaudio.org.uk/app/explore/resources/type/sermons/church/jesmond-parish-church/from/2024-02-23/to/2024-04-05/sort/date/direction/desc/resource/4524/title/guarding-gospel-freedom,https://www.printandaudio.org.uk/app/explore/resources/type/sermons/church/jesmond-parish-church/from/2024-02-23/to/2024-04-05/sort/date/direction/desc/resource/4524/title/guarding-gospel-freedom
10431,YT5616SermonPM17.03.24,transcript_link,https://www.printandaudio.org.uk/app/explore/resources/type/sermons/church/jesmond-parish-church/from/2024-02-23/to/2024-04-05/sort/date/direction/desc/resource/4525/title/how-knowing-jesus-changes-you,https://www.printandaudio.org.uk/app/explore/resources/type/sermons/church/jesmond-parish-church/from/2024-02-23/to/2024-04-05/sort/date/direction/desc/resource/4525/title/how-knowing-jesus-changes-you
10431,YT5616SermonPM17.03.24,audio_link,https://www.printandaudio.org.uk/app/explore/resources/type/sermons/church/jesmond-parish-church/from/2024-02-23/to/2024-04-05/sort/date/direction/desc/resource/4525/title/how-knowing-jesus-changes-you,https://www.printandaudio.org.uk/app/explore/resources/type/sermons/church/jesmond-parish-church/from/2024-02-23/to/2024-04-05/sort/date/direction/desc/resource/4525/title/how-knowing-jesus-changes-you
10442,YT5621SermonAM24.03.24,transcript_link,https://www.printandaudio.org.uk/app/explore/resources/type/sermons/church/jesmond-parish-church/from/2024-02-23/to/2024-04-05/sort/date/direction/desc/resource/4526/title/following-jesus-in-his-death,https://www.printandaudio.org.uk/app/explore/resources/type/sermons/church/jesmond-parish-church/from/2024-02-23/to/2024-04-05/sort/date/direction/desc/resource/4526/title/following-jesus-in-his-death
10442,YT5621SermonAM24.03.24,audio_link,https://www.printandaudio.org.uk/app/explore/resources/type/sermons/church/jesmond-parish-church/from/2024-02-23/to/2024-04-05/sort/date/direction/desc/resource/4526/title/following-jesus-in-his-death,https://www.printandaudio.org.uk/app/explore/resources/type/sermons/church/jesmond-parish-church/from/2024-02-23/to/2024-04-05/sort/date/direction/desc/resource/4526/title/following-jesus-in-his-death
10444,YT5620SermonPM24.03.24,transcript_link,https://www.printandaudio.org.uk/app/explore/resources/type/sermons/church/jesmond-parish-church/from/2024-02-23/to/2024-04-05/sort/date/direction/desc/resource/4527/title/living-in-the-light-of-the-cross,https://www.printandaudio.org.uk/app/explore/resources/type/sermons/church/jesmond-parish-church/from/2024-02-23/to/2024-04-05/sort/date/direction/desc/resource/4527/title/living-in-the-light-of-the-cross
10444,YT5620SermonPM24.03.24,audio_link,https://www.printandaudio.org.uk/app/explore/resources/type/sermons/church/jesmond-parish-church/from/2024-02-23/to/2024-04-05/sort/date/direction/desc/resource/4527/title/living-in-the-light-of-the-cross,https://www.printandaudio.org.uk/app/explore/resources/type/sermons/church/jesmond-parish-church/from/2024-02-23/to/2024-04-05/sort/date/direction/desc/resource/4527/title/living-in-the-light-of-the-cross
10455,YT5630SermonAM31.03.24,transcript_link,https://www.printandaudio.org.uk/app/explore/resources/type/sermons/church/jesmond-parish-church/from/2024-02-23/to/2024-04-05/sort/date/direction/desc/resource/4528/title/is-easter-believable,https://www.printandaudio.org.uk/app/explore/resources/type/sermons/church/jesmond-parish-church/from/2024-02-23/to/2024-04-05/sort/date/direction/desc/resource/4528/title/is-easter-believable
10455,YT5630SermonAM31.03.24,audio_link,https://www.printandaudio.org.uk/app/explore/resources/type/sermons/church/jesmond-parish-church/from/2024-02-23/to/2024-04-05/sort/date/direction/desc/resource/4528/title/is-easter-believable,https://www.printandaudio.org.uk/app/explore/resources/type/sermons/church/jesmond-parish-church/from/2024-02-23/to/2024-04-05/sort/date/direction/desc/resource/4528/title/is-easter-believable
10456,YT5631SermonPM31.03.24,transcript_link,https://www.printandaudio.org.uk/app/explore/resources/type/sermons/church/jesmond-parish-church/from/2024-02-23/to/2024-04-05/sort/date/direction/desc/resource/4529/title/the-evening-of-the-first-day,https://www.printandaudio.org.uk/app/explore/resources/type/sermons/church/jesmond-parish-church/from/2024-02-23/to/2024-04-05/sort/date/direction/desc/resource/4529/title/the-evening-of-the-first-day
10456,YT5631SermonPM31.03.24,audio_link,https://www.printandaudio.org.uk/app/explore/resources/type/sermons/church/jesmond-parish-church/from/2024-02-23/to/2024-04-05/sort/date/direction/desc/resource/4529/title/the-evening-of-the-first-day,https://www.printandaudio.org.uk/app/explore/resources/type/sermons/church/jesmond-parish-church/from/2024-02-23/to/2024-04-05/sort/date/direction/desc/resource/4529/title/the-evening-of-the-first-day
10468,YT5636SermonAM07.04.24,transcript_link,https://www.printandaudio.org.uk/app/explore/resources/type/sermons/church/jesmond-parish-church/from/2024-03-22/to/2024-05-03/sort/date/direction/desc/resource/4530/title/the-presense-of-jesus-by-the-holy-spirit,https://www.printandaudio.org.uk/app/explore/resources/type/sermons/church/jesmond-parish-church/from/2024-03-22/to/2024-05-03/sort/date/direction/desc/resource/4530/title/the-presense-of-jesus-by-the-holy-spirit
10468,YT5636SermonAM07.04.24,audio_link,https://www.printandaudio.org.uk/app/explore/resources/type/sermons/church/jesmond-parish-church/from/2024-03-22/to/2024-05-03/sort/date/direction/desc/resource/4530/title/the-presense-of-jesus-by-the-holy-spirit,https://www.printandaudio.org.uk/app/explore/resources/type/sermons/church/jesmond-parish-church/from/2024-03-22/to/2024-05-03/sort/date/direction/desc/resource/4530/title/the-presense-of-jesus-by-the-holy-spirit
10469,YT5637SermonPM07.04.24,transcript_link,https://www.printandaudio.org.uk/app/explore/resources/type/sermons/church/jesmond-parish-church/from/2024-03-22/to/2024-05-03/sort/date/direction/desc/resource/4531/title/gods-unstoppable-kingdom,https://www.printandaudio.org.uk/app/explore/resources/type/sermons/church/jesmond-parish-church/from/2024-03-22/to/2024-05-03/sort/date/direction/desc/resource/4531/title/gods-unstoppable-kingdom
10469,YT5637SermonPM07.04.24,audio_link,https://www.printandaudio.org.uk/app/explore/resources/type/sermons/church/jesmond-parish-church/from/2024-03-22/to/2024-05-03/sort/date/direction/desc/resource/4531/title/gods-unstoppable-kingdom,https://www.printandaudio.org.uk/app/explore/resources/type/sermons/church/jesmond-parish-church/from/2024-03-22/to/2024-05-03/sort/date/direction/desc/resource/4531/title/gods-unstoppable-kingdom
10479,YT5642SermonAM14.04.24,transcript_link,https://www.printandaudio.org.uk/app/explore/resources/type/sermons/church/jesmond-parish-church/from/2024-03-22/to/2024-05-03/sort/date/direction/desc/resource/4533/title/the-spirit-the-apostles-us,https://www.printandaudio.org.uk/app/explore/resources/type/sermons/church/jesmond-parish-church/from/2024-03-22/to/2024-05-03/sort/date/direction/desc/resource/4533/title/the-spirit-the-apostles-us
10479,YT5642SermonAM14.04.24,audio_link,https://www.printandaudio.org.uk/app/explore/resources/type/sermons/church/jesmond-parish-church/from/2024-03-22/to/2024-05-03/sort/date/direction/desc/resource/4533/title/the-spirit-the-apostles-us,https://www.printandaudio.org.uk/app/explore/resources/type/sermons/church/jesmond-parish-church/from/2024-03-22/to/2024-05-03/sort/date/direction/desc/resource/4533/title/the-spirit-the-apostles-us
10480,YT5643SermonPM14.04.24,transcript_link,https://www.printandaudio.org.uk/app/explore/resources/type/sermons/church/jesmond-parish-church/from/2024-03-22/to/2024-05-03/sort/date/direction/desc/resource/4532/title/what-kind-of-god-is-among-us,https://www.printandaudio.org.uk/app/explore/resources/type/sermons/church/jesmond-parish-church/from/2024-03-22/to/2024-05-03/sort/date/direction/desc/resource/4532/title/what-kind-of-god-is-among-us
10480,YT5643SermonPM14.04.24,audio_link,https://www.printandaudio.org.uk/app/explore/resources/type/sermons/church/jesmond-parish-church/from/2024-03-22/to/2024-05-03/sort/date/direction/desc/resource/4532/title/what-kind-of-god-is-among-us,https://www.printandaudio.org.uk/app/explore/resources/type/sermons/church/jesmond-parish-church/from/2024-03-22/to/2024-05-03/sort/date/direction/desc/resource/4532/title/what-kind-of-god-is-among-us
10498,YT5650SermonPM21.04.24,transcript_link,https://www.printandaudio.org.uk/app/explore/resources/type/sermons/church/jesmond-parish-church/from/2024-03-22/to/2024-05-03/sort/date/direction/desc/resource/4534/title/the-lords-covenant-with-david,https://www.printandaudio.org.uk/app/explore/resources/type/sermons/church/jesmond-parish-church/from/2024-03-22/to/2024-05-03/sort/date/direction/desc/resource/4534/title/the-lords-covenant-with-david
10498,YT5650SermonPM21.04.24,audio_link,https://www.printandaudio.org.uk/app/explore/resources/type/sermons/church/jesmond-parish-church/from/2024-03-22/to/2024-05-03/sort/date/direction/desc/resource/4534/title/the-lords-covenant-with-david,https://www.printandaudio.org.uk/app/explore/resources/type/sermons/church/jesmond-parish-church/from/2024-03-22/to/2024-05-03/sort/date/direction/desc/resource/4534/title/the-lords-covenant-with-david
10524,YT5662SermonPM05.05.24,transcript_link,https://www.printandaudio.org.uk/app/explore/resources/type/sermons/church/jesmond-parish-church/from/2024-04-26/to/2024-06-07/sort/date/direction/desc/resource/4538/title/what-is-gods-king-and-kingdom-like,https://www.printandaudio.org.uk/app/explore/resources/type/sermons/church/jesmond-parish-church/from/2024-04-26/to/2024-06-07/sort/date/direction/desc/resource/4538/title/what-is-gods-king-and-kingdom-like
10524,YT5662SermonPM05.05.24,audio_link,https://www.printandaudio.org.uk/app/explore/resources/type/sermons/church/jesmond-parish-church/from/2024-04-26/to/2024-06-07/sort/date/direction/desc/resource/4538/title/what-is-gods-king-and-kingdom-like,https://www.printandaudio.org.uk/app/explore/resources/type/sermons/church/jesmond-parish-church/from/2024-04-26/to/2024-06-07/sort/date/direction/desc/resource/4538/title/what-is-gods-king-and-kingdom-like
10548,YT5693SermonAM26.05.24,transcript_link,https://www.printandaudio.org.uk/app/explore/resources/type/sermons/church/jesmond-parish-church/from/2024-04-26/to/2024-06-07/sort/date/direction/desc/resource/4542/title/waiting-for-god-to-act,https://www.printandaudio.org.uk/app/explore/resources/type/sermons/church/jesmond-parish-church/from/2024-04-26/to/2024-06-07/sort/date/direction/desc/resource/4542/title/waiting-for-god-to-act
10548,YT5693SermonAM26.05.24,audio_link,https://www.printandaudio.org.uk/app/explore/resources/type/sermons/church/jesmond-parish-church/from/2024-04-26/to/2024-06-07/sort/date/direction/desc/resource/4542/title/waiting-for-god-to-act,https://www.printandaudio.org.uk/app/explore/resources/type/sermons/church/jesmond-parish-church/from/2024-04-26/to/2024-06-07/sort/date/direction/desc/resource/4542/title/waiting-for-god-to-act
10550,YT5694SermonPM26.05.24,transcript_link,https://www.printandaudio.org.uk/app/explore/resources/type/sermons/church/jesmond-parish-church/from/2024-04-26/to/2024-06-07/sort/date/direction/desc/resource/4543/title/wisdom-on-friendship,https://www.printandaudio.org.uk/app/explore/resources/type/sermons/church/jesmond-parish-church/from/2024-04-26/to/2024-06-07/sort/date/direction/desc/resource/4543/title/wisdom-on-friendship
10550,YT5694SermonPM26.05.24,audio_link,https://www.printandaudio.org.uk/app/explore/resources/type/sermons/church/jesmond-parish-church/from/2024-04-26/to/2024-06-07/sort/date/direction/desc/resource/4543/title/wisdom-on-friendship,https://www.printandaudio.org.uk/app/explore/resources/type/sermons/church/jesmond-parish-church/from/2024-04-26/to/2024-06-07/sort/date/direction/desc/resource/4543/title/wisdom-on-friendship
10551,YT5661SermonAM05.05.24,transcript_link,https://www.printandaudio.org.uk/app/explore/resources/type/sermons/church/jesmond-parish-church/from/2024-04-26/to/2024-06-07/sort/date/direction/desc/resource/4537/title/bearing-witness-with-the-holy-spirit,https://www.printandaudio.org.uk/app/explore/resources/type/sermons/church/jesmond-parish-church/from/2024-04-26/to/2024-06-07/sort/date/direction/desc/resource/4537/title/bearing-witness-with-the-holy-spirit
10551,YT5661SermonAM05.05.24,audio_link,https://www.printandaudio.org.uk/app/explore/resources/type/sermons/church/jesmond-parish-church/from/2024-04-26/to/2024-06-07/sort/date/direction/desc/resource/4537/title/bearing-witness-with-the-holy-spirit,https://www.printandaudio.org.uk/app/explore/resources/type/sermons/church/jesmond-parish-church/from/2024-04-26/to/2024-06-07/sort/date/direction/desc/resource/4537/title/bearing-witness-with-the-holy-spirit
10553,YT5685SermonPM19.05.24,transcript_link,https://www.printandaudio.org.uk/app/explore/resources/type/sermons/church/jesmond-parish-church/from/2024-04-26/to/2024-06-07/sort/date/direction/desc/resource/4541/title/jesus-coming-kingdom,https://www.printandaudio.org.uk/app/explore/resources/type/sermons/church/jesmond-parish-church/from/2024-04-26/to/2024-06-07/sort/date/direction/desc/resource/4541/title/jesus-coming-kingdom
10553,YT5685SermonPM19.05.24,audio_link,https://www.printandaudio.org.uk/app/explore/resources/type/sermons/church/jesmond-parish-church/from/2024-04-26/to/2024-06-07/sort/date/direction/desc/resource/4541/title/jesus-coming-kingdom,https://www.printandaudio.org.uk/app/explore/resources/type/sermons/church/jesmond-parish-church/from/2024-04-26/to/2024-06-07/sort/date/direction/desc/resource/4541/title/jesus-coming-kingdom
10575,YT5705SermonAM09.06.24,transcript_link,https://www.printandaudio.org.uk/app/explore/resources/type/sermons/church/jesmond-parish-church/from/2024-05-24/to/2024-07-05/sort/date/direction/desc/resource/4547/title/do-we-know-the-real-jesus,https://www.printandaudio.org.uk/app/explore/resources/type/sermons/church/jesmond-parish-church/from/2024-05-24/to/2024-07-05/sort/date/direction/desc/resource/4547/title/do-we-know-the-real-jesus
10575,YT5705SermonAM09.06.24,audio_link,https://www.printandaudio.org.uk/app/explore/resources/type/sermons/church/jesmond-parish-church/from/2024-05-24/to/2024-07-05/sort/date/direction/desc/resource/4547/title/do-we-know-the-real-jesus,https://www.printandaudio.org.uk/app/explore/resources/type/sermons/church/jesmond-parish-church/from/2024-05-24/to/2024-07-05/sort/date/direction/desc/resource/4547/title/do-we-know-the-real-jesus
10576,YT5706SermonPM09.06.24,transcript_link,https://www.printandaudio.org.uk/app/explore/resources/type/sermons/church/jesmond-parish-church/from/2024-05-24/to/2024-07-05/sort/date/direction/desc/resource/4546/title/how-not-to-waste-your-life,https://www.printandaudio.org.uk/app/explore/resources/type/sermons/church/jesmond-parish-church/from/2024-05-24/to/2024-07-05/sort/date/direction/desc/resource/4546/title/how-not-to-waste-your-life
10576,YT5706SermonPM09.06.24,audio_link,https://www.printandaudio.org.uk/app/explore/resources/type/sermons/church/jesmond-parish-church/from/2024-05-24/to/2024-07-05/sort/date/direction/desc/resource/4546/title/how-not-to-waste-your-life,https://www.printandaudio.org.uk/app/explore/resources/type/sermons/church/jesmond-parish-church/from/2024-05-24/to/2024-07-05/sort/date/direction/desc/resource/4546/title/how-not-to-waste-your-life
10579,YT5717SermonAM23.06.24,transcript_link,https://www.printandaudio.org.uk/app/explore/resources/type/sermons/church/jesmond-parish-church/from/2024-05-24/to/2024-07-05/sort/date/direction/desc/resource/4549/title/a-new-life-together-in-christ,https://www.printandaudio.org.uk/app/explore/resources/type/sermons/church/jesmond-parish-church/from/2024-05-24/to/2024-07-05/sort/date/direction/desc/resource/4549/title/a-new-life-together-in-christ
10579,YT5717SermonAM23.06.24,audio_link,https://www.printandaudio.org.uk/app/explore/resources/type/sermons/church/jesmond-parish-church/from/2024-05-24/to/2024-07-05/sort/date/direction/desc/resource/4549/title/a-new-life-together-in-christ,https://www.printandaudio.org.uk/app/explore/resources/type/sermons/church/jesmond-parish-church/from/2024-05-24/to/2024-07-05/sort/date/direction/desc/resource/4549/title/a-new-life-together-in-christ
10580,YT5718SermonPM23.06.24,transcript_link,https://www.printandaudio.org.uk/app/explore/resources/type/sermons/church/jesmond-parish-church/from/2024-05-24/to/2024-07-05/sort/date/direction/desc/resource/4545/title/wisdom-and-folly,https://www.printandaudio.org.uk/app/explore/resources/type/sermons/church/jesmond-parish-church/from/2024-05-24/to/2024-07-05/sort/date/direction/desc/resource/4545/title/wisdom-and-folly
10580,YT5718SermonPM23.06.24,audio_link,https://www.printandaudio.org.uk/app/explore/resources/type/sermons/church/jesmond-parish-church/from/2024-05-24/to/2024-07-05/sort/date/direction/desc/resource/4545/title/wisdom-and-folly,https://www.printandaudio.org.uk/app/explore/resources/type/sermons/church/jesmond-parish-church/from/2024-05-24/to/2024-07-05/sort/date/direction/desc/resource/4545/title/wisdom-and-folly
10581,YT5723SermonAM30.06.24,transcript_link,https://www.printandaudio.org.uk/app/explore/resources/type/sermons/church/jesmond-parish-church/from/2024-05-24/to/2024-07-05/sort/date/direction/desc/resource/4550/title/bold-witnesses,https://www.printandaudio.org.uk/app/explore/resources/type/sermons/church/jesmond-parish-church/from/2024-05-24/to/2024-07-05/sort/date/direction/desc/resource/4550/title/bold-witnesses
10581,YT5723SermonAM30.06.24,audio_link,https://www.printandaudio.org.uk/app/explore/resources/type/sermons/church/jesmond-parish-church/from/2024-05-24/to/2024-07-05/sort/date/direction/desc/resource/4550/title/bold-witnesses,https://www.printandaudio.org.uk/app/explore/resources/type/sermons/church/jesmond-parish-church/from/2024-05-24/to/2024-07-05/sort/date/direction/desc/resource/4550/title/bold-witnesses
10582,YT5724SermonPM30.06.24,transcript_link,https://www.printandaudio.org.uk/app/explore/resources/type/sermons/church/jesmond-parish-church/from/2024-05-24/to/2024-07-05/sort/date/direction/desc/resource/4551/title/the-joy-of-seeing-disciples-made,https://www.printandaudio.org.uk/app/explore/resources/type/sermons/church/jesmond-parish-church/from/2024-05-24/to/2024-07-05/sort/date/direction/desc/resource/4551/title/the-joy-of-seeing-disciples-made
10582,YT5724SermonPM30.06.24,audio_link,https://www.printandaudio.org.uk/app/explore/resources/type/sermons/church/jesmond-parish-church/from/2024-05-24/to/2024-07-05/sort/date/direction/desc/resource/4551/title/the-joy-of-seeing-disciples-made,https://www.printandaudio.org.uk/app/explore/resources/type/sermons/church/jesmond-parish-church/from/2024-05-24/to/2024-07-05/sort/date/direction/desc/resource/4551/title/the-joy-of-seeing-disciples-made
10583,YT5699SermonAM02.06.24,transcript_link,https://www.printandaudio.org.uk/app/explore/resources/type/sermons/church/jesmond-parish-church/from/2024-05-24/to/2024-07-05/sort/date/direction/desc/resource/4544/title/what-is-god-doing,https://www.printandaudio.org.uk/app/explore/resources/type/sermons/church/jesmond-parish-church/from/2024-05-24/to/2024-07-05/sort/date/direction/desc/resource/4544/title/what-is-god-doing
10583,YT5699SermonAM02.06.24,audio_link,https://www.printandaudio.org.uk/app/explore/resources/type/sermons/church/jesmond-parish-church/from/2024-05-24/to/2024-07-05/sort/date/direction/desc/resource/4544/title/what-is-god-doing,https://www.printandaudio.org.uk/app/explore/resources/type/sermons/church/jesmond-parish-church/from/2024-05-24/to/2024-07-05/sort/date/direction/desc/resource/4544/title/what-is-god-doing
10584,YT5700SermonPM02.06.24,transcript_link,https://www.printandaudio.org.uk/app/explore/resources/type/sermons/church/jesmond-parish-church/from/2024-05-24/to/2024-07-05/sort/date/direction/desc/resource/4545/title/wisdom-and-folly,https://www.printandaudio.org.uk/app/explore/resources/type/sermons/church/jesmond-parish-church/from/2024-05-24/to/2024-07-05/sort/date/direction/desc/resource/4545/title/wisdom-and-folly
10584,YT5700SermonPM02.06.24,audio_link,https://www.printandaudio.org.uk/app/explore/resources/type/sermons/church/jesmond-parish-church/from/2024-05-24/to/2024-07-05/sort/date/direction/desc/resource/4545/title/wisdom-and-folly,https://www.printandaudio.org.uk/app/explore/resources/type/sermons/church/jesmond-parish-church/from/2024-05-24/to/2024-07-05/sort/date/direction/desc/resource/4545/title/wisdom-and-folly
10591,YT5735SermonAM07.07.24,transcript_link,https://www.printandaudio.org.uk/app/explore/resources/type/sermons/church/jesmond-parish-church/from/2024-06-21/to/2024-08-02/sort/date/direction/desc/resource/4554/title/how-does-god-feel,https://www.printandaudio.org.uk/app/explore/resources/type/sermons/church/jesmond-parish-church/from/2024-06-21/to/2024-08-02/sort/date/direction/desc/resource/4554/title/how-does-god-feel
10591,YT5735SermonAM07.07.24,audio_link,https://www.printandaudio.org.uk/app/explore/resources/type/sermons/church/jesmond-parish-church/from/2024-06-21/to/2024-08-02/sort/date/direction/desc/resource/4554/title/how-does-god-feel,https://www.printandaudio.org.uk/app/explore/resources/type/sermons/church/jesmond-parish-church/from/2024-06-21/to/2024-08-02/sort/date/direction/desc/resource/4554/title/how-does-god-feel
10593,YT5736SermonPM07.07.24,transcript_link,https://www.printandaudio.org.uk/app/explore/resources/type/sermons/church/jesmond-parish-church/from/2024-06-21/to/2024-08-02/sort/date/direction/desc/resource/4553/title/transforming-grace,https://www.printandaudio.org.uk/app/explore/resources/type/sermons/church/jesmond-parish-church/from/2024-06-21/to/2024-08-02/sort/date/direction/desc/resource/4553/title/transforming-grace
10593,YT5736SermonPM07.07.24,audio_link,https://www.printandaudio.org.uk/app/explore/resources/type/sermons/church/jesmond-parish-church/from/2024-06-21/to/2024-08-02/sort/date/direction/desc/resource/4553/title/transforming-grace,https://www.printandaudio.org.uk/app/explore/resources/type/sermons/church/jesmond-parish-church/from/2024-06-21/to/2024-08-02/sort/date/direction/desc/resource/4553/title/transforming-grace
10609,YT5741SermonAM14.07.24,transcript_link,https://www.printandaudio.org.uk/app/explore/resources/type/sermons/church/jesmond-parish-church/from/2024-06-21/to/2024-08-02/sort/date/direction/desc/resource/4556/title/god-goes-beyond,https://www.printandaudio.org.uk/app/explore/resources/type/sermons/church/jesmond-parish-church/from/2024-06-21/to/2024-08-02/sort/date/direction/desc/resource/4556/title/god-goes-beyond
10609,YT5741SermonAM14.07.24,audio_link,https://www.printandaudio.org.uk/app/explore/resources/type/sermons/church/jesmond-parish-church/from/2024-06-21/to/2024-08-02/sort/date/direction/desc/resource/4556/title/god-goes-beyond,https://www.printandaudio.org.uk/app/explore/resources/type/sermons/church/jesmond-parish-church/from/2024-06-21/to/2024-08-02/sort/date/direction/desc/resource/4556/title/god-goes-beyond
10611,YT5742SermonPM14.07.24,transcript_link,https://www.printandaudio.org.uk/app/explore/resources/type/sermons/church/jesmond-parish-church/from/2024-06-21/to/2024-08-02/sort/date/direction/desc/resource/4555/title/god-and-ungodly-leadership,https://www.printandaudio.org.uk/app/explore/resources/type/sermons/church/jesmond-parish-church/from/2024-06-21/to/2024-08-02/sort/date/direction/desc/resource/4555/title/god-and-ungodly-leadership
10611,YT5742SermonPM14.07.24,audio_link,https://www.printandaudio.org.uk/app/explore/resources/type/sermons/church/jesmond-parish-church/from/2024-06-21/to/2024-08-02/sort/date/direction/desc/resource/4555/title/god-and-ungodly-leadership,https://www.printandaudio.org.uk/app/explore/resources/type/sermons/church/jesmond-parish-church/from/2024-06-21/to/2024-08-02/sort/date/direction/desc/resource/4555/title/god-and-ungodly-leadership
10613,YT5747SermonAM21.07.24,transcript_link,https://www.printandaudio.org.uk/app/explore/resources/type/sermons/church/jesmond-parish-church/from/2024-06-21/to/2024-08-02/sort/date/direction/desc/resource/4558/title/be-an-obediah,https://www.printandaudio.org.uk/app/explore/resources/type/sermons/church/jesmond-parish-church/from/2024-06-21/to/2024-08-02/sort/date/direction/desc/resource/4558/title/be-an-obediah
10613,YT5747SermonAM21.07.24,audio_link,https://www.printandaudio.org.uk/app/explore/resources/type/sermons/church/jesmond-parish-church/from/2024-06-21/to/2024-08-02/sort/date/direction/desc/resource/4558/title/be-an-obediah,https://www.printandaudio.org.uk/app/explore/resources/type/sermons/church/jesmond-parish-church/from/2024-06-21/to/2024-08-02/sort/date/direction/desc/resource/4558/title/be-an-obediah
10614,YT5748SermonPM21.07.24,transcript_link,https://www.printandaudio.org.uk/app/explore/resources/type/sermons/church/jesmond-parish-church/from/2024-06-21/to/2024-08-02/sort/date/direction/desc/resource/4557/title/godly-character,https://www.printandaudio.org.uk/app/explore/resources/type/sermons/church/jesmond-parish-church/from/2024-06-21/to/2024-08-02/sort/date/direction/desc/resource/4557/title/godly-character
10614,YT5748SermonPM21.07.24,audio_link,https://www.printandaudio.org.uk/app/explore/resources/type/sermons/church/jesmond-parish-church/from/2024-06-21/to/2024-08-02/sort/date/direction/desc/resource/4557/title/godly-character,https://www.printandaudio.org.uk/app/explore/resources/type/sermons/church/jesmond-parish-church/from/2024-06-21/to/2024-08-02/sort/date/direction/desc/resource/4557/title/godly-character
10616,YT5752SermonPM28.07.24,transcript_link,https://www.printandaudio.org.uk/app/explore/resources/type/sermons/church/jesmond-parish-church/from/2024-06-21/to/2024-08-02/sort/date/direction/desc/resource/4559/title/whats-my-motivation,https://www.printandaudio.org.uk/app/explore/resources/type/sermons/church/jesmond-parish-church/from/2024-06-21/to/2024-08-02/sort/date/direction/desc/resource/4559/title/whats-my-motivation
10616,YT5752SermonPM28.07.24,audio_link,https://www.printandaudio.org.uk/app/explore/resources/type/sermons/church/jesmond-parish-church/from/2024-06-21/to/2024-08-02/sort/date/direction/desc/resource/4559/title/whats-my-motivation,https://www.printandaudio.org.uk/app/explore/resources/type/sermons/church/jesmond-parish-church/from/2024-06-21/to/2024-08-02/sort/date/direction/desc/resource/4559/title/whats-my-motivation
10660,YT5783SermonAM01.09.24,transcript_link,https://www.printandaudio.org.uk/app/explore/resources/type/sermons/church/jesmond-parish-church/from/2024-08-22/to/2024-10-03/sort/date/direction/desc/resource/4565/title/the-gospel-according-to-the-apostles,https://www.printandaudio.org.uk/app/explore/resources/type/sermons/church/jesmond-parish-church/from/2024-08-22/to/2024-10-03/sort/date/direction/desc/resource/4565/title/the-gospel-according-to-the-apostles
10660,YT5783SermonAM01.09.24,audio_link,https://www.printandaudio.org.uk/app/explore/resources/type/sermons/church/jesmond-parish-church/from/2024-08-22/to/2024-10-03/sort/date/direction/desc/resource/4565/title/the-gospel-according-to-the-apostles,https://www.printandaudio.org.uk/app/explore/resources/type/sermons/church/jesmond-parish-church/from/2024-08-22/to/2024-10-03/sort/date/direction/desc/resource/4565/title/the-gospel-according-to-the-apostles
10661,YT5784SermonPM01.09.24,transcript_link,https://www.printandaudio.org.uk/app/explore/resources/type/sermons/church/jesmond-parish-church/from/2024-08-22/to/2024-10-03/sort/date/direction/desc/resource/4566/title/looking-persecution-in-the-eye,https://www.printandaudio.org.uk/app/explore/resources/type/sermons/church/jesmond-parish-church/from/2024-08-22/to/2024-10-03/sort/date/direction/desc/resource/4566/title/looking-persecution-in-the-eye
10661,YT5784SermonPM01.09.24,audio_link,https://www.printandaudio.org.uk/app/explore/resources/type/sermons/church/jesmond-parish-church/from/2024-08-22/to/2024-10-03/sort/date/direction/desc/resource/4566/title/looking-persecution-in-the-eye,https://www.printandaudio.org.uk/app/explore/resources/type/sermons/church/jesmond-parish-church/from/2024-08-22/to/2024-10-03/sort/date/direction/desc/resource/4566/title/looking-persecution-in-the-eye
10691,YT5789SermonAM08.09.24,transcript_link,https://www.printandaudio.org.uk/app/explore/resources/type/sermons/church/jesmond-parish-church/from/2024-08-22/to/2024-10-03/sort/date/direction/desc/resource/4569/title/the-reality-results-of-the-resurrection,https://www.printandaudio.org.uk/app/explore/resources/type/sermons/church/jesmond-parish-church/from/2024-08-22/to/2024-10-03/sort/date/direction/desc/resource/4569/title/the-reality-results-of-the-resurrection
10691,YT5789SermonAM08.09.24,audio_link,https://www.printandaudio.org.uk/app/explore/resources/type/sermons/church/jesmond-parish-church/from/2024-08-22/to/2024-10-03/sort/date/direction/desc/resource/4569/title/the-reality-results-of-the-resurrection,https://www.printandaudio.org.uk/app/explore/resources/type/sermons/church/jesmond-parish-church/from/2024-08-22/to/2024-10-03/sort/date/direction/desc/resource/4569/title/the-reality-results-of-the-resurrection
10707,YT5790SermonPM08.09.24,transcript_link,https://www.printandaudio.org.uk/app/explore/resources/type/sermons/church/jesmond-parish-church/from/2024-08-22/to/2024-10-03/sort/date/direction/desc/resource/4570/title/can-i-make-it-through-tough-times,https://www.printandaudio.org.uk/app/explore/resources/type/sermons/church/jesmond-parish-church/from/2024-08-22/to/2024-10-03/sort/date/direction/desc/resource/4570/title/can-i-make-it-through-tough-times
10707,YT5790SermonPM08.09.24,audio_link,https://www.printandaudio.org.uk/app/explore/resources/type/sermons/church/jesmond-parish-church/from/2024-08-22/to/2024-10-03/sort/date/direction/desc/resource/4570/title/can-i-make-it-through-tough-times,https://www.printandaudio.org.uk/app/explore/resources/type/sermons/church/jesmond-parish-church/from/2024-08-22/to/2024-10-03/sort/date/direction/desc/resource/4570/title/can-i-make-it-through-tough-times
10708,YT5794SermonAM15.09.24,transcript_link,https://www.printandaudio.org.uk/app/explore/resources/type/sermons/church/jesmond-parish-church/from/2024-08-22/to/2024-10-03/sort/date/direction/desc/resource/4571/title/the-resurrection-of-the-body,https://www.printandaudio.org.uk/app/explore/resources/type/sermons/church/jesmond-parish-church/from/2024-08-22/to/2024-10-03/sort/date/direction/desc/resource/4571/title/the-resurrection-of-the-body
10708,YT5794SermonAM15.09.24,audio_link,https://www.printandaudio.org.uk/app/explore/resources/type/sermons/church/jesmond-parish-church/from/2024-08-22/to/2024-10-03/sort/date/direction/desc/resource/4571/title/the-resurrection-of-the-body,https://www.printandaudio.org.uk/app/explore/resources/type/sermons/church/jesmond-parish-church/from/2024-08-22/to/2024-10-03/sort/date/direction/desc/resource/4571/title/the-resurrection-of-the-body
10709,YT5795SermonPM15.09.24,transcript_link,https://www.printandaudio.org.uk/app/explore/resources/type/sermons/church/jesmond-parish-church/from/2024-08-22/to/2024-10-03/sort/date/direction/desc/resource/4572/title/christianity-is-christ,https://www.printandaudio.org.uk/app/explore/resources/type/sermons/church/jesmond-parish-church/from/2024-08-22/to/2024-10-03/sort/date/direction/desc/resource/4572/title/christianity-is-christ
10709,YT5795SermonPM15.09.24,audio_link,https://www.printandaudio.org.uk/app/explore/resources/type/sermons/church/jesmond-parish-church/from/2024-08-22/to/2024-10-03/sort/date/direction/desc/resource/4572/title/christianity-is-christ,https://www.printandaudio.org.uk/app/explore/resources/type/sermons/church/jesmond-parish-church/from/2024-08-22/to/2024-10-03/sort/date/direction/desc/resource/4572/title/christianity-is-christ
10711,YT5801SermonPM22.09.24,transcript_link,https://www.printandaudio.org.uk/app/explore/resources/type/sermons/church/jesmond-parish-church/from/2024-08-22/to/2024-10-03/sort/date/direction/desc/resource/4573/title/the-gospel-in-a-nutshell,https://www.printandaudio.org.uk/app/explore/resources/type/sermons/church/jesmond-parish-church/from/2024-08-22/to/2024-10-03/sort/date/direction/desc/resource/4573/title/the-gospel-in-a-nutshell
10711,YT5801SermonPM22.09.24,audio_link,https://www.printandaudio.org.uk/app/explore/resources/type/sermons/church/jesmond-parish-church/from/2024-08-22/to/2024-10-03/sort/date/direction/desc/resource/4573/title/the-gospel-in-a-nutshell,https://www.printandaudio.org.uk/app/explore/resources/type/sermons/church/jesmond-parish-church/from/2024-08-22/to/2024-10-03/sort/date/direction/desc/resource/4573/title/the-gospel-in-a-nutshell
10712,YT5806SermonAM29.09.24,transcript_link,https://www.printandaudio.org.uk/app/explore/resources/type/sermons/church/jesmond-parish-church/from/2024-08-22/to/2024-10-03/sort/date/direction/desc/resource/4574/title/how-does-god-feel-about-you,https://www.printandaudio.org.uk/app/explore/resources/type/sermons/church/jesmond-parish-church/from/2024-08-22/to/2024-10-03/sort/date/direction/desc/resource/4574/title/how-does-god-feel-about-you
10712,YT5806SermonAM29.09.24,audio_link,https://www.printandaudio.org.uk/app/explore/resources/type/sermons/church/jesmond-parish-church/from/2024-08-22/to/2024-10-03/sort/date/direction/desc/resource/4574/title/how-does-god-feel-about-you,https://www.printandaudio.org.uk/app/explore/resources/type/sermons/church/jesmond-parish-church/from/2024-08-22/to/2024-10-03/sort/date/direction/desc/resource/4574/title/how-does-god-feel-about-you
10714,YT5807SermonPM29.09.24,transcript_link,https://www.printandaudio.org.uk/app/explore/resources/type/sermons/church/jesmond-parish-church/from/2024-08-22/to/2024-10-03/sort/date/direction/desc/resource/4575/title/the-king-with-authority,https://www.printandaudio.org.uk/app/explore/resources/type/sermons/church/jesmond-parish-church/from/2024-08-22/to/2024-10-03/sort/date/direction/desc/resource/4575/title/the-king-with-authority
10714,YT5807SermonPM29.09.24,audio_link,https://www.printandaudio.org.uk/app/explore/resources/type/sermons/church/jesmond-parish-church/from/2024-08-22/to/2024-10-03/sort/date/direction/desc/resource/4575/title/the-king-with-authority,https://www.printandaudio.org.uk/app/explore/resources/type/sermons/church/jesmond-parish-church/from/2024-08-22/to/2024-10-03/sort/date/direction/desc/resource/4575/title/the-king-with-authority
